$version Generated by VerilatedVcd $end
$timescale 1ps $end
 $scope module TOP $end
  $var wire 1 " clk_i $end
  $var wire 1 # reset_i $end
  $var wire 2 $ pc_src_i [1:0] $end
  $var wire 1 % stall_fi_i $end
  $var wire 32 & pc_target_ex_i [31:0] $end
  $var wire 32 ' pc_plus4_ex_i [31:0] $end
  $var wire 32 ( pred_pc_target_fi_i [31:0] $end
  $var wire 32 ) pc_fi_o [31:0] $end
  $var wire 32 * pc_plus4_fi_o [31:0] $end
  $scope module fetch_stage $end
   $var wire 1 " clk_i $end
   $var wire 1 # reset_i $end
   $var wire 2 $ pc_src_i [1:0] $end
   $var wire 1 % stall_fi_i $end
   $var wire 32 & pc_target_ex_i [31:0] $end
   $var wire 32 ' pc_plus4_ex_i [31:0] $end
   $var wire 32 ( pred_pc_target_fi_i [31:0] $end
   $var wire 32 ) pc_fi_o [31:0] $end
   $var wire 32 * pc_plus4_fi_o [31:0] $end
   $var wire 32 + pc_next_fi [31:0] $end
   $scope module u_adder_pc_plus4 $end
    $var wire 32 - WIDTH [31:0] $end
    $var wire 32 ) a [31:0] $end
    $var wire 32 . b [31:0] $end
    $var wire 32 * y [31:0] $end
   $upscope $end
   $scope module u_pc_reg $end
    $var wire 32 - WIDTH [31:0] $end
    $var wire 1 " clk_i $end
    $var wire 1 , en $end
    $var wire 1 # reset $end
    $var wire 32 + D [31:0] $end
    $var wire 32 ) Q [31:0] $end
   $upscope $end
  $upscope $end
 $upscope $end
$enddefinitions $end


#0
0"
1#
b00 $
0%
b00000000000000000000000000000000 &
b00000000000000000000000000000000 '
b00000000000000000000000000000000 (
b00000000000000000000000000000000 )
b00000000000000000000000000000100 *
b00000000000000000000000000000100 +
1,
b00000000000000000000000000100000 -
b00000000000000000000000000000100 .
#1
1"
#2
0"
#3
1"
#4
0"
#5
1"
#6
0"
#7
1"
#8
0"
#9
1"
#10
0"
0#
#11
1"
b00000000000000000000000000000100 )
b00000000000000000000000000001000 *
b00000000000000000000000000001000 +
#12
0"
#13
1"
b00000000000000000000000000001000 )
b00000000000000000000000000001100 *
b00000000000000000000000000001100 +
#14
0"
#15
1"
b00000000000000000000000000001100 )
b00000000000000000000000000010000 *
b00000000000000000000000000010000 +
#16
0"
#17
1"
b00000000000000000000000000010000 )
b00000000000000000000000000010100 *
b00000000000000000000000000010100 +
#18
0"
#19
1"
b00000000000000000000000000010100 )
b00000000000000000000000000011000 *
b00000000000000000000000000011000 +
#20
0"
#21
1"
b00000000000000000000000000011000 )
b00000000000000000000000000011100 *
b00000000000000000000000000011100 +
#22
0"
#23
1"
b00000000000000000000000000011100 )
b00000000000000000000000000100000 *
b00000000000000000000000000100000 +
#24
0"
#25
1"
b00000000000000000000000000100000 )
b00000000000000000000000000100100 *
b00000000000000000000000000100100 +
#26
0"
#27
1"
b00000000000000000000000000100100 )
b00000000000000000000000000101000 *
b00000000000000000000000000101000 +
#28
0"
#29
1"
b00000000000000000000000000101000 )
b00000000000000000000000000101100 *
b00000000000000000000000000101100 +
#30
0"
b01 $
b00000000000000000000001000000000 (
b00000000000000000000001000000000 +
#31
1"
b00000000000000000000001000000000 )
b00000000000000000000001000000100 *
#32
0"
b10 $
b00000000000000000000001100000000 '
b00000000000000000000001100000000 +
#33
1"
b00000000000000000000001100000000 )
b00000000000000000000001100000100 *
#34
0"
b11 $
b00000000000000000000010000000000 &
b00000000000000000000010000000000 +
#35
1"
b00000000000000000000010000000000 )
b00000000000000000000010000000100 *
#36
0"
b00 $
b00000000000000000000010000000100 +
#37
1"
b00000000000000000000010000000100 )
b00000000000000000000010000001000 *
b00000000000000000000010000001000 +
#38
0"
1%
0,
#39
1"
#40
0"
#41
1"
#42
0"
#43
1"
#44
0"
#45
1"
#46
0"
#47
1"
#48
0"
b01 $
b00000000000000000000000111000000 &
b00000000000000000000000110111000 '
b00000000000000000000001010100000 (
b00000000000000000000001010100000 +
#49
1"
#50
0"
b10 $
0%
b00000000000000000000000001100000 &
b00000000000000000000001110010000 '
b00000000000000000000000110011000 (
b00000000000000000000001110010000 +
1,
#51
1"
b00000000000000000000001110010000 )
b00000000000000000000001110010100 *
#52
0"
b00 $
1%
b00000000000000000000000001000100 &
b00000000000000000000000001101000 '
b00000000000000000000001100001100 (
b00000000000000000000001110010100 +
0,
#53
1"
#54
0"
b00000000000000000000001111111000 &
b00000000000000000000001001001000 '
b00000000000000000000001011101100 (
#55
1"
#56
0"
0%
b00000000000000000000001001110100 &
b00000000000000000000001001110100 '
b00000000000000000000000111101100 (
1,
#57
1"
b00000000000000000000001110010100 )
b00000000000000000000001110011000 *
b00000000000000000000001110011000 +
#58
0"
1%
b00000000000000000000001101110100 &
b00000000000000000000001011001000 '
b00000000000000000000000100111100 (
0,
#59
1"
#60
0"
b11 $
b00000000000000000000000011110000 &
b00000000000000000000001011001100 '
b00000000000000000000000011011000 (
b00000000000000000000000011110000 +
#61
1"
#62
0"
b00 $
b00000000000000000000001110100000 &
b00000000000000000000001111110000 '
b00000000000000000000000101001000 (
b00000000000000000000001110011000 +
#63
1"
#64
0"
b10 $
0%
b00000000000000000000000100010100 &
b00000000000000000000000101111100 '
b00000000000000000000001101001100 (
b00000000000000000000000101111100 +
1,
#65
1"
b00000000000000000000000101111100 )
b00000000000000000000000110000000 *
#66
0"
b01 $
1%
b00000000000000000000000011001000 &
b00000000000000000000000000011100 '
b00000000000000000000000101001000 (
b00000000000000000000000101001000 +
0,
#67
1"
#68
0"
b00000000000000000000000010001000 &
b00000000000000000000001000101100 '
b00000000000000000000000111100100 (
b00000000000000000000000111100100 +
#69
1"
#70
0"
b10 $
b00000000000000000000000001000000 &
b00000000000000000000000111101100 '
b00000000000000000000000101100100 (
b00000000000000000000000111101100 +
#71
1"
#72
0"
b11 $
0%
b00000000000000000000000010000100 &
b00000000000000000000001001110000 '
b00000000000000000000000111000100 (
b00000000000000000000000010000100 +
1,
#73
1"
b00000000000000000000000010000100 )
b00000000000000000000000010001000 *
#74
0"
b00000000000000000000001101111100 &
b00000000000000000000000011111100 '
b00000000000000000000000111110100 (
b00000000000000000000001101111100 +
#75
1"
b00000000000000000000001101111100 )
b00000000000000000000001110000000 *
#76
0"
b01 $
1%
b00000000000000000000000011010100 &
b00000000000000000000000111011000 '
b00000000000000000000001110110100 (
b00000000000000000000001110110100 +
0,
#77
1"
#78
0"
b00 $
b00000000000000000000001010110000 &
b00000000000000000000000011101000 '
b00000000000000000000001000011000 (
b00000000000000000000001110000000 +
#79
1"
#80
0"
b10 $
0%
b00000000000000000000000110001000 &
b00000000000000000000000010000100 '
b00000000000000000000001011001100 (
b00000000000000000000000010000100 +
1,
#81
1"
b00000000000000000000000010000100 )
b00000000000000000000000010001000 *
#82
0"
b11 $
1%
b00000000000000000000000101101000 &
b00000000000000000000001110101100 '
b00000000000000000000000011101000 (
b00000000000000000000000101101000 +
0,
#83
1"
#84
0"
b00000000000000000000001111100100 &
b00000000000000000000001101010000 '
b00000000000000000000001110011100 (
b00000000000000000000001111100100 +
#85
1"
#86
0"
b10 $
b00000000000000000000000110011100 &
b00000000000000000000000100100100 '
b00000000000000000000000110101000 (
b00000000000000000000000100100100 +
#87
1"
#88
0"
b00 $
0%
b00000000000000000000001111100000 &
b00000000000000000000000001101000 '
b00000000000000000000001111000100 (
b00000000000000000000000010001000 +
1,
#89
1"
b00000000000000000000000010001000 )
b00000000000000000000000010001100 *
b00000000000000000000000010001100 +
#90
0"
b01 $
b00000000000000000000000111000000 &
b00000000000000000000001001000100 '
b00000000000000000000000101110100 (
b00000000000000000000000101110100 +
#91
1"
b00000000000000000000000101110100 )
b00000000000000000000000101111000 *
#92
0"
b11 $
b00000000000000000000001000010100 &
b00000000000000000000000101100100 '
b00000000000000000000001011000100 (
b00000000000000000000001000010100 +
#93
1"
b00000000000000000000001000010100 )
b00000000000000000000001000011000 *
#94
0"
b00 $
b00000000000000000000000111000000 &
b00000000000000000000001001001000 '
b00000000000000000000000001111100 (
b00000000000000000000001000011000 +
#95
1"
b00000000000000000000001000011000 )
b00000000000000000000001000011100 *
b00000000000000000000001000011100 +
#96
0"
b10 $
1%
b00000000000000000000000110101000 &
b00000000000000000000001010001100 '
b00000000000000000000000001101000 (
b00000000000000000000001010001100 +
0,
#97
1"
#98
0"
b01 $
0%
b00000000000000000000000100010100 &
b00000000000000000000001011100100 '
b00000000000000000000000101011100 (
b00000000000000000000000101011100 +
1,
#99
1"
b00000000000000000000000101011100 )
b00000000000000000000000101100000 *
#100
0"
b00 $
1%
b00000000000000000000001101001000 &
b00000000000000000000001010100000 '
b00000000000000000000001011011100 (
b00000000000000000000000101100000 +
0,
#101
1"
#102
0"
b11 $
b00000000000000000000001101101000 &
b00000000000000000000000011001100 '
b00000000000000000000000001111000 (
b00000000000000000000001101101000 +
#103
1"
#104
0"
0%
b00000000000000000000001010111000 &
b00000000000000000000001011110000 '
b00000000000000000000001000001100 (
b00000000000000000000001010111000 +
1,
#105
1"
b00000000000000000000001010111000 )
b00000000000000000000001010111100 *
#106
0"
b00000000000000000000001011011100 &
b00000000000000000000001100111100 '
b00000000000000000000001000011000 (
b00000000000000000000001011011100 +
#107
1"
b00000000000000000000001011011100 )
b00000000000000000000001011100000 *
#108
0"
b00000000000000000000001100101100 &
b00000000000000000000000100000100 '
b00000000000000000000000001110100 (
b00000000000000000000001100101100 +
#109
1"
b00000000000000000000001100101100 )
b00000000000000000000001100110000 *
#110
0"
b01 $
1%
b00000000000000000000000010101100 &
b00000000000000000000000010101100 '
b00000000000000000000000100110000 (
b00000000000000000000000100110000 +
0,
#111
1"
#112
0"
b11 $
b00000000000000000000001110100100 &
b00000000000000000000000101010100 '
b00000000000000000000001000001100 (
b00000000000000000000001110100100 +
#113
1"
#114
0"
b01 $
0%
b00000000000000000000000001000000 &
b00000000000000000000000111101100 '
b00000000000000000000000100101100 (
b00000000000000000000000100101100 +
1,
#115
1"
b00000000000000000000000100101100 )
b00000000000000000000000100110000 *
#116
0"
b10 $
b00000000000000000000000111011000 &
b00000000000000000000001101110100 '
b00000000000000000000000110111000 (
b00000000000000000000001101110100 +
#117
1"
b00000000000000000000001101110100 )
b00000000000000000000001101111000 *
#118
0"
b01 $
b00000000000000000000000110001000 &
b00000000000000000000001011000100 '
b00000000000000000000000000110000 (
b00000000000000000000000000110000 +
#119
1"
b00000000000000000000000000110000 )
b00000000000000000000000000110100 *
#120
0"
b00 $
b00000000000000000000001000011000 &
b00000000000000000000001011001100 '
b00000000000000000000001100100100 (
b00000000000000000000000000110100 +
#121
1"
b00000000000000000000000000110100 )
b00000000000000000000000000111000 *
b00000000000000000000000000111000 +
#122
0"
b11 $
1%
b00000000000000000000000101110000 &
b00000000000000000000001100111100 '
b00000000000000000000001100010000 (
b00000000000000000000000101110000 +
0,
#123
1"
#124
0"
b00 $
0%
b00000000000000000000001001111100 &
b00000000000000000000001001001000 '
b00000000000000000000001010011100 (
b00000000000000000000000000111000 +
1,
#125
1"
b00000000000000000000000000111000 )
b00000000000000000000000000111100 *
b00000000000000000000000000111100 +
#126
0"
b10 $
1%
b00000000000000000000001011111100 &
b00000000000000000000000011001000 '
b00000000000000000000001010111000 (
b00000000000000000000000011001000 +
0,
#127
1"
#128
0"
0%
b00000000000000000000000110000000 &
b00000000000000000000001000000000 '
b00000000000000000000000011110100 (
b00000000000000000000001000000000 +
1,
#129
1"
b00000000000000000000001000000000 )
b00000000000000000000001000000100 *
#130
0"
b00000000000000000000000111101000 &
b00000000000000000000000011000000 '
b00000000000000000000000010101100 (
b00000000000000000000000011000000 +
#131
1"
b00000000000000000000000011000000 )
b00000000000000000000000011000100 *
#132
0"
b00000000000000000000001011001100 &
b00000000000000000000000000110000 '
b00000000000000000000001100101100 (
b00000000000000000000000000110000 +
#133
1"
b00000000000000000000000000110000 )
b00000000000000000000000000110100 *
#134
0"
b00 $
1%
b00000000000000000000000110010000 &
b00000000000000000000001101100100 '
b00000000000000000000000111111000 (
b00000000000000000000000000110100 +
0,
#135
1"
#136
0"
b00000000000000000000001101000000 &
b00000000000000000000001100011100 '
b00000000000000000000000001001100 (
#137
1"
#138
0"
b11 $
b00000000000000000000000100011000 &
b00000000000000000000000011011000 '
b00000000000000000000000001101100 (
b00000000000000000000000100011000 +
#139
1"
#140
0"
b00 $
b00000000000000000000000111110000 &
b00000000000000000000000101010000 '
b00000000000000000000001100000100 (
b00000000000000000000000000110100 +
#141
1"
#142
0"
b01 $
0%
b00000000000000000000000011101100 &
b00000000000000000000000011001100 '
b00000000000000000000000101001000 (
b00000000000000000000000101001000 +
1,
#143
1"
b00000000000000000000000101001000 )
b00000000000000000000000101001100 *
#144
0"
b10 $
1%
b00000000000000000000000110101000 &
b00000000000000000000000001100100 '
b00000000000000000000001100010100 (
b00000000000000000000000001100100 +
0,
#145
1"
#146
0"
0%
b00000000000000000000000111010100 &
b00000000000000000000001001101000 '
b00000000000000000000000110111100 (
b00000000000000000000001001101000 +
1,
#147
1"
b00000000000000000000001001101000 )
b00000000000000000000001001101100 *
#148
0"
b11 $
1%
b00000000000000000000001111000000 &
b00000000000000000000001100010000 '
b00000000000000000000001000101000 (
b00000000000000000000001111000000 +
0,
#149
1"
#150
0"
b00 $
b00000000000000000000000111010000 &
b00000000000000000000000100101000 '
b00000000000000000000000111001000 (
b00000000000000000000001001101100 +
#151
1"
#152
0"
b11 $
b00000000000000000000001011001100 &
b00000000000000000000000000101100 '
b00000000000000000000001001001100 (
b00000000000000000000001011001100 +
#153
1"
#154
0"
b00 $
b00000000000000000000001011011000 &
b00000000000000000000001011000000 '
b00000000000000000000001111100000 (
b00000000000000000000001001101100 +
#155
1"
#156
0"
0%
b00000000000000000000001011001000 &
b00000000000000000000000111001100 '
b00000000000000000000000011000000 (
1,
#157
1"
b00000000000000000000001001101100 )
b00000000000000000000001001110000 *
b00000000000000000000001001110000 +
#158
0"
b11 $
1%
b00000000000000000000001100011000 &
b00000000000000000000001110110000 '
b00000000000000000000000100001100 (
b00000000000000000000001100011000 +
0,
#159
1"
#160
0"
b01 $
0%
b00000000000000000000000000011000 &
b00000000000000000000000010010100 '
b00000000000000000000001010010000 (
b00000000000000000000001010010000 +
1,
#161
1"
b00000000000000000000001010010000 )
b00000000000000000000001010010100 *
#162
0"
1%
b00000000000000000000001101111100 &
b00000000000000000000000000010100 '
b00000000000000000000000111010000 (
b00000000000000000000000111010000 +
0,
#163
1"
#164
0"
0%
b00000000000000000000001011001100 &
b00000000000000000000000000010000 '
b00000000000000000000001010000000 (
b00000000000000000000001010000000 +
1,
#165
1"
b00000000000000000000001010000000 )
b00000000000000000000001010000100 *
#166
0"
b10 $
1%
b00000000000000000000000110010100 &
b00000000000000000000001111110000 '
b00000000000000000000000010100100 (
b00000000000000000000001111110000 +
0,
#167
1"
#168
0"
b01 $
b00000000000000000000000011111100 &
b00000000000000000000000000111100 '
b00000000000000000000000111100000 (
b00000000000000000000000111100000 +
#169
1"
#170
0"
b11 $
b00000000000000000000000010000100 &
b00000000000000000000000011010100 '
b00000000000000000000000111001100 (
b00000000000000000000000010000100 +
#171
1"
#172
0"
b00 $
0%
b00000000000000000000000101001100 &
b00000000000000000000000110101100 '
b00000000000000000000001001000000 (
b00000000000000000000001010000100 +
1,
#173
1"
b00000000000000000000001010000100 )
b00000000000000000000001010001000 *
b00000000000000000000001010001000 +
#174
0"
b11 $
b00000000000000000000001011100100 &
b00000000000000000000001101011100 '
b00000000000000000000000000000100 (
b00000000000000000000001011100100 +
#175
1"
b00000000000000000000001011100100 )
b00000000000000000000001011101000 *
#176
0"
b01 $
b00000000000000000000001001010100 &
b00000000000000000000001110000000 '
b00000000000000000000000010110100 (
b00000000000000000000000010110100 +
#177
1"
b00000000000000000000000010110100 )
b00000000000000000000000010111000 *
#178
0"
1%
b00000000000000000000001010011000 &
b00000000000000000000001001101000 '
b00000000000000000000000010001100 (
b00000000000000000000000010001100 +
0,
#179
1"
#180
0"
b11 $
0%
b00000000000000000000000010100000 &
b00000000000000000000000000111000 '
b00000000000000000000000000011100 (
b00000000000000000000000010100000 +
1,
#181
1"
b00000000000000000000000010100000 )
b00000000000000000000000010100100 *
#182
0"
b00 $
b00000000000000000000001000111000 &
b00000000000000000000001100000100 '
b00000000000000000000001011001100 (
b00000000000000000000000010100100 +
#183
1"
b00000000000000000000000010100100 )
b00000000000000000000000010101000 *
b00000000000000000000000010101000 +
#184
0"
b10 $
b00000000000000000000000001111000 &
b00000000000000000000000101010100 '
b00000000000000000000001001000100 (
b00000000000000000000000101010100 +
#185
1"
b00000000000000000000000101010100 )
b00000000000000000000000101011000 *
#186
0"
1%
b00000000000000000000001000110100 &
b00000000000000000000000110011100 '
b00000000000000000000000010010000 (
b00000000000000000000000110011100 +
0,
#187
1"
#188
0"
b00000000000000000000000100110000 &
b00000000000000000000000010001100 '
b00000000000000000000000111010100 (
b00000000000000000000000010001100 +
#189
1"
#190
0"
b01 $
b00000000000000000000001001110000 &
b00000000000000000000000001111100 '
b00000000000000000000001111001100 (
b00000000000000000000001111001100 +
#191
1"
#192
0"
b00 $
0%
b00000000000000000000001110101100 &
b00000000000000000000001110100000 '
b00000000000000000000001111110100 (
b00000000000000000000000101011000 +
1,
#193
1"
b00000000000000000000000101011000 )
b00000000000000000000000101011100 *
b00000000000000000000000101011100 +
#194
0"
b11 $
1%
b00000000000000000000000111101100 &
b00000000000000000000001000000100 '
b00000000000000000000000100101000 (
b00000000000000000000000111101100 +
0,
#195
1"
#196
0"
b10 $
b00000000000000000000000111000000 &
b00000000000000000000000100110000 '
b00000000000000000000001101100100 (
b00000000000000000000000100110000 +
#197
1"
#198
0"
b01 $
0%
b00000000000000000000000010011000 &
b00000000000000000000001000111000 '
b00000000000000000000000110001000 (
b00000000000000000000000110001000 +
1,
#199
1"
b00000000000000000000000110001000 )
b00000000000000000000000110001100 *
#200
0"
b10 $
b00000000000000000000001111011100 &
b00000000000000000000001001011000 '
b00000000000000000000000100000000 (
b00000000000000000000001001011000 +
#201
1"
b00000000000000000000001001011000 )
b00000000000000000000001001011100 *
#202
0"
b00 $
b00000000000000000000001001100100 &
b00000000000000000000000000100100 '
b00000000000000000000000010111100 (
b00000000000000000000001001011100 +
#203
1"
b00000000000000000000001001011100 )
b00000000000000000000001001100000 *
b00000000000000000000001001100000 +
#204
0"
1%
b00000000000000000000000001111000 &
b00000000000000000000000111100000 '
b00000000000000000000001011000100 (
0,
#205
1"
#206
0"
b11 $
b00000000000000000000000011101000 &
b00000000000000000000001001011000 '
b00000000000000000000001110110000 (
b00000000000000000000000011101000 +
#207
1"
#208
0"
b01 $
0%
b00000000000000000000000111000000 &
b00000000000000000000001111010100 '
b00000000000000000000000001000100 (
b00000000000000000000000001000100 +
1,
#209
1"
b00000000000000000000000001000100 )
b00000000000000000000000001001000 *
#210
0"
1%
b00000000000000000000000000101100 &
b00000000000000000000000110111100 '
b00000000000000000000001000010100 (
b00000000000000000000001000010100 +
0,
#211
1"
#212
0"
b00000000000000000000001010001000 &
b00000000000000000000000110010000 '
b00000000000000000000000100111100 (
b00000000000000000000000100111100 +
#213
1"
#214
0"
b10 $
b00000000000000000000000101111100 &
b00000000000000000000000111101100 '
b00000000000000000000001101101000 (
b00000000000000000000000111101100 +
#215
1"
#216
0"
b11 $
b00000000000000000000001010001100 &
b00000000000000000000001010110100 '
b00000000000000000000000111111100 (
b00000000000000000000001010001100 +
#217
1"
#218
0"
b00 $
0%
b00000000000000000000001110101000 &
b00000000000000000000001000111100 '
b00000000000000000000000101111000 (
b00000000000000000000000001001000 +
1,
#219
1"
b00000000000000000000000001001000 )
b00000000000000000000000001001100 *
b00000000000000000000000001001100 +
#220
0"
b11 $
b00000000000000000000000010001000 &
b00000000000000000000000100011100 '
b00000000000000000000000000100100 (
b00000000000000000000000010001000 +
#221
1"
b00000000000000000000000010001000 )
b00000000000000000000000010001100 *
#222
0"
b00000000000000000000000000000000 &
b00000000000000000000000011111100 '
b00000000000000000000001111111100 (
b00000000000000000000000000000000 +
#223
1"
b00000000000000000000000000000000 )
b00000000000000000000000000000100 *
#224
0"
b10 $
b00000000000000000000001011100000 &
b00000000000000000000000010100000 '
b00000000000000000000000001000100 (
b00000000000000000000000010100000 +
#225
1"
b00000000000000000000000010100000 )
b00000000000000000000000010100100 *
#226
0"
b11 $
b00000000000000000000001110001000 &
b00000000000000000000000110011100 '
b00000000000000000000001000010100 (
b00000000000000000000001110001000 +
#227
1"
b00000000000000000000001110001000 )
b00000000000000000000001110001100 *
#228
0"
b00 $
b00000000000000000000001000110000 &
b00000000000000000000000101111100 '
b00000000000000000000001010001100 (
b00000000000000000000001110001100 +
#229
1"
b00000000000000000000001110001100 )
b00000000000000000000001110010000 *
b00000000000000000000001110010000 +
#230
0"
1%
b00000000000000000000000110101100 &
b00000000000000000000001111011000 '
b00000000000000000000000100001000 (
0,
#231
1"
#232
0"
b01 $
b00000000000000000000000101011000 &
b00000000000000000000001110101100 '
b00000000000000000000000001010000 (
b00000000000000000000000001010000 +
#233
1"
#234
0"
b00 $
b00000000000000000000001010010000 &
b00000000000000000000000110000000 '
b00000000000000000000000101111000 (
b00000000000000000000001110010000 +
#235
1"
#236
0"
b11 $
0%
b00000000000000000000000000101000 &
b00000000000000000000000101101100 '
b00000000000000000000000000111000 (
b00000000000000000000000000101000 +
1,
#237
1"
b00000000000000000000000000101000 )
b00000000000000000000000000101100 *
#238
0"
1%
b00000000000000000000000001100000 &
b00000000000000000000001111110100 '
b00000000000000000000001100101000 (
b00000000000000000000000001100000 +
0,
#239
1"
#240
0"
b01 $
b00000000000000000000001100000000 &
b00000000000000000000000010101000 '
b00000000000000000000000001100000 (
#241
1"
#242
0"
b11 $
0%
b00000000000000000000001100110000 &
b00000000000000000000001100111000 '
b00000000000000000000000010110000 (
b00000000000000000000001100110000 +
1,
#243
1"
b00000000000000000000001100110000 )
b00000000000000000000001100110100 *
#244
0"
b10 $
1%
b00000000000000000000001111101000 &
b00000000000000000000000110010100 '
b00000000000000000000001000001000 (
b00000000000000000000000110010100 +
0,
#245
1"
#246
0"
b00000000000000000000001010000100 &
b00000000000000000000001011001100 '
b00000000000000000000000010010100 (
b00000000000000000000001011001100 +
#247
1"
#248
0"
b11 $
0%
b00000000000000000000000000110000 &
b00000000000000000000000000101000 '
b00000000000000000000001011001000 (
b00000000000000000000000000110000 +
1,
#249
1"
b00000000000000000000000000110000 )
b00000000000000000000000000110100 *
#250
0"
b10 $
1%
b00000000000000000000000001010100 &
b00000000000000000000000011001100 '
b00000000000000000000000010001100 (
b00000000000000000000000011001100 +
0,
#251
1"
#252
0"
b11 $
0%
b00000000000000000000001101110000 &
b00000000000000000000001001111100 '
b00000000000000000000001111101000 (
b00000000000000000000001101110000 +
1,
#253
1"
b00000000000000000000001101110000 )
b00000000000000000000001101110100 *
#254
0"
b01 $
b00000000000000000000000011000000 &
b00000000000000000000001100000100 '
b00000000000000000000001101000000 (
b00000000000000000000001101000000 +
#255
1"
b00000000000000000000001101000000 )
b00000000000000000000001101000100 *
#256
0"
1%
b00000000000000000000000110011100 &
b00000000000000000000000101011100 '
b00000000000000000000000011010000 (
b00000000000000000000000011010000 +
0,
#257
1"
#258
0"
b00000000000000000000001111100100 &
b00000000000000000000001000101100 '
b00000000000000000000000001100000 (
b00000000000000000000000001100000 +
#259
1"
#260
0"
b11 $
0%
b00000000000000000000000110111100 &
b00000000000000000000000010101100 '
b00000000000000000000001001010000 (
b00000000000000000000000110111100 +
1,
#261
1"
b00000000000000000000000110111100 )
b00000000000000000000000111000000 *
#262
0"
b01 $
1%
b00000000000000000000001011101000 &
b00000000000000000000000011011000 '
b00000000000000000000000111100000 (
b00000000000000000000000111100000 +
0,
#263
1"
#264
0"
b00000000000000000000000100100100 &
b00000000000000000000001011100100 '
b00000000000000000000001011010000 (
b00000000000000000000001011010000 +
#265
1"
#266
0"
b11 $
0%
b00000000000000000000001011011000 &
b00000000000000000000000111010000 '
b00000000000000000000000110111100 (
b00000000000000000000001011011000 +
1,
#267
1"
b00000000000000000000001011011000 )
b00000000000000000000001011011100 *
#268
0"
b10 $
1%
b00000000000000000000000011111100 &
b00000000000000000000001110110100 '
b00000000000000000000000010100000 (
b00000000000000000000001110110100 +
0,
#269
1"
#270
0"
b11 $
0%
b00000000000000000000001000110100 &
b00000000000000000000000110110100 '
b00000000000000000000000110000100 (
b00000000000000000000001000110100 +
1,
#271
1"
b00000000000000000000001000110100 )
b00000000000000000000001000111000 *
#272
0"
b10 $
b00000000000000000000001110110000 &
b00000000000000000000000001010100 '
b00000000000000000000001011011100 (
b00000000000000000000000001010100 +
#273
1"
b00000000000000000000000001010100 )
b00000000000000000000000001011000 *
#274
0"
b00 $
b00000000000000000000001111110000 &
b00000000000000000000000011101000 '
b00000000000000000000000110110000 (
b00000000000000000000000001011000 +
#275
1"
b00000000000000000000000001011000 )
b00000000000000000000000001011100 *
b00000000000000000000000001011100 +
#276
0"
b01 $
1%
b00000000000000000000001000000100 &
b00000000000000000000001011111000 '
b00000000000000000000001101000100 (
b00000000000000000000001101000100 +
0,
#277
1"
#278
0"
b00000000000000000000000111111100 &
b00000000000000000000001110101100 '
b00000000000000000000000111010100 (
b00000000000000000000000111010100 +
#279
1"
#280
0"
b11 $
b00000000000000000000000100011000 &
b00000000000000000000000010111000 '
b00000000000000000000000101111000 (
b00000000000000000000000100011000 +
#281
1"
#282
0"
b10 $
b00000000000000000000000011010000 &
b00000000000000000000001111110000 '
b00000000000000000000000000111000 (
b00000000000000000000001111110000 +
#283
1"
#284
0"
0%
b00000000000000000000001001101000 &
b00000000000000000000001000001000 '
b00000000000000000000001011011100 (
b00000000000000000000001000001000 +
1,
#285
1"
b00000000000000000000001000001000 )
b00000000000000000000001000001100 *
#286
0"
b01 $
b00000000000000000000001110110100 &
b00000000000000000000000100111000 '
b00000000000000000000000011110100 (
b00000000000000000000000011110100 +
#287
1"
b00000000000000000000000011110100 )
b00000000000000000000000011111000 *
#288
0"
1%
b00000000000000000000000101010000 &
b00000000000000000000001101101000 '
b00000000000000000000001000000100 (
b00000000000000000000001000000100 +
0,
#289
1"
#290
0"
b00000000000000000000001000001000 &
b00000000000000000000001010010100 '
b00000000000000000000001111101000 (
b00000000000000000000001111101000 +
#291
1"
#292
0"
b00 $
0%
b00000000000000000000000110101100 &
b00000000000000000000000011111000 '
b00000000000000000000001100001000 (
b00000000000000000000000011111000 +
1,
#293
1"
b00000000000000000000000011111000 )
b00000000000000000000000011111100 *
b00000000000000000000000011111100 +
#294
0"
b01 $
1%
b00000000000000000000000110001100 &
b00000000000000000000001111110100 '
b00000000000000000000001010100100 (
b00000000000000000000001010100100 +
0,
#295
1"
#296
0"
b10 $
b00000000000000000000000100101100 &
b00000000000000000000000000110000 '
b00000000000000000000000001010100 (
b00000000000000000000000000110000 +
#297
1"
#298
0"
0%
b00000000000000000000000001100000 &
b00000000000000000000001110111100 '
b00000000000000000000001010110000 (
b00000000000000000000001110111100 +
1,
#299
1"
b00000000000000000000001110111100 )
b00000000000000000000001111000000 *
#300
0"
b01 $
b00000000000000000000000110111100 &
b00000000000000000000001010100100 '
b00000000000000000000000010001000 (
b00000000000000000000000010001000 +
#301
1"
b00000000000000000000000010001000 )
b00000000000000000000000010001100 *
#302
0"
b00 $
1%
b00000000000000000000000011000100 &
b00000000000000000000000111001000 '
b00000000000000000000000111010000 (
b00000000000000000000000010001100 +
0,
#303
1"
#304
0"
b11 $
0%
b00000000000000000000000000100000 &
b00000000000000000000001001011000 '
b00000000000000000000001010100100 (
b00000000000000000000000000100000 +
1,
#305
1"
b00000000000000000000000000100000 )
b00000000000000000000000000100100 *
#306
0"
b10 $
1%
b00000000000000000000000101011000 &
b00000000000000000000000010110100 '
b00000000000000000000000101110000 (
b00000000000000000000000010110100 +
0,
#307
1"
#308
0"
b11 $
b00000000000000000000001111000000 &
b00000000000000000000000100101000 '
b00000000000000000000001010110000 (
b00000000000000000000001111000000 +
#309
1"
#310
0"
b01 $
0%
b00000000000000000000000000101000 &
b00000000000000000000000001110100 '
b00000000000000000000000011101100 (
b00000000000000000000000011101100 +
1,
#311
1"
b00000000000000000000000011101100 )
b00000000000000000000000011110000 *
#312
0"
b10 $
b00000000000000000000001000001100 &
b00000000000000000000000010010100 '
b00000000000000000000000001110000 (
b00000000000000000000000010010100 +
#313
1"
b00000000000000000000000010010100 )
b00000000000000000000000010011000 *
#314
0"
b01 $
1%
b00000000000000000000001110101100 &
b00000000000000000000001101011000 '
b00000000000000000000001000011100 (
b00000000000000000000001000011100 +
0,
#315
1"
#316
0"
b11 $
b00000000000000000000001111001000 &
b00000000000000000000000110011100 '
b00000000000000000000001001011100 (
b00000000000000000000001111001000 +
#317
1"
#318
0"
b00000000000000000000001111011000 &
b00000000000000000000001111000100 '
b00000000000000000000000101111000 (
b00000000000000000000001111011000 +
#319
1"
#320
0"
b10 $
0%
b00000000000000000000001111111000 &
b00000000000000000000000100001000 '
b00000000000000000000000011101000 (
b00000000000000000000000100001000 +
1,
#321
1"
b00000000000000000000000100001000 )
b00000000000000000000000100001100 *
#322
0"
b00000000000000000000001000011000 &
b00000000000000000000001011010000 '
b00000000000000000000000110010100 (
b00000000000000000000001011010000 +
#323
1"
b00000000000000000000001011010000 )
b00000000000000000000001011010100 *
#324
0"
b01 $
b00000000000000000000001101100000 &
b00000000000000000000000100010000 '
b00000000000000000000001000111100 (
b00000000000000000000001000111100 +
#325
1"
b00000000000000000000001000111100 )
b00000000000000000000001001000000 *
#326
0"
b00 $
1%
b00000000000000000000001010010000 &
b00000000000000000000001101111100 '
b00000000000000000000001011111100 (
b00000000000000000000001001000000 +
0,
#327
1"
#328
0"
b11 $
0%
b00000000000000000000001100000000 &
b00000000000000000000000001110100 '
b00000000000000000000001010010100 (
b00000000000000000000001100000000 +
1,
#329
1"
b00000000000000000000001100000000 )
b00000000000000000000001100000100 *
#330
0"
b00000000000000000000001101011000 &
b00000000000000000000000100110100 '
b00000000000000000000001010100100 (
b00000000000000000000001101011000 +
#331
1"
b00000000000000000000001101011000 )
b00000000000000000000001101011100 *
#332
0"
b00 $
1%
b00000000000000000000001001100100 &
b00000000000000000000000011001000 '
b00000000000000000000001110001000 (
b00000000000000000000001101011100 +
0,
#333
1"
#334
0"
b11 $
0%
b00000000000000000000000010101000 &
b00000000000000000000000101100100 '
b00000000000000000000001001000000 (
b00000000000000000000000010101000 +
1,
#335
1"
b00000000000000000000000010101000 )
b00000000000000000000000010101100 *
#336
0"
b00000000000000000000001111101000 &
b00000000000000000000000110011100 '
b00000000000000000000000101111000 (
b00000000000000000000001111101000 +
#337
1"
b00000000000000000000001111101000 )
b00000000000000000000001111101100 *
#338
0"
b01 $
1%
b00000000000000000000000100011100 &
b00000000000000000000000010110100 '
b00000000000000000000000011101000 (
b00000000000000000000000011101000 +
0,
#339
1"
#340
0"
b10 $
b00000000000000000000000111100000 &
b00000000000000000000001100011000 '
b00000000000000000000000111011000 (
b00000000000000000000001100011000 +
#341
1"
#342
0"
b01 $
b00000000000000000000000010111100 &
b00000000000000000000001111001100 '
b00000000000000000000000110101000 (
b00000000000000000000000110101000 +
#343
1"
#344
0"
b00 $
0%
b00000000000000000000000000101000 &
b00000000000000000000000111001000 '
b00000000000000000000000101101000 (
b00000000000000000000001111101100 +
1,
#345
1"
b00000000000000000000001111101100 )
b00000000000000000000001111110000 *
b00000000000000000000001111110000 +
#346
0"
1%
b00000000000000000000000011011100 &
b00000000000000000000000001011000 '
b00000000000000000000001001111100 (
0,
#347
1"
#348
0"
b11 $
b00000000000000000000001011100100 &
b00000000000000000000001100001000 '
b00000000000000000000000000110100 (
b00000000000000000000001011100100 +
#349
1"
#350
0"
b00 $
b00000000000000000000000110100000 &
b00000000000000000000000101111100 '
b00000000000000000000000111100100 (
b00000000000000000000001111110000 +
#351
1"
#352
0"
b11 $
0%
b00000000000000000000001101001000 &
b00000000000000000000000001101100 '
b00000000000000000000000010110000 (
b00000000000000000000001101001000 +
1,
#353
1"
b00000000000000000000001101001000 )
b00000000000000000000001101001100 *
#354
0"
b00 $
1%
b00000000000000000000000100101000 &
b00000000000000000000000111011100 '
b00000000000000000000001101001100 +
0,
#355
1"
#356
0"
0%
b00000000000000000000000101010000 &
b00000000000000000000001011111000 '
b00000000000000000000001100001000 (
1,
#357
1"
b00000000000000000000001101001100 )
b00000000000000000000001101010000 *
b00000000000000000000001101010000 +
#358
0"
b11 $
b00000000000000000000000000011100 &
b00000000000000000000001110011000 '
b00000000000000000000001100000000 (
b00000000000000000000000000011100 +
#359
1"
b00000000000000000000000000011100 )
b00000000000000000000000000100000 *
#360
0"
b10 $
1%
b00000000000000000000000110011000 &
b00000000000000000000000110000000 '
b00000000000000000000000110111100 (
b00000000000000000000000110000000 +
0,
#361
1"
#362
0"
b11 $
0%
b00000000000000000000001011101100 &
b00000000000000000000001101101100 '
b00000000000000000000001101011100 (
b00000000000000000000001011101100 +
1,
#363
1"
b00000000000000000000001011101100 )
b00000000000000000000001011110000 *
#364
0"
b00 $
b00000000000000000000000011110100 &
b00000000000000000000000000011000 '
b00000000000000000000001001101000 (
b00000000000000000000001011110000 +
#365
1"
b00000000000000000000001011110000 )
b00000000000000000000001011110100 *
b00000000000000000000001011110100 +
#366
0"
b10 $
b00000000000000000000001101001100 &
b00000000000000000000001011010000 '
b00000000000000000000001100011000 (
b00000000000000000000001011010000 +
#367
1"
b00000000000000000000001011010000 )
b00000000000000000000001011010100 *
#368
0"
b11 $
b00000000000000000000000001011000 &
b00000000000000000000000101010000 '
b00000000000000000000000010011100 (
b00000000000000000000000001011000 +
#369
1"
b00000000000000000000000001011000 )
b00000000000000000000000001011100 *
#370
0"
b00 $
1%
b00000000000000000000001101000100 &
b00000000000000000000001101111100 '
b00000000000000000000001110100100 (
b00000000000000000000000001011100 +
0,
#371
1"
#372
0"
b10 $
0%
b00000000000000000000001001011000 &
b00000000000000000000001111100000 '
b00000000000000000000001110011000 (
b00000000000000000000001111100000 +
1,
#373
1"
b00000000000000000000001111100000 )
b00000000000000000000001111100100 *
#374
0"
1%
b00000000000000000000000101111000 &
b00000000000000000000001100000100 '
b00000000000000000000000100011000 (
b00000000000000000000001100000100 +
0,
#375
1"
#376
0"
b01 $
b00000000000000000000001100010100 &
b00000000000000000000000111001100 '
b00000000000000000000001111101100 (
b00000000000000000000001111101100 +
#377
1"
#378
0"
b11 $
b00000000000000000000000100100100 &
b00000000000000000000000011001000 '
b00000000000000000000001001000100 (
b00000000000000000000000100100100 +
#379
1"
#380
0"
b00000000000000000000001111100100 &
b00000000000000000000000010010100 '
b00000000000000000000001000010100 (
b00000000000000000000001111100100 +
#381
1"
#382
0"
b00 $
b00000000000000000000001000100000 &
b00000000000000000000001111001000 '
b00000000000000000000001101110100 (
#383
1"
#384
0"
b01 $
0%
b00000000000000000000000110001100 &
b00000000000000000000000000100000 '
b00000000000000000000000111110000 (
b00000000000000000000000111110000 +
1,
#385
1"
b00000000000000000000000111110000 )
b00000000000000000000000111110100 *
#386
0"
b00000000000000000000001110011100 &
b00000000000000000000001010011100 '
b00000000000000000000001100111100 (
b00000000000000000000001100111100 +
#387
1"
b00000000000000000000001100111100 )
b00000000000000000000001101000000 *
#388
0"
b00000000000000000000001100010000 &
b00000000000000000000001111001000 '
b00000000000000000000000100111100 (
b00000000000000000000000100111100 +
#389
1"
b00000000000000000000000100111100 )
b00000000000000000000000101000000 *
#390
0"
b11 $
1%
b00000000000000000000000010110000 &
b00000000000000000000000000100000 '
b00000000000000000000001000001100 (
b00000000000000000000000010110000 +
0,
#391
1"
#392
0"
b01 $
0%
b00000000000000000000001011010100 &
b00000000000000000000001011011100 '
b00000000000000000000000011110100 (
b00000000000000000000000011110100 +
1,
#393
1"
b00000000000000000000000011110100 )
b00000000000000000000000011111000 *
#394
0"
b10 $
1%
b00000000000000000000000011101100 &
b00000000000000000000001100001100 '
b00000000000000000000001100100100 (
b00000000000000000000001100001100 +
0,
#395
1"
#396
0"
b00 $
0%
b00000000000000000000000100110100 &
b00000000000000000000000111101100 '
b00000000000000000000000011110000 (
b00000000000000000000000011111000 +
1,
#397
1"
b00000000000000000000000011111000 )
b00000000000000000000000011111100 *
b00000000000000000000000011111100 +
#398
0"
b01 $
b00000000000000000000000100101000 &
b00000000000000000000001011000000 '
b00000000000000000000000110101100 (
b00000000000000000000000110101100 +
#399
1"
b00000000000000000000000110101100 )
b00000000000000000000000110110000 *
#400
0"
b00000000000000000000000100011100 &
b00000000000000000000001101110100 '
b00000000000000000000001101000000 (
b00000000000000000000001101000000 +
#401
1"
b00000000000000000000001101000000 )
b00000000000000000000001101000100 *
#402
0"
b11 $
b00000000000000000000000010001000 &
b00000000000000000000001100001100 '
b00000000000000000000001010010100 (
b00000000000000000000000010001000 +
#403
1"
b00000000000000000000000010001000 )
b00000000000000000000000010001100 *
#404
0"
b01 $
1%
b00000000000000000000001011110100 &
b00000000000000000000000101101000 '
b00000000000000000000000011100000 (
b00000000000000000000000011100000 +
0,
#405
1"
#406
0"
b10 $
b00000000000000000000000000111100 &
b00000000000000000000000011010100 '
b00000000000000000000000101100000 (
b00000000000000000000000011010100 +
#407
1"
#408
0"
b01 $
b00000000000000000000001000110000 &
b00000000000000000000000010011000 '
b00000000000000000000001100100000 (
b00000000000000000000001100100000 +
#409
1"
#410
0"
0%
b00000000000000000000000001001100 '
b00000000000000000000001010000000 (
b00000000000000000000001010000000 +
1,
#411
1"
b00000000000000000000001010000000 )
b00000000000000000000001010000100 *
#412
0"
b11 $
1%
b00000000000000000000000111111000 &
b00000000000000000000000011111100 '
b00000000000000000000000000101000 (
b00000000000000000000000111111000 +
0,
#413
1"
#414
0"
0%
b00000000000000000000001010011100 &
b00000000000000000000000111000100 '
b00000000000000000000001001100100 (
b00000000000000000000001010011100 +
1,
#415
1"
b00000000000000000000001010011100 )
b00000000000000000000001010100000 *
#416
0"
b00 $
b00000000000000000000000001101000 &
b00000000000000000000000000100100 '
b00000000000000000000000111000100 (
b00000000000000000000001010100000 +
#417
1"
b00000000000000000000001010100000 )
b00000000000000000000001010100100 *
b00000000000000000000001010100100 +
#418
0"
b10 $
1%
b00000000000000000000000000011000 &
b00000000000000000000000110001000 '
b00000000000000000000000011100100 (
b00000000000000000000000110001000 +
0,
#419
1"
#420
0"
b00000000000000000000001000011000 &
b00000000000000000000001110101000 '
b00000000000000000000000110000100 (
b00000000000000000000001110101000 +
#421
1"
#422
0"
b11 $
b00000000000000000000000101000100 &
b00000000000000000000001101101100 '
b00000000000000000000001100011100 (
b00000000000000000000000101000100 +
#423
1"
#424
0"
b10 $
b00000000000000000000001111010000 &
b00000000000000000000000111000000 '
b00000000000000000000000001001000 (
b00000000000000000000000111000000 +
#425
1"
#426
0"
b00000000000000000000001110100000 &
b00000000000000000000001010010100 '
b00000000000000000000000011000000 (
b00000000000000000000001010010100 +
#427
1"
#428
0"
b01 $
b00000000000000000000000100011100 &
b00000000000000000000001001110000 '
b00000000000000000000001111101000 (
b00000000000000000000001111101000 +
#429
1"
#430
0"
b00 $
0%
b00000000000000000000001111111000 &
b00000000000000000000001011111000 '
b00000000000000000000000101000000 (
b00000000000000000000001010100100 +
1,
#431
1"
b00000000000000000000001010100100 )
b00000000000000000000001010101000 *
b00000000000000000000001010101000 +
#432
0"
b11 $
b00000000000000000000001000101100 &
b00000000000000000000001011110100 '
b00000000000000000000000000011000 (
b00000000000000000000001000101100 +
#433
1"
b00000000000000000000001000101100 )
b00000000000000000000001000110000 *
#434
0"
b01 $
b00000000000000000000001011101000 &
b00000000000000000000000011111000 '
b00000000000000000000001110100000 (
b00000000000000000000001110100000 +
#435
1"
b00000000000000000000001110100000 )
b00000000000000000000001110100100 *
#436
0"
b00000000000000000000001011101100 &
b00000000000000000000000111010100 '
b00000000000000000000001010000100 (
b00000000000000000000001010000100 +
#437
1"
b00000000000000000000001010000100 )
b00000000000000000000001010001000 *
#438
0"
1%
b00000000000000000000000110000000 &
b00000000000000000000001011010100 '
b00000000000000000000000001100100 (
b00000000000000000000000001100100 +
0,
#439
1"
#440
0"
0%
b00000000000000000000000000101000 &
b00000000000000000000001101100000 '
b00000000000000000000001101001000 (
b00000000000000000000001101001000 +
1,
#441
1"
b00000000000000000000001101001000 )
b00000000000000000000001101001100 *
#442
0"
b00000000000000000000001100000100 &
b00000000000000000000000000001100 '
b00000000000000000000000100111000 (
b00000000000000000000000100111000 +
#443
1"
b00000000000000000000000100111000 )
b00000000000000000000000100111100 *
#444
0"
b00000000000000000000000110101000 &
b00000000000000000000001001110100 '
b00000000000000000000001111011100 (
b00000000000000000000001111011100 +
#445
1"
b00000000000000000000001111011100 )
b00000000000000000000001111100000 *
#446
0"
b00 $
b00000000000000000000000000010000 &
b00000000000000000000000010101000 '
b00000000000000000000001100100000 (
b00000000000000000000001111100000 +
#447
1"
b00000000000000000000001111100000 )
b00000000000000000000001111100100 *
b00000000000000000000001111100100 +
#448
0"
1%
b00000000000000000000001111100100 &
b00000000000000000000001010011100 '
b00000000000000000000000010000000 (
0,
#449
1"
#450
0"
b10 $
0%
b00000000000000000000001001010000 &
b00000000000000000000001111101000 '
b00000000000000000000000010100100 (
b00000000000000000000001111101000 +
1,
#451
1"
b00000000000000000000001111101000 )
b00000000000000000000001111101100 *
#452
0"
b01 $
1%
b00000000000000000000000101111100 &
b00000000000000000000001011011100 '
b00000000000000000000000110001100 (
b00000000000000000000000110001100 +
0,
#453
1"
#454
0"
b10 $
0%
b00000000000000000000001111001100 &
b00000000000000000000001111001100 '
b00000000000000000000001011111100 (
b00000000000000000000001111001100 +
1,
#455
1"
b00000000000000000000001111001100 )
b00000000000000000000001111010000 *
#456
0"
b01 $
b00000000000000000000001111100100 &
b00000000000000000000001010101100 '
b00000000000000000000001010000100 (
b00000000000000000000001010000100 +
#457
1"
b00000000000000000000001010000100 )
b00000000000000000000001010001000 *
#458
0"
b00000000000000000000000010101100 &
b00000000000000000000001111010100 '
b00000000000000000000000100011000 (
b00000000000000000000000100011000 +
#459
1"
b00000000000000000000000100011000 )
b00000000000000000000000100011100 *
#460
0"
b00 $
1%
b00000000000000000000001111001000 &
b00000000000000000000001110110100 '
b00000000000000000000001000100000 (
b00000000000000000000000100011100 +
0,
#461
1"
#462
0"
b10 $
b00000000000000000000001111110000 &
b00000000000000000000001010011000 '
b00000000000000000000001000000100 (
b00000000000000000000001010011000 +
#463
1"
#464
0"
b01 $
b00000000000000000000000000110100 &
b00000000000000000000001000010000 '
b00000000000000000000000000101100 (
b00000000000000000000000000101100 +
#465
1"
#466
0"
b00 $
0%
b00000000000000000000001100011100 &
b00000000000000000000000110010000 '
b00000000000000000000001010100100 (
b00000000000000000000000100011100 +
1,
#467
1"
b00000000000000000000000100011100 )
b00000000000000000000000100100000 *
b00000000000000000000000100100000 +
#468
0"
b11 $
1%
b00000000000000000000001010111000 &
b00000000000000000000001000000000 '
b00000000000000000000000101000100 (
b00000000000000000000001010111000 +
0,
#469
1"
#470
0"
b00000000000000000000000110110100 &
b00000000000000000000000111101100 '
b00000000000000000000000110011000 (
b00000000000000000000000110110100 +
#471
1"
#472
0"
b00000000000000000000000100011100 &
b00000000000000000000001010010100 '
b00000000000000000000000101110000 (
b00000000000000000000000100011100 +
#473
1"
#474
0"
0%
b00000000000000000000001110001100 &
b00000000000000000000001100101100 '
b00000000000000000000000101111000 (
b00000000000000000000001110001100 +
1,
#475
1"
b00000000000000000000001110001100 )
b00000000000000000000001110010000 *
#476
0"
b00 $
b00000000000000000000001011001000 &
b00000000000000000000000111000100 '
b00000000000000000000000111010100 (
b00000000000000000000001110010000 +
#477
1"
b00000000000000000000001110010000 )
b00000000000000000000001110010100 *
b00000000000000000000001110010100 +
#478
0"
b01 $
b00000000000000000000000010101100 &
b00000000000000000000001000010000 '
b00000000000000000000000100011000 (
b00000000000000000000000100011000 +
#479
1"
b00000000000000000000000100011000 )
b00000000000000000000000100011100 *
#480
0"
1%
b00000000000000000000001110101100 &
b00000000000000000000001000001100 '
b00000000000000000000001000110000 (
b00000000000000000000001000110000 +
0,
#481
1"
#482
0"
b00 $
0%
b00000000000000000000001111110100 &
b00000000000000000000001010100100 '
b00000000000000000000000100110100 (
b00000000000000000000000100011100 +
1,
#483
1"
b00000000000000000000000100011100 )
b00000000000000000000000100100000 *
b00000000000000000000000100100000 +
#484
0"
1%
b00000000000000000000001011110000 &
b00000000000000000000001010101100 '
b00000000000000000000000000001000 (
0,
#485
1"
#486
0"
b00000000000000000000001011101000 &
b00000000000000000000001111101100 '
b00000000000000000000000100011000 (
#487
1"
#488
0"
b01 $
0%
b00000000000000000000000011011100 &
b00000000000000000000001100101100 '
b00000000000000000000001101000100 (
b00000000000000000000001101000100 +
1,
#489
1"
b00000000000000000000001101000100 )
b00000000000000000000001101001000 *
#490
0"
b00 $
b00000000000000000000001011001100 &
b00000000000000000000001101011100 '
b00000000000000000000000000110000 (
b00000000000000000000001101001000 +
#491
1"
b00000000000000000000001101001000 )
b00000000000000000000001101001100 *
b00000000000000000000001101001100 +
#492
0"
b01 $
b00000000000000000000000001100000 &
b00000000000000000000001110010100 '
b00000000000000000000000010111100 (
b00000000000000000000000010111100 +
#493
1"
b00000000000000000000000010111100 )
b00000000000000000000000011000000 *
#494
0"
b00 $
1%
b00000000000000000000000000001000 &
b00000000000000000000001010000100 '
b00000000000000000000001100101100 (
b00000000000000000000000011000000 +
0,
#495
1"
#496
0"
b11 $
b00000000000000000000000010100000 &
b00000000000000000000000000110000 '
b00000000000000000000001011000100 (
b00000000000000000000000010100000 +
#497
1"
#498
0"
b10 $
0%
b00000000000000000000000010110000 &
b00000000000000000000001110010100 '
b00000000000000000000000010000000 (
b00000000000000000000001110010100 +
1,
#499
1"
b00000000000000000000001110010100 )
b00000000000000000000001110011000 *
#500
0"
b00000000000000000000001000000000 &
b00000000000000000000001010100100 '
b00000000000000000000001100100100 (
b00000000000000000000001010100100 +
#501
1"
b00000000000000000000001010100100 )
b00000000000000000000001010101000 *
#502
0"
b01 $
1%
b00000000000000000000000101000100 &
b00000000000000000000000000010100 '
b00000000000000000000000010110100 (
b00000000000000000000000010110100 +
0,
#503
1"
#504
0"
0%
b00000000000000000000001101100100 &
b00000000000000000000000111010100 '
b00000000000000000000001110001100 (
b00000000000000000000001110001100 +
1,
#505
1"
b00000000000000000000001110001100 )
b00000000000000000000001110010000 *
#506
0"
1%
b00000000000000000000000000010100 &
b00000000000000000000000000101100 '
b00000000000000000000001011101100 (
b00000000000000000000001011101100 +
0,
#507
1"
#508
0"
b00 $
0%
b00000000000000000000001100000000 &
b00000000000000000000001111100000 '
b00000000000000000000000110011000 (
b00000000000000000000001110010000 +
1,
#509
1"
b00000000000000000000001110010000 )
b00000000000000000000001110010100 *
b00000000000000000000001110010100 +
#510
0"
b01 $
b00000000000000000000001000101100 &
b00000000000000000000001001110100 '
b00000000000000000000000000011100 (
b00000000000000000000000000011100 +
#511
1"
b00000000000000000000000000011100 )
b00000000000000000000000000100000 *
#512
0"
b11 $
b00000000000000000000000000010100 &
b00000000000000000000000010101100 '
b00000000000000000000001011100100 (
b00000000000000000000000000010100 +
#513
1"
b00000000000000000000000000010100 )
b00000000000000000000000000011000 *
#514
0"
b10 $
b00000000000000000000000000111100 &
b00000000000000000000000001111100 '
b00000000000000000000001000000100 (
b00000000000000000000000001111100 +
#515
1"
b00000000000000000000000001111100 )
b00000000000000000000000010000000 *
#516
0"
b00 $
1%
b00000000000000000000001000000000 &
b00000000000000000000000001010100 '
b00000000000000000000001111001000 (
b00000000000000000000000010000000 +
0,
#517
1"
#518
0"
b11 $
0%
b00000000000000000000000000110000 &
b00000000000000000000000110100000 '
b00000000000000000000000010100100 (
b00000000000000000000000000110000 +
1,
#519
1"
b00000000000000000000000000110000 )
b00000000000000000000000000110100 *
#520
0"
b00000000000000000000001000010000 &
b00000000000000000000001000011100 '
b00000000000000000000000011000000 (
b00000000000000000000001000010000 +
#521
1"
b00000000000000000000001000010000 )
b00000000000000000000001000010100 *
#522
0"
b10 $
1%
b00000000000000000000000101001100 &
b00000000000000000000000111010100 '
b00000000000000000000001001011000 (
b00000000000000000000000111010100 +
0,
#523
1"
#524
0"
0%
b00000000000000000000001010011000 &
b00000000000000000000000110000000 '
b00000000000000000000000100101100 (
b00000000000000000000000110000000 +
1,
#525
1"
b00000000000000000000000110000000 )
b00000000000000000000000110000100 *
#526
0"
b00 $
b00000000000000000000001100100000 &
b00000000000000000000000110111100 '
b00000000000000000000000100111000 (
b00000000000000000000000110000100 +
#527
1"
b00000000000000000000000110000100 )
b00000000000000000000000110001000 *
b00000000000000000000000110001000 +
#528
0"
b01 $
1%
b00000000000000000000001100101100 &
b00000000000000000000001100100100 '
b00000000000000000000001100000000 (
b00000000000000000000001100000000 +
0,
#529
1"
#530
0"
b00000000000000000000001101111100 &
b00000000000000000000001001010100 (
b00000000000000000000001001010100 +
#531
1"
#532
0"
b00 $
0%
b00000000000000000000001100111000 &
b00000000000000000000001000110000 '
b00000000000000000000000001100000 (
b00000000000000000000000110001000 +
1,
#533
1"
b00000000000000000000000110001000 )
b00000000000000000000000110001100 *
b00000000000000000000000110001100 +
#534
0"
b10 $
1%
b00000000000000000000000001000100 &
b00000000000000000000000101000100 '
b00000000000000000000001110110000 (
b00000000000000000000000101000100 +
0,
#535
1"
#536
0"
b11 $
0%
b00000000000000000000000000110100 &
b00000000000000000000000100111000 '
b00000000000000000000000000110000 (
b00000000000000000000000000110100 +
1,
#537
1"
b00000000000000000000000000110100 )
b00000000000000000000000000111000 *
#538
0"
b00 $
b00000000000000000000000011101000 &
b00000000000000000000000010000000 '
b00000000000000000000000001110100 (
b00000000000000000000000000111000 +
#539
1"
b00000000000000000000000000111000 )
b00000000000000000000000000111100 *
b00000000000000000000000000111100 +
#540
0"
b00000000000000000000001100100000 &
b00000000000000000000000101001100 '
b00000000000000000000000011001100 (
#541
1"
b00000000000000000000000000111100 )
b00000000000000000000000001000000 *
b00000000000000000000000001000000 +
#542
0"
1%
b00000000000000000000000110000000 &
b00000000000000000000000110011100 '
b00000000000000000000001101101000 (
0,
#543
1"
#544
0"
b10 $
0%
b00000000000000000000000110101100 &
b00000000000000000000001100010000 '
b00000000000000000000001111110000 (
b00000000000000000000001100010000 +
1,
#545
1"
b00000000000000000000001100010000 )
b00000000000000000000001100010100 *
#546
0"
b11 $
b00000000000000000000000111001100 &
b00000000000000000000001001010000 '
b00000000000000000000000001010000 (
b00000000000000000000000111001100 +
#547
1"
b00000000000000000000000111001100 )
b00000000000000000000000111010000 *
#548
0"
b00 $
1%
b00000000000000000000001100000000 &
b00000000000000000000000110110100 '
b00000000000000000000001000100100 (
b00000000000000000000000111010000 +
0,
#549
1"
#550
0"
b00000000000000000000000011011100 &
b00000000000000000000000000011000 '
b00000000000000000000001110011000 (
#551
1"
#552
0"
b00000000000000000000000101000000 &
b00000000000000000000000001110000 '
b00000000000000000000001110001000 (
#553
1"
#554
0"
b11 $
b00000000000000000000001111001100 &
b00000000000000000000001110010000 '
b00000000000000000000000000110000 (
b00000000000000000000001111001100 +
#555
1"
#556
0"
b10 $
0%
b00000000000000000000000111110000 &
b00000000000000000000000011100100 '
b00000000000000000000001001111000 (
b00000000000000000000000011100100 +
1,
#557
1"
b00000000000000000000000011100100 )
b00000000000000000000000011101000 *
#558
0"
b01 $
b00000000000000000000000110000000 &
b00000000000000000000001110110000 '
b00000000000000000000000101000000 (
b00000000000000000000000101000000 +
#559
1"
b00000000000000000000000101000000 )
b00000000000000000000000101000100 *
#560
0"
b00 $
b00000000000000000000001000101100 &
b00000000000000000000000011010000 '
b00000000000000000000001011100100 (
b00000000000000000000000101000100 +
#561
1"
b00000000000000000000000101000100 )
b00000000000000000000000101001000 *
b00000000000000000000000101001000 +
#562
0"
b01 $
b00000000000000000000000111111100 &
b00000000000000000000000100110000 '
b00000000000000000000000000011100 (
b00000000000000000000000000011100 +
#563
1"
b00000000000000000000000000011100 )
b00000000000000000000000000100000 *
#564
0"
1%
b00000000000000000000001001011000 &
b00000000000000000000001011010100 '
b00000000000000000000001011110100 (
b00000000000000000000001011110100 +
0,
#565
1"
#566
0"
b00 $
0%
b00000000000000000000000110001000 &
b00000000000000000000000110110000 '
b00000000000000000000000001110000 (
b00000000000000000000000000100000 +
1,
#567
1"
b00000000000000000000000000100000 )
b00000000000000000000000000100100 *
b00000000000000000000000000100100 +
#568
0"
b11 $
b00000000000000000000001111011000 &
b00000000000000000000001110101100 '
b00000000000000000000000111001100 (
b00000000000000000000001111011000 +
#569
1"
b00000000000000000000001111011000 )
b00000000000000000000001111011100 *
#570
0"
b00 $
b00000000000000000000000010111100 &
b00000000000000000000001111010100 '
b00000000000000000000000101000100 (
b00000000000000000000001111011100 +
#571
1"
b00000000000000000000001111011100 )
b00000000000000000000001111100000 *
b00000000000000000000001111100000 +
#572
0"
b11 $
1%
b00000000000000000000001001110100 &
b00000000000000000000000000101000 '
b00000000000000000000001001111000 (
b00000000000000000000001001110100 +
0,
#573
1"
#574
0"
b00000000000000000000001001111000 &
b00000000000000000000001101011000 '
b00000000000000000000000110110000 (
b00000000000000000000001001111000 +
#575
1"
#576
0"
b01 $
b00000000000000000000000000110100 &
b00000000000000000000000011101100 '
b00000000000000000000001111000000 (
b00000000000000000000001111000000 +
#577
1"
#578
0"
b10 $
0%
b00000000000000000000000010100000 &
b00000000000000000000000010110100 '
b00000000000000000000000010000000 (
b00000000000000000000000010110100 +
1,
#579
1"
b00000000000000000000000010110100 )
b00000000000000000000000010111000 *
#580
0"
b01 $
b00000000000000000000000101101000 &
b00000000000000000000000011101100 '
b00000000000000000000001000011100 (
b00000000000000000000001000011100 +
#581
1"
b00000000000000000000001000011100 )
b00000000000000000000001000100000 *
#582
0"
b00000000000000000000001110110000 &
b00000000000000000000001111110000 '
b00000000000000000000001100010100 (
b00000000000000000000001100010100 +
#583
1"
b00000000000000000000001100010100 )
b00000000000000000000001100011000 *
#584
0"
1%
b00000000000000000000000010111000 &
b00000000000000000000001101101000 '
b00000000000000000000001000010100 (
b00000000000000000000001000010100 +
0,
#585
1"
#586
0"
b00 $
b00000000000000000000001010010100 &
b00000000000000000000000110101100 '
b00000000000000000000000000011100 (
b00000000000000000000001100011000 +
#587
1"
#588
0"
b01 $
0%
b00000000000000000000000100001000 &
b00000000000000000000000001111000 '
b00000000000000000000000100110000 (
b00000000000000000000000100110000 +
1,
#589
1"
b00000000000000000000000100110000 )
b00000000000000000000000100110100 *
#590
0"
b10 $
b00000000000000000000000000000000 &
b00000000000000000000000101101100 '
b00000000000000000000000001010100 (
b00000000000000000000000101101100 +
#591
1"
b00000000000000000000000101101100 )
b00000000000000000000000101110000 *
#592
0"
b00 $
b00000000000000000000001011000100 &
b00000000000000000000000111101000 '
b00000000000000000000001101101100 (
b00000000000000000000000101110000 +
#593
1"
b00000000000000000000000101110000 )
b00000000000000000000000101110100 *
b00000000000000000000000101110100 +
#594
0"
b01 $
1%
b00000000000000000000001010101100 &
b00000000000000000000000010010100 '
b00000000000000000000000100001100 (
b00000000000000000000000100001100 +
0,
#595
1"
#596
0"
b00 $
0%
b00000000000000000000001011111000 &
b00000000000000000000001001111100 '
b00000000000000000000000011110000 (
b00000000000000000000000101110100 +
1,
#597
1"
b00000000000000000000000101110100 )
b00000000000000000000000101111000 *
b00000000000000000000000101111000 +
#598
0"
b11 $
1%
b00000000000000000000000110111000 &
b00000000000000000000001110100000 '
b00000000000000000000001101011000 (
b00000000000000000000000110111000 +
0,
#599
1"
#600
0"
b01 $
b00000000000000000000001110011100 &
b00000000000000000000001011100000 '
b00000000000000000000000001011100 (
b00000000000000000000000001011100 +
#601
1"
#602
0"
b11 $
0%
b00000000000000000000000000000000 &
b00000000000000000000000011001100 '
b00000000000000000000000100010100 (
b00000000000000000000000000000000 +
1,
#603
1"
b00000000000000000000000000000000 )
b00000000000000000000000000000100 *
#604
0"
b01 $
1%
b00000000000000000000001110010100 &
b00000000000000000000001100011100 '
b00000000000000000000001100110100 (
b00000000000000000000001100110100 +
0,
#605
1"
#606
0"
0%
b00000000000000000000000001010000 &
b00000000000000000000000110110000 '
b00000000000000000000000010010100 (
b00000000000000000000000010010100 +
1,
#607
1"
b00000000000000000000000010010100 )
b00000000000000000000000010011000 *
#608
0"
b11 $
1%
b00000000000000000000001000011100 &
b00000000000000000000000001010100 '
b00000000000000000000000111110000 (
b00000000000000000000001000011100 +
0,
#609
1"
#610
0"
0%
b00000000000000000000001110011100 &
b00000000000000000000000011000100 '
b00000000000000000000000100000100 (
b00000000000000000000001110011100 +
1,
#611
1"
b00000000000000000000001110011100 )
b00000000000000000000001110100000 *
#612
0"
b10 $
1%
b00000000000000000000000011101000 &
b00000000000000000000001010010100 '
b00000000000000000000000101111100 (
b00000000000000000000001010010100 +
0,
#613
1"
#614
0"
0%
b00000000000000000000000100100100 &
b00000000000000000000000101001000 '
b00000000000000000000000000101100 (
b00000000000000000000000101001000 +
1,
#615
1"
b00000000000000000000000101001000 )
b00000000000000000000000101001100 *
#616
0"
b11 $
1%
b00000000000000000000000101111000 &
b00000000000000000000000111010000 '
b00000000000000000000000010111000 (
b00000000000000000000000101111000 +
0,
#617
1"
#618
0"
b00000000000000000000000010111000 &
b00000000000000000000000011111100 '
b00000000000000000000001010001000 (
b00000000000000000000000010111000 +
#619
1"
#620
0"
0%
b00000000000000000000000111111100 &
b00000000000000000000001101101000 '
b00000000000000000000001010101100 (
b00000000000000000000000111111100 +
1,
#621
1"
b00000000000000000000000111111100 )
b00000000000000000000001000000000 *
#622
0"
b00000000000000000000000000001100 &
b00000000000000000000001110001000 '
b00000000000000000000001100111100 (
b00000000000000000000000000001100 +
#623
1"
b00000000000000000000000000001100 )
b00000000000000000000000000010000 *
#624
0"
b00 $
b00000000000000000000000111011000 &
b00000000000000000000000111111100 '
b00000000000000000000000100010100 (
b00000000000000000000000000010000 +
#625
1"
b00000000000000000000000000010000 )
b00000000000000000000000000010100 *
b00000000000000000000000000010100 +
#626
0"
b01 $
1%
b00000000000000000000000001110100 &
b00000000000000000000000001111100 '
b00000000000000000000000010001100 (
b00000000000000000000000010001100 +
0,
#627
1"
#628
0"
b00 $
0%
b00000000000000000000001000101000 &
b00000000000000000000001000011000 '
b00000000000000000000000010001000 (
b00000000000000000000000000010100 +
1,
#629
1"
b00000000000000000000000000010100 )
b00000000000000000000000000011000 *
b00000000000000000000000000011000 +
#630
0"
b01 $
1%
b00000000000000000000000101100000 &
b00000000000000000000001110011100 '
b00000000000000000000001111000000 (
b00000000000000000000001111000000 +
0,
#631
1"
#632
0"
b10 $
b00000000000000000000001000011000 &
b00000000000000000000000111100100 '
b00000000000000000000000001010100 (
b00000000000000000000000111100100 +
#633
1"
#634
0"
b01 $
0%
b00000000000000000000001011001100 &
b00000000000000000000000011010100 '
b00000000000000000000000101011000 (
b00000000000000000000000101011000 +
1,
#635
1"
b00000000000000000000000101011000 )
b00000000000000000000000101011100 *
#636
0"
b11 $
1%
b00000000000000000000001111011100 &
b00000000000000000000001111100100 '
b00000000000000000000001111100000 (
b00000000000000000000001111011100 +
0,
#637
1"
#638
0"
b00 $
b00000000000000000000001100100100 &
b00000000000000000000000101101000 '
b00000000000000000000001110111000 (
b00000000000000000000000101011100 +
#639
1"
#640
0"
0%
b00000000000000000000001001110000 &
b00000000000000000000000111011100 '
b00000000000000000000000000100100 (
1,
#641
1"
b00000000000000000000000101011100 )
b00000000000000000000000101100000 *
b00000000000000000000000101100000 +
#642
0"
b10 $
b00000000000000000000001011101000 &
b00000000000000000000000001011000 '
b00000000000000000000000001011100 (
b00000000000000000000000001011000 +
#643
1"
b00000000000000000000000001011000 )
b00000000000000000000000001011100 *
#644
0"
b11 $
b00000000000000000000000101001000 &
b00000000000000000000000011000100 '
b00000000000000000000001000100100 (
b00000000000000000000000101001000 +
#645
1"
b00000000000000000000000101001000 )
b00000000000000000000000101001100 *
#646
0"
b00 $
1%
b00000000000000000000001111110100 &
b00000000000000000000000001101100 '
b00000000000000000000001001100000 (
b00000000000000000000000101001100 +
0,
#647
1"
#648
0"
0%
b00000000000000000000000001000100 &
b00000000000000000000000100101100 '
1,
#649
1"
b00000000000000000000000101001100 )
b00000000000000000000000101010000 *
b00000000000000000000000101010000 +
#650
0"
b10 $
1%
b00000000000000000000000110011100 &
b00000000000000000000001101001100 '
b00000000000000000000001110000100 (
b00000000000000000000001101001100 +
0,
#651
1"
#652
0"
b01 $
0%
b00000000000000000000000110010000 &
b00000000000000000000001111000100 '
b00000000000000000000000011011100 (
b00000000000000000000000011011100 +
1,
#653
1"
b00000000000000000000000011011100 )
b00000000000000000000000011100000 *
#654
0"
1%
b00000000000000000000000110011100 &
b00000000000000000000000010011100 '
b00000000000000000000001100011000 (
b00000000000000000000001100011000 +
0,
#655
1"
#656
0"
b10 $
0%
b00000000000000000000001101011000 &
b00000000000000000000001101000100 '
b00000000000000000000000000010000 (
b00000000000000000000001101000100 +
1,
#657
1"
b00000000000000000000001101000100 )
b00000000000000000000001101001000 *
#658
0"
b00 $
1%
b00000000000000000000000110011100 &
b00000000000000000000000101110100 '
b00000000000000000000000101010000 (
b00000000000000000000001101001000 +
0,
#659
1"
#660
0"
b11 $
b00000000000000000000001111001100 &
b00000000000000000000000001000000 '
b00000000000000000000001111110000 (
b00000000000000000000001111001100 +
#661
1"
#662
0"
0%
b00000000000000000000001000010000 &
b00000000000000000000001111001000 '
b00000000000000000000001110111000 (
b00000000000000000000001000010000 +
1,
#663
1"
b00000000000000000000001000010000 )
b00000000000000000000001000010100 *
#664
0"
b01 $
1%
b00000000000000000000001010111000 &
b00000000000000000000001100100100 '
b00000000000000000000000011100000 (
b00000000000000000000000011100000 +
0,
#665
1"
#666
0"
0%
b00000000000000000000001110011100 &
b00000000000000000000000100110000 '
b00000000000000000000000101111000 (
b00000000000000000000000101111000 +
1,
#667
1"
b00000000000000000000000101111000 )
b00000000000000000000000101111100 *
#668
0"
b00000000000000000000000011000000 &
b00000000000000000000001000010000 '
b00000000000000000000001001101100 (
b00000000000000000000001001101100 +
#669
1"
b00000000000000000000001001101100 )
b00000000000000000000001001110000 *
#670
0"
b00 $
b00000000000000000000001101010000 &
b00000000000000000000001001101100 '
b00000000000000000000000100000100 (
b00000000000000000000001001110000 +
#671
1"
b00000000000000000000001001110000 )
b00000000000000000000001001110100 *
b00000000000000000000001001110100 +
#672
0"
b01 $
b00000000000000000000001111001100 &
b00000000000000000000000001110000 '
b00000000000000000000001010101100 (
b00000000000000000000001010101100 +
#673
1"
b00000000000000000000001010101100 )
b00000000000000000000001010110000 *
#674
0"
b11 $
1%
b00000000000000000000001100010100 &
b00000000000000000000000111001100 '
b00000000000000000000001001100100 (
b00000000000000000000001100010100 +
0,
#675
1"
#676
0"
b00000000000000000000001110000000 &
b00000000000000000000000110000100 '
b00000000000000000000001010001000 (
b00000000000000000000001110000000 +
#677
1"
#678
0"
b00 $
0%
b00000000000000000000001101100100 &
b00000000000000000000001111111100 '
b00000000000000000000001001001000 (
b00000000000000000000001010110000 +
1,
#679
1"
b00000000000000000000001010110000 )
b00000000000000000000001010110100 *
b00000000000000000000001010110100 +
#680
0"
b11 $
1%
b00000000000000000000000101110100 &
b00000000000000000000000110011100 '
b00000000000000000000000011000100 (
b00000000000000000000000101110100 +
0,
#681
1"
#682
0"
b00 $
0%
b00000000000000000000000001010100 &
b00000000000000000000001100110100 '
b00000000000000000000000011011100 (
b00000000000000000000001010110100 +
1,
#683
1"
b00000000000000000000001010110100 )
b00000000000000000000001010111000 *
b00000000000000000000001010111000 +
#684
0"
b10 $
b00000000000000000000001101001000 &
b00000000000000000000000100100100 '
b00000000000000000000000001001000 (
b00000000000000000000000100100100 +
#685
1"
b00000000000000000000000100100100 )
b00000000000000000000000100101000 *
#686
0"
b01 $
1%
b00000000000000000000001011100100 &
b00000000000000000000000100001000 '
b00000000000000000000001010110000 (
b00000000000000000000001010110000 +
0,
#687
1"
#688
0"
b10 $
0%
b00000000000000000000001000010100 &
b00000000000000000000000011001000 '
b00000000000000000000000101011100 (
b00000000000000000000000011001000 +
1,
#689
1"
b00000000000000000000000011001000 )
b00000000000000000000000011001100 *
#690
0"
b00 $
b00000000000000000000001001111000 &
b00000000000000000000000000000100 '
b00000000000000000000000100100100 (
b00000000000000000000000011001100 +
#691
1"
b00000000000000000000000011001100 )
b00000000000000000000000011010000 *
b00000000000000000000000011010000 +
#692
0"
b00000000000000000000001111011000 &
b00000000000000000000001000110100 '
b00000000000000000000001001111100 (
#693
1"
b00000000000000000000000011010000 )
b00000000000000000000000011010100 *
b00000000000000000000000011010100 +
#694
0"
b11 $
b00000000000000000000000011101100 &
b00000000000000000000000011110000 '
b00000000000000000000000101001100 (
b00000000000000000000000011101100 +
#695
1"
b00000000000000000000000011101100 )
b00000000000000000000000011110000 *
#696
0"
1%
b00000000000000000000000100100100 &
b00000000000000000000000100010100 '
b00000000000000000000001101110000 (
b00000000000000000000000100100100 +
0,
#697
1"
#698
0"
0%
b00000000000000000000000001010100 &
b00000000000000000000000001010000 '
b00000000000000000000000000010000 (
b00000000000000000000000001010100 +
1,
#699
1"
b00000000000000000000000001010100 )
b00000000000000000000000001011000 *
#700
0"
b10 $
b00000000000000000000001111101000 &
b00000000000000000000000100011100 '
b00000000000000000000001001100000 (
b00000000000000000000000100011100 +
#701
1"
b00000000000000000000000100011100 )
b00000000000000000000000100100000 *
#702
0"
1%
b00000000000000000000001110001000 &
b00000000000000000000001111000000 '
b00000000000000000000000111000000 (
b00000000000000000000001111000000 +
0,
#703
1"
#704
0"
b11 $
0%
b00000000000000000000001010100000 &
b00000000000000000000000010001000 '
b00000000000000000000001010111000 (
b00000000000000000000001010100000 +
1,
#705
1"
b00000000000000000000001010100000 )
b00000000000000000000001010100100 *
#706
0"
b00 $
1%
b00000000000000000000000011010000 &
b00000000000000000000001000001100 '
b00000000000000000000001000011000 (
b00000000000000000000001010100100 +
0,
#707
1"
#708
0"
b11 $
0%
b00000000000000000000000001100100 &
b00000000000000000000001101000000 '
b00000000000000000000000011101100 (
b00000000000000000000000001100100 +
1,
#709
1"
b00000000000000000000000001100100 )
b00000000000000000000000001101000 *
#710
0"
b01 $
1%
b00000000000000000000001111110100 &
b00000000000000000000000000101100 '
b00000000000000000000000011111100 (
b00000000000000000000000011111100 +
0,
#711
1"
#712
0"
b10 $
b00000000000000000000001010010100 &
b00000000000000000000001111110000 '
b00000000000000000000000001010000 (
b00000000000000000000001111110000 +
#713
1"
#714
0"
b01 $
0%
b00000000000000000000001000010000 &
b00000000000000000000000001111100 '
b00000000000000000000000011111000 (
b00000000000000000000000011111000 +
1,
#715
1"
b00000000000000000000000011111000 )
b00000000000000000000000011111100 *
#716
0"
b00 $
b00000000000000000000000101111100 &
b00000000000000000000001001110100 '
b00000000000000000000000110110000 (
b00000000000000000000000011111100 +
#717
1"
b00000000000000000000000011111100 )
b00000000000000000000000100000000 *
b00000000000000000000000100000000 +
#718
0"
b01 $
1%
b00000000000000000000001011011000 &
b00000000000000000000000100000100 '
b00000000000000000000000110100000 (
b00000000000000000000000110100000 +
0,
#719
1"
#720
0"
b00 $
0%
b00000000000000000000000101111100 &
b00000000000000000000000101010100 '
b00000000000000000000001001100000 (
b00000000000000000000000100000000 +
1,
#721
1"
b00000000000000000000000100000000 )
b00000000000000000000000100000100 *
b00000000000000000000000100000100 +
#722
0"
b10 $
b00000000000000000000001100001100 &
b00000000000000000000001001100000 '
b00000000000000000000000101010100 (
b00000000000000000000001001100000 +
#723
1"
b00000000000000000000001001100000 )
b00000000000000000000001001100100 *
#724
0"
b00000000000000000000000010001000 &
b00000000000000000000001010011100 '
b00000000000000000000001001011000 (
b00000000000000000000001010011100 +
#725
1"
b00000000000000000000001010011100 )
b00000000000000000000001010100000 *
#726
0"
b11 $
b00000000000000000000001110010100 &
b00000000000000000000001011101100 '
b00000000000000000000000000001100 (
b00000000000000000000001110010100 +
#727
1"
b00000000000000000000001110010100 )
b00000000000000000000001110011000 *
#728
0"
1%
b00000000000000000000000100110100 &
b00000000000000000000001000001000 '
b00000000000000000000000100110000 (
b00000000000000000000000100110100 +
0,
#729
1"
#730
0"
b10 $
b00000000000000000000000011000100 &
b00000000000000000000000111000000 '
b00000000000000000000001101000000 (
b00000000000000000000000111000000 +
#731
1"
#732
0"
0%
b00000000000000000000001001100000 &
b00000000000000000000001111100100 '
b00000000000000000000000000000100 (
b00000000000000000000001111100100 +
1,
#733
1"
b00000000000000000000001111100100 )
b00000000000000000000001111101000 *
#734
0"
b00 $
1%
b00000000000000000000000100101100 &
b00000000000000000000001111001100 '
b00000000000000000000000010101100 (
b00000000000000000000001111101000 +
0,
#735
1"
#736
0"
b01 $
b00000000000000000000001100010100 &
b00000000000000000000001100001100 '
b00000000000000000000001001110000 (
b00000000000000000000001001110000 +
#737
1"
#738
0"
b00 $
0%
b00000000000000000000001000000000 &
b00000000000000000000000100000100 '
b00000000000000000000001011010100 (
b00000000000000000000001111101000 +
1,
#739
1"
b00000000000000000000001111101000 )
b00000000000000000000001111101100 *
b00000000000000000000001111101100 +
#740
0"
b11 $
b00000000000000000000000110010100 &
b00000000000000000000001101000100 '
b00000000000000000000001110011100 (
b00000000000000000000000110010100 +
#741
1"
b00000000000000000000000110010100 )
b00000000000000000000000110011000 *
#742
0"
b01 $
1%
b00000000000000000000000111011000 &
b00000000000000000000001110001100 '
b00000000000000000000001111101100 (
b00000000000000000000001111101100 +
0,
#743
1"
#744
0"
b11 $
b00000000000000000000001010011100 &
b00000000000000000000001101111100 '
b00000000000000000000000111011000 (
b00000000000000000000001010011100 +
#745
1"
#746
0"
b00 $
0%
b00000000000000000000000000100100 &
b00000000000000000000001111001100 '
b00000000000000000000000000001100 (
b00000000000000000000000110011000 +
1,
#747
1"
b00000000000000000000000110011000 )
b00000000000000000000000110011100 *
b00000000000000000000000110011100 +
#748
0"
b01 $
b00000000000000000000001111100100 &
b00000000000000000000001111101000 '
b00000000000000000000000101100000 (
b00000000000000000000000101100000 +
#749
1"
b00000000000000000000000101100000 )
b00000000000000000000000101100100 *
#750
0"
b00000000000000000000000101001000 &
b00000000000000000000000001011000 '
b00000000000000000000001001011100 (
b00000000000000000000001001011100 +
#751
1"
b00000000000000000000001001011100 )
b00000000000000000000001001100000 *
#752
0"
b00 $
1%
b00000000000000000000001111110000 &
b00000000000000000000000110110100 '
b00000000000000000000000110101000 (
b00000000000000000000001001100000 +
0,
#753
1"
#754
0"
b11 $
0%
b00000000000000000000001111010100 &
b00000000000000000000000101100100 '
b00000000000000000000000000000100 (
b00000000000000000000001111010100 +
1,
#755
1"
b00000000000000000000001111010100 )
b00000000000000000000001111011000 *
#756
0"
b00 $
b00000000000000000000000111111000 &
b00000000000000000000001001011100 '
b00000000000000000000001000000000 (
b00000000000000000000001111011000 +
#757
1"
b00000000000000000000001111011000 )
b00000000000000000000001111011100 *
b00000000000000000000001111011100 +
#758
0"
1%
b00000000000000000000001001000000 &
b00000000000000000000001111111000 '
b00000000000000000000000011001100 (
0,
#759
1"
#760
0"
b11 $
b00000000000000000000001100011100 &
b00000000000000000000001000110000 '
b00000000000000000000000010110100 (
b00000000000000000000001100011100 +
#761
1"
#762
0"
0%
b00000000000000000000001000010000 &
b00000000000000000000000111001000 '
b00000000000000000000000011100000 (
b00000000000000000000001000010000 +
1,
#763
1"
b00000000000000000000001000010000 )
b00000000000000000000001000010100 *
#764
0"
b00000000000000000000001101000100 &
b00000000000000000000000001011100 '
b00000000000000000000001110011100 (
b00000000000000000000001101000100 +
#765
1"
b00000000000000000000001101000100 )
b00000000000000000000001101001000 *
#766
0"
b00 $
b00000000000000000000000000010100 &
b00000000000000000000000011000100 '
b00000000000000000000000101010000 (
b00000000000000000000001101001000 +
#767
1"
b00000000000000000000001101001000 )
b00000000000000000000001101001100 *
b00000000000000000000001101001100 +
#768
0"
b11 $
b00000000000000000000001111010000 &
b00000000000000000000001000010100 '
b00000000000000000000001011100100 (
b00000000000000000000001111010000 +
#769
1"
b00000000000000000000001111010000 )
b00000000000000000000001111010100 *
#770
0"
b00 $
b00000000000000000000001111100100 &
b00000000000000000000000000010000 '
b00000000000000000000000111100000 (
b00000000000000000000001111010100 +
#771
1"
b00000000000000000000001111010100 )
b00000000000000000000001111011000 *
b00000000000000000000001111011000 +
#772
0"
b00000000000000000000001010101100 &
b00000000000000000000001111001100 '
b00000000000000000000000010010000 (
#773
1"
b00000000000000000000001111011000 )
b00000000000000000000001111011100 *
b00000000000000000000001111011100 +
#774
0"
1%
b00000000000000000000000100011000 &
b00000000000000000000000101110000 '
b00000000000000000000001000010100 (
0,
#775
1"
#776
0"
b10 $
0%
b00000000000000000000001111111100 &
b00000000000000000000000101000000 '
b00000000000000000000001000111100 (
b00000000000000000000000101000000 +
1,
#777
1"
b00000000000000000000000101000000 )
b00000000000000000000000101000100 *
#778
0"
b00000000000000000000001000101000 &
b00000000000000000000001110101100 '
b00000000000000000000001011110100 (
b00000000000000000000001110101100 +
#779
1"
b00000000000000000000001110101100 )
b00000000000000000000001110110000 *
#780
0"
b00000000000000000000001101111100 &
b00000000000000000000001101001000 '
b00000000000000000000000111100000 (
b00000000000000000000001101001000 +
#781
1"
b00000000000000000000001101001000 )
b00000000000000000000001101001100 *
#782
0"
b01 $
1%
b00000000000000000000001111001000 &
b00000000000000000000001001001000 '
b00000000000000000000000100101100 (
b00000000000000000000000100101100 +
0,
#783
1"
#784
0"
b10 $
0%
b00000000000000000000001110001100 &
b00000000000000000000000001010100 '
b00000000000000000000001011000100 (
b00000000000000000000000001010100 +
1,
#785
1"
b00000000000000000000000001010100 )
b00000000000000000000000001011000 *
#786
0"
b00 $
1%
b00000000000000000000001100010000 &
b00000000000000000000000100111000 '
b00000000000000000000000100101000 (
b00000000000000000000000001011000 +
0,
#787
1"
#788
0"
b01 $
b00000000000000000000001100001000 &
b00000000000000000000000100100000 '
b00000000000000000000000001110100 (
b00000000000000000000000001110100 +
#789
1"
#790
0"
0%
b00000000000000000000001010100100 &
b00000000000000000000001101101100 '
b00000000000000000000000001101000 (
b00000000000000000000000001101000 +
1,
#791
1"
b00000000000000000000000001101000 )
b00000000000000000000000001101100 *
#792
0"
b10 $
1%
b00000000000000000000000000110000 &
b00000000000000000000000100011000 '
b00000000000000000000001000110000 (
b00000000000000000000000100011000 +
0,
#793
1"
#794
0"
b00 $
b00000000000000000000001101001100 &
b00000000000000000000000111011000 '
b00000000000000000000000111000100 (
b00000000000000000000000001101100 +
#795
1"
#796
0"
b10 $
0%
b00000000000000000000000010111100 &
b00000000000000000000000000001000 '
b00000000000000000000001111010100 (
b00000000000000000000000000001000 +
1,
#797
1"
b00000000000000000000000000001000 )
b00000000000000000000000000001100 *
#798
0"
b00 $
b00000000000000000000001110001100 &
b00000000000000000000001010010100 '
b00000000000000000000000101100000 (
b00000000000000000000000000001100 +
#799
1"
b00000000000000000000000000001100 )
b00000000000000000000000000010000 *
b00000000000000000000000000010000 +
#800
0"
b01 $
b00000000000000000000000010010100 &
b00000000000000000000001110111100 '
b00000000000000000000000011011100 (
b00000000000000000000000011011100 +
#801
1"
b00000000000000000000000011011100 )
b00000000000000000000000011100000 *
#802
0"
b10 $
b00000000000000000000000110010100 &
b00000000000000000000001110101100 '
b00000000000000000000000001110000 (
b00000000000000000000001110101100 +
#803
1"
b00000000000000000000001110101100 )
b00000000000000000000001110110000 *
#804
0"
b11 $
b00000000000000000000001101010100 &
b00000000000000000000001000110000 '
b00000000000000000000001001100000 (
b00000000000000000000001101010100 +
#805
1"
b00000000000000000000001101010100 )
b00000000000000000000001101011000 *
#806
0"
b01 $
b00000000000000000000000111011100 &
b00000000000000000000000011010000 '
b00000000000000000000001000011100 (
b00000000000000000000001000011100 +
#807
1"
b00000000000000000000001000011100 )
b00000000000000000000001000100000 *
#808
0"
b00 $
1%
b00000000000000000000000110011100 &
b00000000000000000000000001011100 '
b00000000000000000000000101010100 (
b00000000000000000000001000100000 +
0,
#809
1"
#810
0"
b01 $
b00000000000000000000000101111100 &
b00000000000000000000000100000000 '
b00000000000000000000001001110000 (
b00000000000000000000001001110000 +
#811
1"
#812
0"
b11 $
b00000000000000000000001000101100 &
b00000000000000000000001101110100 '
b00000000000000000000000101110000 (
b00000000000000000000001000101100 +
#813
1"
#814
0"
b10 $
b00000000000000000000001001110000 &
b00000000000000000000000010011100 '
b00000000000000000000000000101100 (
b00000000000000000000000010011100 +
#815
1"
#816
0"
b00 $
b00000000000000000000000101110100 &
b00000000000000000000001000111000 '
b00000000000000000000000011001100 (
b00000000000000000000001000100000 +
#817
1"
#818
0"
b01 $
b00000000000000000000000100001100 &
b00000000000000000000000110110000 '
b00000000000000000000000010010000 (
b00000000000000000000000010010000 +
#819
1"
#820
0"
b10 $
0%
b00000000000000000000000111011100 &
b00000000000000000000000011001000 '
b00000000000000000000000110101100 (
b00000000000000000000000011001000 +
1,
#821
1"
b00000000000000000000000011001000 )
b00000000000000000000000011001100 *
#822
0"
b00 $
1%
b00000000000000000000000110001000 &
b00000000000000000000000010101100 '
b00000000000000000000001100111100 (
b00000000000000000000000011001100 +
0,
#823
1"
#824
0"
b11 $
0%
b00000000000000000000000011110000 &
b00000000000000000000001000101000 '
b00000000000000000000001011111100 (
b00000000000000000000000011110000 +
1,
#825
1"
b00000000000000000000000011110000 )
b00000000000000000000000011110100 *
#826
0"
b00 $
b00000000000000000000001101111100 &
b00000000000000000000000011010000 '
b00000000000000000000000111001100 (
b00000000000000000000000011110100 +
#827
1"
b00000000000000000000000011110100 )
b00000000000000000000000011111000 *
b00000000000000000000000011111000 +
#828
0"
b10 $
1%
b00000000000000000000000001101000 &
b00000000000000000000000100011100 '
b00000000000000000000000111101100 (
b00000000000000000000000100011100 +
0,
#829
1"
#830
0"
b01 $
0%
b00000000000000000000000110101000 &
b00000000000000000000001001000100 '
b00000000000000000000001010100000 (
b00000000000000000000001010100000 +
1,
#831
1"
b00000000000000000000001010100000 )
b00000000000000000000001010100100 *
#832
0"
b10 $
1%
b00000000000000000000001111110000 &
b00000000000000000000000000010100 '
b00000000000000000000001000110100 (
b00000000000000000000000000010100 +
0,
#833
1"
#834
0"
b11 $
b00000000000000000000000001110000 &
b00000000000000000000001100100100 '
b00000000000000000000001111110000 (
b00000000000000000000000001110000 +
#835
1"
#836
0"
0%
b00000000000000000000001101111100 &
b00000000000000000000000010011100 '
b00000000000000000000000101001000 (
b00000000000000000000001101111100 +
1,
#837
1"
b00000000000000000000001101111100 )
b00000000000000000000001110000000 *
#838
0"
b10 $
1%
b00000000000000000000001001111000 &
b00000000000000000000000111110100 '
b00000000000000000000001111010000 (
b00000000000000000000000111110100 +
0,
#839
1"
#840
0"
b00000000000000000000001110000100 &
b00000000000000000000000010110000 '
b00000000000000000000001010111000 (
b00000000000000000000000010110000 +
#841
1"
#842
0"
b00 $
0%
b00000000000000000000001110101000 &
b00000000000000000000001100011000 '
b00000000000000000000000000101100 (
b00000000000000000000001110000000 +
1,
#843
1"
b00000000000000000000001110000000 )
b00000000000000000000001110000100 *
b00000000000000000000001110000100 +
#844
0"
b10 $
1%
b00000000000000000000000110011000 &
b00000000000000000000001000111000 '
b00000000000000000000000101101000 (
b00000000000000000000001000111000 +
0,
#845
1"
#846
0"
b00 $
b00000000000000000000000010110000 &
b00000000000000000000000001000000 '
b00000000000000000000001011111100 (
b00000000000000000000001110000100 +
#847
1"
#848
0"
0%
b00000000000000000000001000011100 &
b00000000000000000000000000011100 '
b00000000000000000000000010001100 (
1,
#849
1"
b00000000000000000000001110000100 )
b00000000000000000000001110001000 *
b00000000000000000000001110001000 +
#850
0"
b10 $
b00000000000000000000001110001100 &
b00000000000000000000000111100000 '
b00000000000000000000000111100000 +
#851
1"
b00000000000000000000000111100000 )
b00000000000000000000000111100100 *
#852
0"
b11 $
b00000000000000000000001000101100 &
b00000000000000000000001011100000 '
b00000000000000000000001011011100 (
b00000000000000000000001000101100 +
#853
1"
b00000000000000000000001000101100 )
b00000000000000000000001000110000 *
#854
0"
b01 $
b00000000000000000000000011000100 &
b00000000000000000000000010010000 '
b00000000000000000000001101101000 (
b00000000000000000000001101101000 +
#855
1"
b00000000000000000000001101101000 )
b00000000000000000000001101101100 *
#856
0"
b00 $
b00000000000000000000000010111100 &
b00000000000000000000001010001000 '
b00000000000000000000000100010100 (
b00000000000000000000001101101100 +
#857
1"
b00000000000000000000001101101100 )
b00000000000000000000001101110000 *
b00000000000000000000001101110000 +
#858
0"
b10 $
b00000000000000000000000011101000 &
b00000000000000000000001011011000 '
b00000000000000000000001010011100 (
b00000000000000000000001011011000 +
#859
1"
b00000000000000000000001011011000 )
b00000000000000000000001011011100 *
#860
0"
b01 $
b00000000000000000000001010001100 &
b00000000000000000000001000000100 '
b00000000000000000000001110011000 (
b00000000000000000000001110011000 +
#861
1"
b00000000000000000000001110011000 )
b00000000000000000000001110011100 *
#862
0"
b10 $
1%
b00000000000000000000001000110000 &
b00000000000000000000001010100100 '
b00000000000000000000001101001100 (
b00000000000000000000001010100100 +
0,
#863
1"
#864
0"
b11 $
0%
b00000000000000000000000101111000 &
b00000000000000000000000011101000 '
b00000000000000000000000011100000 (
b00000000000000000000000101111000 +
1,
#865
1"
b00000000000000000000000101111000 )
b00000000000000000000000101111100 *
#866
0"
b01 $
b00000000000000000000000100110000 &
b00000000000000000000000100011000 '
b00000000000000000000001001100000 (
b00000000000000000000001001100000 +
#867
1"
b00000000000000000000001001100000 )
b00000000000000000000001001100100 *
#868
0"
b11 $
b00000000000000000000000100111000 &
b00000000000000000000000101011000 '
b00000000000000000000000010010000 (
b00000000000000000000000100111000 +
#869
1"
b00000000000000000000000100111000 )
b00000000000000000000000100111100 *
#870
0"
b00000000000000000000001011101100 &
b00000000000000000000001100111000 '
b00000000000000000000001001011000 (
b00000000000000000000001011101100 +
#871
1"
b00000000000000000000001011101100 )
b00000000000000000000001011110000 *
#872
0"
b10 $
1%
b00000000000000000000000111010100 &
b00000000000000000000000000010100 '
b00000000000000000000000100100000 (
b00000000000000000000000000010100 +
0,
#873
1"
#874
0"
b11 $
b00000000000000000000001010001100 &
b00000000000000000000001110011100 '
b00000000000000000000000111010100 (
b00000000000000000000001010001100 +
#875
1"
#876
0"
0%
b00000000000000000000001111010100 &
b00000000000000000000001101010100 '
b00000000000000000000001101000100 (
b00000000000000000000001111010100 +
1,
#877
1"
b00000000000000000000001111010100 )
b00000000000000000000001111011000 *
#878
0"
b10 $
b00000000000000000000000100010100 &
b00000000000000000000000111101000 '
b00000000000000000000000011000000 (
b00000000000000000000000111101000 +
#879
1"
b00000000000000000000000111101000 )
b00000000000000000000000111101100 *
#880
0"
b01 $
1%
b00000000000000000000001011001000 &
b00000000000000000000000010101100 '
b00000000000000000000001111100000 (
b00000000000000000000001111100000 +
0,
#881
1"
#882
0"
b10 $
b00000000000000000000001101100000 &
b00000000000000000000001001000100 '
b00000000000000000000001000110100 (
b00000000000000000000001001000100 +
#883
1"
#884
0"
b11 $
b00000000000000000000000101010000 &
b00000000000000000000001110010000 '
b00000000000000000000001111100000 (
b00000000000000000000000101010000 +
#885
1"
#886
0"
b01 $
b00000000000000000000001100010000 &
b00000000000000000000000100000000 '
b00000000000000000000000010011000 (
b00000000000000000000000010011000 +
#887
1"
#888
0"
b00000000000000000000001011110000 &
b00000000000000000000000010111000 '
b00000000000000000000001000110000 (
b00000000000000000000001000110000 +
#889
1"
#890
0"
0%
b00000000000000000000000111011000 &
b00000000000000000000001101001000 '
b00000000000000000000001101011100 (
b00000000000000000000001101011100 +
1,
#891
1"
b00000000000000000000001101011100 )
b00000000000000000000001101100000 *
#892
0"
b10 $
1%
b00000000000000000000000111100000 &
b00000000000000000000000101100000 '
b00000000000000000000001101101100 (
b00000000000000000000000101100000 +
0,
#893
1"
#894
0"
b00 $
b00000000000000000000001001101000 &
b00000000000000000000000100100100 '
b00000000000000000000001100000000 (
b00000000000000000000001101100000 +
#895
1"
#896
0"
b11 $
0%
b00000000000000000000001011010000 &
b00000000000000000000000111101100 '
b00000000000000000000001001110000 (
b00000000000000000000001011010000 +
1,
#897
1"
b00000000000000000000001011010000 )
b00000000000000000000001011010100 *
#898
0"
b00 $
b00000000000000000000001101101100 &
b00000000000000000000000111000000 '
b00000000000000000000000101100100 (
b00000000000000000000001011010100 +
#899
1"
b00000000000000000000001011010100 )
b00000000000000000000001011011000 *
b00000000000000000000001011011000 +
#900
0"
b01 $
1%
b00000000000000000000000001000000 &
b00000000000000000000001011110100 '
b00000000000000000000001101100000 (
b00000000000000000000001101100000 +
0,
#901
1"
#902
0"
b00000000000000000000000011010000 &
b00000000000000000000000001001100 '
b00000000000000000000000001110100 (
b00000000000000000000000001110100 +
#903
1"
#904
0"
b11 $
0%
b00000000000000000000001100110100 &
b00000000000000000000001000010000 '
b00000000000000000000000001001000 (
b00000000000000000000001100110100 +
1,
#905
1"
b00000000000000000000001100110100 )
b00000000000000000000001100111000 *
#906
0"
b00 $
b00000000000000000000000100000100 &
b00000000000000000000000100001000 '
b00000000000000000000000011110100 (
b00000000000000000000001100111000 +
#907
1"
b00000000000000000000001100111000 )
b00000000000000000000001100111100 *
b00000000000000000000001100111100 +
#908
0"
b10 $
1%
b00000000000000000000001111010100 &
b00000000000000000000001011011000 '
b00000000000000000000001110010000 (
b00000000000000000000001011011000 +
0,
#909
1"
#910
0"
b01 $
0%
b00000000000000000000001111110100 &
b00000000000000000000000110110000 '
b00000000000000000000001101001100 (
b00000000000000000000001101001100 +
1,
#911
1"
b00000000000000000000001101001100 )
b00000000000000000000001101010000 *
#912
0"
b10 $
1%
b00000000000000000000000111110000 &
b00000000000000000000000110011000 '
b00000000000000000000000010101100 (
b00000000000000000000000110011000 +
0,
#913
1"
#914
0"
b00 $
b00000000000000000000000111011000 &
b00000000000000000000001000100100 '
b00000000000000000000000001011100 (
b00000000000000000000001101010000 +
#915
1"
#916
0"
b11 $
0%
b00000000000000000000001101000100 &
b00000000000000000000000110000000 '
b00000000000000000000000001100000 (
b00000000000000000000001101000100 +
1,
#917
1"
b00000000000000000000001101000100 )
b00000000000000000000001101001000 *
#918
0"
b00000000000000000000000000110100 &
b00000000000000000000000010010100 '
b00000000000000000000000100101000 (
b00000000000000000000000000110100 +
#919
1"
b00000000000000000000000000110100 )
b00000000000000000000000000111000 *
#920
0"
b10 $
1%
b00000000000000000000001011001100 &
b00000000000000000000000100000000 '
b00000000000000000000001101110100 (
b00000000000000000000000100000000 +
0,
#921
1"
#922
0"
b00 $
b00000000000000000000000011111100 &
b00000000000000000000001001010100 '
b00000000000000000000000011111000 (
b00000000000000000000000000111000 +
#923
1"
#924
0"
b10 $
b00000000000000000000001010101100 &
b00000000000000000000001000111100 '
b00000000000000000000000101000100 (
b00000000000000000000001000111100 +
#925
1"
#926
0"
b00000000000000000000000101010100 &
b00000000000000000000000100110000 '
b00000000000000000000000110110000 (
b00000000000000000000000100110000 +
#927
1"
#928
0"
b00 $
0%
b00000000000000000000000000000100 &
b00000000000000000000000011110100 '
b00000000000000000000000100000000 (
b00000000000000000000000000111000 +
1,
#929
1"
b00000000000000000000000000111000 )
b00000000000000000000000000111100 *
b00000000000000000000000000111100 +
#930
0"
b01 $
b00000000000000000000000100100100 &
b00000000000000000000000010011000 '
b00000000000000000000000100010100 (
b00000000000000000000000100010100 +
#931
1"
b00000000000000000000000100010100 )
b00000000000000000000000100011000 *
#932
0"
b11 $
1%
b00000000000000000000000110110000 &
b00000000000000000000000100011100 '
b00000000000000000000001011000100 (
b00000000000000000000000110110000 +
0,
#933
1"
#934
0"
b01 $
b00000000000000000000001000001000 &
b00000000000000000000001000100100 '
b00000000000000000000000111010000 (
b00000000000000000000000111010000 +
#935
1"
#936
0"
b00 $
b00000000000000000000000101111100 &
b00000000000000000000000110110000 '
b00000000000000000000000010101000 (
b00000000000000000000000100011000 +
#937
1"
#938
0"
0%
b00000000000000000000000000111000 &
b00000000000000000000000000010100 '
b00000000000000000000001000111100 (
1,
#939
1"
b00000000000000000000000100011000 )
b00000000000000000000000100011100 *
b00000000000000000000000100011100 +
#940
0"
b10 $
1%
b00000000000000000000000110111100 &
b00000000000000000000000111101100 '
b00000000000000000000001010111000 (
b00000000000000000000000111101100 +
0,
#941
1"
#942
0"
b11 $
b00000000000000000000001100111100 &
b00000000000000000000001111100000 '
b00000000000000000000001011101100 (
b00000000000000000000001100111100 +
#943
1"
#944
0"
b00 $
0%
b00000000000000000000000010110000 &
b00000000000000000000001000000100 '
b00000000000000000000001101001100 (
b00000000000000000000000100011100 +
1,
#945
1"
b00000000000000000000000100011100 )
b00000000000000000000000100100000 *
b00000000000000000000000100100000 +
#946
0"
b01 $
b00000000000000000000001011001000 &
b00000000000000000000000110000000 '
b00000000000000000000000101001100 (
b00000000000000000000000101001100 +
#947
1"
b00000000000000000000000101001100 )
b00000000000000000000000101010000 *
#948
0"
b10 $
b00000000000000000000001110111100 &
b00000000000000000000001000010100 '
b00000000000000000000001000110000 (
b00000000000000000000001000010100 +
#949
1"
b00000000000000000000001000010100 )
b00000000000000000000001000011000 *
#950
0"
b01 $
1%
b00000000000000000000001100111100 &
b00000000000000000000000010011100 '
b00000000000000000000000011101100 (
b00000000000000000000000011101100 +
0,
#951
1"
#952
0"
b10 $
0%
b00000000000000000000001010110000 &
b00000000000000000000001100110100 '
b00000000000000000000000001110100 (
b00000000000000000000001100110100 +
1,
#953
1"
b00000000000000000000001100110100 )
b00000000000000000000001100111000 *
#954
0"
b11 $
b00000000000000000000001011001000 &
b00000000000000000000000010101000 '
b00000000000000000000000111010100 (
b00000000000000000000001011001000 +
#955
1"
b00000000000000000000001011001000 )
b00000000000000000000001011001100 *
#956
0"
b10 $
b00000000000000000000000000000100 &
b00000000000000000000001001101000 '
b00000000000000000000001011111100 (
b00000000000000000000001001101000 +
#957
1"
b00000000000000000000001001101000 )
b00000000000000000000001001101100 *
#958
0"
b00 $
b00000000000000000000001000101000 &
b00000000000000000000001000011000 '
b00000000000000000000001101100000 (
b00000000000000000000001001101100 +
#959
1"
b00000000000000000000001001101100 )
b00000000000000000000001001110000 *
b00000000000000000000001001110000 +
#960
0"
b01 $
b00000000000000000000001111100000 &
b00000000000000000000001100110000 '
b00000000000000000000000011000100 (
b00000000000000000000000011000100 +
#961
1"
b00000000000000000000000011000100 )
b00000000000000000000000011001000 *
#962
0"
b00000000000000000000000110011000 &
b00000000000000000000000101010000 '
b00000000000000000000000000110100 (
b00000000000000000000000000110100 +
#963
1"
b00000000000000000000000000110100 )
b00000000000000000000000000111000 *
#964
0"
b00000000000000000000001010111100 &
b00000000000000000000000100111000 '
b00000000000000000000000111111100 (
b00000000000000000000000111111100 +
#965
1"
b00000000000000000000000111111100 )
b00000000000000000000001000000000 *
#966
0"
1%
b00000000000000000000001111101100 &
b00000000000000000000000111111100 '
b00000000000000000000001101001100 (
b00000000000000000000001101001100 +
0,
#967
1"
#968
0"
b00 $
b00000000000000000000000001000100 &
b00000000000000000000000111000100 '
b00000000000000000000001000100000 (
b00000000000000000000001000000000 +
#969
1"
#970
0"
b01 $
b00000000000000000000000000000000 &
b00000000000000000000000101101100 '
b00000000000000000000001100101100 (
b00000000000000000000001100101100 +
#971
1"
#972
0"
b00 $
0%
b00000000000000000000000111011100 &
b00000000000000000000001101000000 '
b00000000000000000000000000010100 (
b00000000000000000000001000000000 +
1,
#973
1"
b00000000000000000000001000000000 )
b00000000000000000000001000000100 *
b00000000000000000000001000000100 +
#974
0"
1%
b00000000000000000000001110101100 &
b00000000000000000000000000111100 '
b00000000000000000000001010100100 (
0,
#975
1"
#976
0"
0%
b00000000000000000000000101101100 &
b00000000000000000000001010100000 '
b00000000000000000000001111111000 (
1,
#977
1"
b00000000000000000000001000000100 )
b00000000000000000000001000001000 *
b00000000000000000000001000001000 +
#978
0"
b10 $
1%
b00000000000000000000001010011100 &
b00000000000000000000001101011000 '
b00000000000000000000001111010000 (
b00000000000000000000001101011000 +
0,
#979
1"
#980
0"
0%
b00000000000000000000001110001000 &
b00000000000000000000001000110000 '
b00000000000000000000001011100000 (
b00000000000000000000001000110000 +
1,
#981
1"
b00000000000000000000001000110000 )
b00000000000000000000001000110100 *
#982
0"
1%
b00000000000000000000001111110100 &
b00000000000000000000000110101000 '
b00000000000000000000000110101000 +
0,
#983
1"
#984
0"
b01 $
0%
b00000000000000000000001111000000 &
b00000000000000000000000100000000 '
b00000000000000000000000001001000 (
b00000000000000000000000001001000 +
1,
#985
1"
b00000000000000000000000001001000 )
b00000000000000000000000001001100 *
#986
0"
1%
b00000000000000000000000110100000 &
b00000000000000000000001110000000 '
b00000000000000000000001111100000 (
b00000000000000000000001111100000 +
0,
#987
1"
#988
0"
b00000000000000000000001010100000 &
b00000000000000000000000110110100 '
b00000000000000000000001000000100 (
b00000000000000000000001000000100 +
#989
1"
#990
0"
b11 $
b00000000000000000000001111011000 &
b00000000000000000000000100111000 '
b00000000000000000000000001110100 (
b00000000000000000000001111011000 +
#991
1"
#992
0"
b10 $
b00000000000000000000000110010000 &
b00000000000000000000001100110000 '
b00000000000000000000000101010100 (
b00000000000000000000001100110000 +
#993
1"
#994
0"
b00 $
0%
b00000000000000000000001011001000 &
b00000000000000000000000001100100 '
b00000000000000000000001010000000 (
b00000000000000000000000001001100 +
1,
#995
1"
b00000000000000000000000001001100 )
b00000000000000000000000001010000 *
b00000000000000000000000001010000 +
#996
0"
b10 $
b00000000000000000000001110001000 &
b00000000000000000000000101101000 '
b00000000000000000000000010001100 (
b00000000000000000000000101101000 +
#997
1"
b00000000000000000000000101101000 )
b00000000000000000000000101101100 *
#998
0"
b01 $
b00000000000000000000000000110000 &
b00000000000000000000000101110100 '
b00000000000000000000000011000000 (
b00000000000000000000000011000000 +
#999
1"
b00000000000000000000000011000000 )
b00000000000000000000000011000100 *
#1000
0"
b00 $
b00000000000000000000000000100100 &
b00000000000000000000001010110000 '
b00000000000000000000001101101100 (
b00000000000000000000000011000100 +
#1001
1"
b00000000000000000000000011000100 )
b00000000000000000000000011001000 *
b00000000000000000000000011001000 +
#1002
0"
b10 $
1%
b00000000000000000000000010001100 &
b00000000000000000000001000000000 '
b00000000000000000000001010001000 (
b00000000000000000000001000000000 +
0,
#1003
1"
#1004
0"
b00 $
b00000000000000000000000110101100 &
b00000000000000000000001010010000 '
b00000000000000000000000011011100 (
b00000000000000000000000011001000 +
#1005
1"
#1006
0"
0%
b00000000000000000000000110111000 &
b00000000000000000000000111001000 '
b00000000000000000000001101101000 (
1,
#1007
1"
b00000000000000000000000011001000 )
b00000000000000000000000011001100 *
b00000000000000000000000011001100 +
#1008
0"
b10 $
b00000000000000000000001011110000 &
b00000000000000000000001111000100 '
b00000000000000000000000011011000 (
b00000000000000000000001111000100 +
#1009
1"
b00000000000000000000001111000100 )
b00000000000000000000001111001000 *
#1010
0"
b11 $
b00000000000000000000001000011000 &
b00000000000000000000001110101100 '
b00000000000000000000000100001100 (
b00000000000000000000001000011000 +
#1011
1"
b00000000000000000000001000011000 )
b00000000000000000000001000011100 *
#1012
0"
1%
b00000000000000000000001011000100 &
b00000000000000000000001100000000 '
b00000000000000000000001001110000 (
b00000000000000000000001011000100 +
0,
#1013
1"
#1014
0"
b01 $
b00000000000000000000001110111100 &
b00000000000000000000001011000000 '
b00000000000000000000001100101100 (
b00000000000000000000001100101100 +
#1015
1"
#1016
0"
0%
b00000000000000000000000011011000 &
b00000000000000000000001111110000 '
b00000000000000000000001001010100 (
b00000000000000000000001001010100 +
1,
#1017
1"
b00000000000000000000001001010100 )
b00000000000000000000001001011000 *
#1018
0"
b10 $
b00000000000000000000000101010100 &
b00000000000000000000001101110000 '
b00000000000000000000000010111000 (
b00000000000000000000001101110000 +
#1019
1"
b00000000000000000000001101110000 )
b00000000000000000000001101110100 *
#1020
0"
b11 $
b00000000000000000000000000101000 &
b00000000000000000000001110110000 '
b00000000000000000000001101101100 (
b00000000000000000000000000101000 +
#1021
1"
b00000000000000000000000000101000 )
b00000000000000000000000000101100 *
#1022
0"
b01 $
1%
b00000000000000000000001100000100 &
b00000000000000000000001100011100 '
b00000000000000000000001011011100 (
b00000000000000000000001011011100 +
0,
#1023
1"
#1024
0"
b00 $
0%
b00000000000000000000001010011000 &
b00000000000000000000001011011000 '
b00000000000000000000000011111100 (
b00000000000000000000000000101100 +
1,
#1025
1"
b00000000000000000000000000101100 )
b00000000000000000000000000110000 *
b00000000000000000000000000110000 +
#1026
0"
b10 $
1%
b00000000000000000000001000101000 &
b00000000000000000000000011001000 '
b00000000000000000000001111001100 (
b00000000000000000000000011001000 +
0,
#1027
1"
#1028
0"
b01 $
b00000000000000000000001110001100 &
b00000000000000000000001000110000 '
b00000000000000000000001100000000 (
b00000000000000000000001100000000 +
#1029
1"
#1030
0"
b00 $
0%
b00000000000000000000000111110000 &
b00000000000000000000001100111000 '
b00000000000000000000001101011000 (
b00000000000000000000000000110000 +
1,
#1031
1"
b00000000000000000000000000110000 )
b00000000000000000000000000110100 *
b00000000000000000000000000110100 +
#1032
0"
b11 $
1%
b00000000000000000000001100000000 &
b00000000000000000000001011010100 '
b00000000000000000000001110100100 (
b00000000000000000000001100000000 +
0,
#1033
1"
#1034
0"
b00 $
0%
b00000000000000000000001011010100 &
b00000000000000000000000101110100 '
b00000000000000000000001011111000 (
b00000000000000000000000000110100 +
1,
#1035
1"
b00000000000000000000000000110100 )
b00000000000000000000000000111000 *
b00000000000000000000000000111000 +
#1036
0"
b00000000000000000000000011110000 &
b00000000000000000000000001001000 '
b00000000000000000000000001100000 (
#1037
1"
b00000000000000000000000000111000 )
b00000000000000000000000000111100 *
b00000000000000000000000000111100 +
#1038
0"
b11 $
1%
b00000000000000000000000101101100 &
b00000000000000000000000000010100 '
b00000000000000000000001000011100 (
b00000000000000000000000101101100 +
0,
#1039
1"
#1040
0"
b10 $
b00000000000000000000000100101000 &
b00000000000000000000000011000100 '
b00000000000000000000001110011100 (
b00000000000000000000000011000100 +
#1041
1"
#1042
0"
0%
b00000000000000000000001110000100 &
b00000000000000000000001000011100 '
b00000000000000000000000111100000 (
b00000000000000000000001000011100 +
1,
#1043
1"
b00000000000000000000001000011100 )
b00000000000000000000001000100000 *
#1044
0"
b11 $
b00000000000000000000000111010100 &
b00000000000000000000000111011100 '
b00000000000000000000001110011100 (
b00000000000000000000000111010100 +
#1045
1"
b00000000000000000000000111010100 )
b00000000000000000000000111011000 *
#1046
0"
1%
b00000000000000000000001101111000 &
b00000000000000000000000001010000 '
b00000000000000000000000111000100 (
b00000000000000000000001101111000 +
0,
#1047
1"
#1048
0"
b00 $
0%
b00000000000000000000001101001100 &
b00000000000000000000001101100000 '
b00000000000000000000001001001000 (
b00000000000000000000000111011000 +
1,
#1049
1"
b00000000000000000000000111011000 )
b00000000000000000000000111011100 *
b00000000000000000000000111011100 +
#1050
0"
b11 $
b00000000000000000000001110011100 &
b00000000000000000000000100011000 '
b00000000000000000000000101100100 (
b00000000000000000000001110011100 +
#1051
1"
b00000000000000000000001110011100 )
b00000000000000000000001110100000 *
#1052
0"
b10 $
b00000000000000000000001011010000 &
b00000000000000000000001011100100 '
b00000000000000000000001100010100 (
b00000000000000000000001011100100 +
#1053
1"
b00000000000000000000001011100100 )
b00000000000000000000001011101000 *
#1054
0"
b11 $
1%
b00000000000000000000000110111100 &
b00000000000000000000000111110000 '
b00000000000000000000000100101000 (
b00000000000000000000000110111100 +
0,
#1055
1"
#1056
0"
b00000000000000000000000111110000 &
b00000000000000000000000101110100 '
b00000000000000000000001010101100 (
b00000000000000000000000111110000 +
#1057
1"
#1058
0"
b00 $
0%
b00000000000000000000001011111000 &
b00000000000000000000000100001000 '
b00000000000000000000001101000000 (
b00000000000000000000001011101000 +
1,
#1059
1"
b00000000000000000000001011101000 )
b00000000000000000000001011101100 *
b00000000000000000000001011101100 +
#1060
0"
b11 $
b00000000000000000000000101000000 &
b00000000000000000000000000001000 '
b00000000000000000000001011011000 (
b00000000000000000000000101000000 +
#1061
1"
b00000000000000000000000101000000 )
b00000000000000000000000101000100 *
#1062
0"
b10 $
1%
b00000000000000000000000000101000 &
b00000000000000000000001100101000 '
b00000000000000000000000011001100 (
b00000000000000000000001100101000 +
0,
#1063
1"
#1064
0"
b00 $
0%
b00000000000000000000001100011100 &
b00000000000000000000000001100000 '
b00000000000000000000001111000100 (
b00000000000000000000000101000100 +
1,
#1065
1"
b00000000000000000000000101000100 )
b00000000000000000000000101001000 *
b00000000000000000000000101001000 +
#1066
0"
b01 $
b00000000000000000000001011010100 &
b00000000000000000000001111110000 '
b00000000000000000000000011000000 (
b00000000000000000000000011000000 +
#1067
1"
b00000000000000000000000011000000 )
b00000000000000000000000011000100 *
#1068
0"
b11 $
b00000000000000000000000110010000 &
b00000000000000000000000111110000 '
b00000000000000000000000100000100 (
b00000000000000000000000110010000 +
#1069
1"
b00000000000000000000000110010000 )
b00000000000000000000000110010100 *
#1070
0"
b00000000000000000000001111110100 &
b00000000000000000000001100110100 '
b00000000000000000000000010001000 (
b00000000000000000000001111110100 +
#1071
1"
b00000000000000000000001111110100 )
b00000000000000000000001111111000 *
#1072
0"
b01 $
1%
b00000000000000000000000000000000 &
b00000000000000000000000001110100 '
b00000000000000000000001111111100 (
b00000000000000000000001111111100 +
0,
#1073
1"
#1074
0"
b10 $
b00000000000000000000001110110100 &
b00000000000000000000001100000100 '
b00000000000000000000001100100100 (
b00000000000000000000001100000100 +
#1075
1"
#1076
0"
b00 $
b00000000000000000000000000001000 &
b00000000000000000000001110100000 '
b00000000000000000000000011110100 (
b00000000000000000000001111111000 +
#1077
1"
#1078
0"
b11 $
b00000000000000000000001111000100 &
b00000000000000000000001010100000 '
b00000000000000000000000111000100 (
b00000000000000000000001111000100 +
#1079
1"
#1080
0"
b10 $
0%
b00000000000000000000000101010100 &
b00000000000000000000001000011000 '
b00000000000000000000000010010000 (
b00000000000000000000001000011000 +
1,
#1081
1"
b00000000000000000000001000011000 )
b00000000000000000000001000011100 *
#1082
0"
1%
b00000000000000000000000000010000 &
b00000000000000000000001001001100 '
b00000000000000000000000110001000 (
b00000000000000000000001001001100 +
0,
#1083
1"
#1084
0"
0%
b00000000000000000000000101111100 &
b00000000000000000000000010011000 '
b00000000000000000000000111110100 (
b00000000000000000000000010011000 +
1,
#1085
1"
b00000000000000000000000010011000 )
b00000000000000000000000010011100 *
#1086
0"
b11 $
b00000000000000000000000111110100 &
b00000000000000000000000100110000 '
b00000000000000000000001001110100 (
b00000000000000000000000111110100 +
#1087
1"
b00000000000000000000000111110100 )
b00000000000000000000000111111000 *
#1088
0"
b10 $
b00000000000000000000001100001000 &
b00000000000000000000000100100000 '
b00000000000000000000000101010000 (
b00000000000000000000000100100000 +
#1089
1"
b00000000000000000000000100100000 )
b00000000000000000000000100100100 *
#1090
0"
b00 $
b00000000000000000000001100100100 &
b00000000000000000000001111000100 '
b00000000000000000000001110010000 (
b00000000000000000000000100100100 +
#1091
1"
b00000000000000000000000100100100 )
b00000000000000000000000100101000 *
b00000000000000000000000100101000 +
#1092
0"
b11 $
1%
b00000000000000000000001000110000 &
b00000000000000000000001001000000 '
b00000000000000000000001001100100 (
b00000000000000000000001000110000 +
0,
#1093
1"
#1094
0"
b00 $
b00000000000000000000000010111000 &
b00000000000000000000001011010000 '
b00000000000000000000001011101000 (
b00000000000000000000000100101000 +
#1095
1"
#1096
0"
b01 $
0%
b00000000000000000000000001101100 &
b00000000000000000000001111000000 '
b00000000000000000000000000000000 (
b00000000000000000000000000000000 +
1,
#1097
1"
b00000000000000000000000000000000 )
b00000000000000000000000000000100 *
#1098
0"
b00 $
1%
b00000000000000000000001101110100 &
b00000000000000000000000001010100 '
b00000000000000000000001001101100 (
b00000000000000000000000000000100 +
0,
#1099
1"
#1100
0"
b10 $
0%
b00000000000000000000000000100000 &
b00000000000000000000000011110100 '
b00000000000000000000001010010000 (
b00000000000000000000000011110100 +
1,
#1101
1"
b00000000000000000000000011110100 )
b00000000000000000000000011111000 *
#1102
0"
b00 $
1%
b00000000000000000000001110000000 &
b00000000000000000000000010011000 '
b00000000000000000000000010111000 (
b00000000000000000000000011111000 +
0,
#1103
1"
#1104
0"
b01 $
b00000000000000000000000100001000 &
b00000000000000000000000101000100 '
b00000000000000000000001111000100 (
b00000000000000000000001111000100 +
#1105
1"
#1106
0"
b11 $
0%
b00000000000000000000000001100000 &
b00000000000000000000000000101000 '
b00000000000000000000001011011000 (
b00000000000000000000000001100000 +
1,
#1107
1"
b00000000000000000000000001100000 )
b00000000000000000000000001100100 *
#1108
0"
1%
b00000000000000000000001001000100 &
b00000000000000000000001110111000 '
b00000000000000000000001000101100 (
b00000000000000000000001001000100 +
0,
#1109
1"
#1110
0"
b01 $
0%
b00000000000000000000001101101100 &
b00000000000000000000000110111000 '
b00000000000000000000001001110000 (
b00000000000000000000001001110000 +
1,
#1111
1"
b00000000000000000000001001110000 )
b00000000000000000000001001110100 *
#1112
0"
b10 $
1%
b00000000000000000000001111100000 &
b00000000000000000000000111111000 '
b00000000000000000000000010011000 (
b00000000000000000000000111111000 +
0,
#1113
1"
#1114
0"
b00 $
b00000000000000000000000110001100 &
b00000000000000000000000111110100 '
b00000000000000000000000000000100 (
b00000000000000000000001001110100 +
#1115
1"
#1116
0"
b01 $
0%
b00000000000000000000000110001000 &
b00000000000000000000001101001100 '
b00000000000000000000001001001100 (
b00000000000000000000001001001100 +
1,
#1117
1"
b00000000000000000000001001001100 )
b00000000000000000000001001010000 *
#1118
0"
b11 $
1%
b00000000000000000000001001010100 &
b00000000000000000000000110110000 '
b00000000000000000000001011100100 (
b00000000000000000000001001010100 +
0,
#1119
1"
#1120
0"
b00 $
b00000000000000000000000101010000 &
b00000000000000000000001101110100 '
b00000000000000000000000010110100 (
b00000000000000000000001001010000 +
#1121
1"
#1122
0"
b11 $
0%
b00000000000000000000001011001100 &
b00000000000000000000001011101000 '
b00000000000000000000001101110100 (
b00000000000000000000001011001100 +
1,
#1123
1"
b00000000000000000000001011001100 )
b00000000000000000000001011010000 *
#1124
0"
1%
b00000000000000000000001100011000 &
b00000000000000000000000100011100 '
b00000000000000000000001010111100 (
b00000000000000000000001100011000 +
0,
#1125
1"
#1126
0"
b00 $
0%
b00000000000000000000001000101000 &
b00000000000000000000000100111100 '
b00000000000000000000000110000100 (
b00000000000000000000001011010000 +
1,
#1127
1"
b00000000000000000000001011010000 )
b00000000000000000000001011010100 *
b00000000000000000000001011010100 +
#1128
0"
b11 $
b00000000000000000000001010001100 &
b00000000000000000000001110110100 '
b00000000000000000000001011010000 (
b00000000000000000000001010001100 +
#1129
1"
b00000000000000000000001010001100 )
b00000000000000000000001010010000 *
#1130
0"
b10 $
1%
b00000000000000000000000110001100 &
b00000000000000000000001100110000 '
b00000000000000000000001010110100 (
b00000000000000000000001100110000 +
0,
#1131
1"
#1132
0"
b00 $
0%
b00000000000000000000001110110000 &
b00000000000000000000000111000000 '
b00000000000000000000001111010100 (
b00000000000000000000001010010000 +
1,
#1133
1"
b00000000000000000000001010010000 )
b00000000000000000000001010010100 *
b00000000000000000000001010010100 +
#1134
0"
b01 $
1%
b00000000000000000000000110001100 &
b00000000000000000000001100110000 '
b00000000000000000000000000101000 (
b00000000000000000000000000101000 +
0,
#1135
1"
#1136
0"
b00 $
0%
b00000000000000000000000011101100 &
b00000000000000000000000000011000 '
b00000000000000000000000110001100 (
b00000000000000000000001010010100 +
1,
#1137
1"
b00000000000000000000001010010100 )
b00000000000000000000001010011000 *
b00000000000000000000001010011000 +
#1138
0"
b10 $
b00000000000000000000000100011100 &
b00000000000000000000000111010100 '
b00000000000000000000000100000100 (
b00000000000000000000000111010100 +
#1139
1"
b00000000000000000000000111010100 )
b00000000000000000000000111011000 *
#1140
0"
b00 $
b00000000000000000000000010001000 &
b00000000000000000000000100101100 '
b00000000000000000000001110111000 (
b00000000000000000000000111011000 +
#1141
1"
b00000000000000000000000111011000 )
b00000000000000000000000111011100 *
b00000000000000000000000111011100 +
#1142
0"
b10 $
b00000000000000000000000010111100 &
b00000000000000000000000011100100 '
b00000000000000000000000100111000 (
b00000000000000000000000011100100 +
#1143
1"
b00000000000000000000000011100100 )
b00000000000000000000000011101000 *
#1144
0"
b00 $
1%
b00000000000000000000000110011000 &
b00000000000000000000001100100000 '
b00000000000000000000001100010100 (
b00000000000000000000000011101000 +
0,
#1145
1"
#1146
0"
b11 $
b00000000000000000000000001010000 &
b00000000000000000000001011111000 '
b00000000000000000000001010110100 (
b00000000000000000000000001010000 +
#1147
1"
#1148
0"
b10 $
b00000000000000000000001100100100 &
b00000000000000000000000101100100 '
b00000000000000000000000000010100 (
b00000000000000000000000101100100 +
#1149
1"
#1150
0"
b01 $
0%
b00000000000000000000001111100000 &
b00000000000000000000000111010000 '
b00000000000000000000001011100100 (
b00000000000000000000001011100100 +
1,
#1151
1"
b00000000000000000000001011100100 )
b00000000000000000000001011101000 *
#1152
0"
1%
b00000000000000000000001011100100 &
b00000000000000000000000101101100 '
b00000000000000000000000110100000 (
b00000000000000000000000110100000 +
0,
#1153
1"
#1154
0"
b11 $
b00000000000000000000001110101000 &
b00000000000000000000001101011000 '
b00000000000000000000000110101000 (
b00000000000000000000001110101000 +
#1155
1"
#1156
0"
b00 $
0%
b00000000000000000000001011111100 &
b00000000000000000000001001111000 '
b00000000000000000000000111101000 (
b00000000000000000000001011101000 +
1,
#1157
1"
b00000000000000000000001011101000 )
b00000000000000000000001011101100 *
b00000000000000000000001011101100 +
#1158
0"
1%
b00000000000000000000000101101100 &
b00000000000000000000001001100100 '
b00000000000000000000001011100000 (
0,
#1159
1"
#1160
0"
b01 $
b00000000000000000000001011011100 &
b00000000000000000000001101001000 '
b00000000000000000000000001000100 (
b00000000000000000000000001000100 +
#1161
1"
#1162
0"
b00 $
b00000000000000000000000101010100 &
b00000000000000000000001011010000 '
b00000000000000000000000111010000 (
b00000000000000000000001011101100 +
#1163
1"
#1164
0"
b10 $
0%
b00000000000000000000001001000100 &
b00000000000000000000001100011100 '
b00000000000000000000000100100100 (
b00000000000000000000001100011100 +
1,
#1165
1"
b00000000000000000000001100011100 )
b00000000000000000000001100100000 *
#1166
0"
b01 $
1%
b00000000000000000000000111101100 &
b00000000000000000000001110010000 '
b00000000000000000000000100010100 (
b00000000000000000000000100010100 +
0,
#1167
1"
#1168
0"
0%
b00000000000000000000001111100000 &
b00000000000000000000001010010100 '
b00000000000000000000001011101100 (
b00000000000000000000001011101100 +
1,
#1169
1"
b00000000000000000000001011101100 )
b00000000000000000000001011110000 *
#1170
0"
b10 $
1%
b00000000000000000000001011010000 &
b00000000000000000000001100111000 '
b00000000000000000000001100001000 (
b00000000000000000000001100111000 +
0,
#1171
1"
#1172
0"
b00 $
b00000000000000000000000111101000 &
b00000000000000000000000010001100 '
b00000000000000000000001010100100 (
b00000000000000000000001011110000 +
#1173
1"
#1174
0"
b11 $
0%
b00000000000000000000001010100100 &
b00000000000000000000001110000000 '
b00000000000000000000001001010000 (
b00000000000000000000001010100100 +
1,
#1175
1"
b00000000000000000000001010100100 )
b00000000000000000000001010101000 *
#1176
0"
b01 $
b00000000000000000000001000001000 &
b00000000000000000000001010111000 '
b00000000000000000000001011010100 (
b00000000000000000000001011010100 +
#1177
1"
b00000000000000000000001011010100 )
b00000000000000000000001011011000 *
#1178
0"
b00 $
1%
b00000000000000000000000010010000 &
b00000000000000000000000100011100 '
b00000000000000000000001000101100 (
b00000000000000000000001011011000 +
0,
#1179
1"
#1180
0"
b10 $
0%
b00000000000000000000001010100000 &
b00000000000000000000000110001000 '
b00000000000000000000001101000100 (
b00000000000000000000000110001000 +
1,
#1181
1"
b00000000000000000000000110001000 )
b00000000000000000000000110001100 *
#1182
0"
b11 $
b00000000000000000000001111101100 &
b00000000000000000000000001011100 '
b00000000000000000000001010001000 (
b00000000000000000000001111101100 +
#1183
1"
b00000000000000000000001111101100 )
b00000000000000000000001111110000 *
#1184
0"
b01 $
b00000000000000000000000111100100 &
b00000000000000000000000011011100 '
b00000000000000000000001010011100 (
b00000000000000000000001010011100 +
#1185
1"
b00000000000000000000001010011100 )
b00000000000000000000001010100000 *
#1186
0"
b11 $
b00000000000000000000001000011100 &
b00000000000000000000001100110000 '
b00000000000000000000001010001000 (
b00000000000000000000001000011100 +
#1187
1"
b00000000000000000000001000011100 )
b00000000000000000000001000100000 *
#1188
0"
b00 $
1%
b00000000000000000000001001000000 &
b00000000000000000000001001111000 '
b00000000000000000000001001011100 (
b00000000000000000000001000100000 +
0,
#1189
1"
#1190
0"
b10 $
0%
b00000000000000000000000011111000 &
b00000000000000000000000110101000 '
b00000000000000000000001011000100 (
b00000000000000000000000110101000 +
1,
#1191
1"
b00000000000000000000000110101000 )
b00000000000000000000000110101100 *
#1192
0"
b00000000000000000000001101111000 &
b00000000000000000000000111001000 '
b00000000000000000000000011011000 (
b00000000000000000000000111001000 +
#1193
1"
b00000000000000000000000111001000 )
b00000000000000000000000111001100 *
#1194
0"
b11 $
1%
b00000000000000000000000000101100 &
b00000000000000000000001010101000 '
b00000000000000000000001110110000 (
b00000000000000000000000000101100 +
0,
#1195
1"
#1196
0"
b01 $
0%
b00000000000000000000000111000000 &
b00000000000000000000000010011100 '
b00000000000000000000001001111100 (
b00000000000000000000001001111100 +
1,
#1197
1"
b00000000000000000000001001111100 )
b00000000000000000000001010000000 *
#1198
0"
b00 $
b00000000000000000000000110001000 &
b00000000000000000000001001111100 '
b00000000000000000000000001011000 (
b00000000000000000000001010000000 +
#1199
1"
b00000000000000000000001010000000 )
b00000000000000000000001010000100 *
b00000000000000000000001010000100 +
#1200
0"
1%
b00000000000000000000001111111100 &
b00000000000000000000001001010100 '
b00000000000000000000000101101000 (
0,
#1201
1"
#1202
0"
b10 $
b00000000000000000000001100010000 &
b00000000000000000000001101010000 '
b00000000000000000000000100010100 (
b00000000000000000000001101010000 +
#1203
1"
#1204
0"
0%
b00000000000000000000000001101000 &
b00000000000000000000000101010000 '
b00000000000000000000000001000000 (
b00000000000000000000000101010000 +
1,
#1205
1"
b00000000000000000000000101010000 )
b00000000000000000000000101010100 *
#1206
0"
b00 $
1%
b00000000000000000000001110010100 &
b00000000000000000000000101101100 '
b00000000000000000000001010111000 (
b00000000000000000000000101010100 +
0,
#1207
1"
#1208
0"
b10 $
b00000000000000000000000001011000 &
b00000000000000000000000100001000 '
b00000000000000000000000011000000 (
b00000000000000000000000100001000 +
#1209
1"
#1210
0"
b01 $
0%
b00000000000000000000000111101000 &
b00000000000000000000000001011100 '
b00000000000000000000001111101000 (
b00000000000000000000001111101000 +
1,
#1211
1"
b00000000000000000000001111101000 )
b00000000000000000000001111101100 *
#1212
0"
b00 $
b00000000000000000000001011010100 &
b00000000000000000000001000111100 '
b00000000000000000000001011000100 (
b00000000000000000000001111101100 +
#1213
1"
b00000000000000000000001111101100 )
b00000000000000000000001111110000 *
b00000000000000000000001111110000 +
#1214
0"
b11 $
1%
b00000000000000000000001000110000 &
b00000000000000000000001101010000 '
b00000000000000000000001111100100 (
b00000000000000000000001000110000 +
0,
#1215
1"
#1216
0"
b01 $
0%
b00000000000000000000001001100000 &
b00000000000000000000001110101100 '
b00000000000000000000001001111000 (
b00000000000000000000001001111000 +
1,
#1217
1"
b00000000000000000000001001111000 )
b00000000000000000000001001111100 *
#1218
0"
b00 $
b00000000000000000000001010000100 &
b00000000000000000000001000111000 '
b00000000000000000000001001011100 (
b00000000000000000000001001111100 +
#1219
1"
b00000000000000000000001001111100 )
b00000000000000000000001010000000 *
b00000000000000000000001010000000 +
#1220
0"
b11 $
b00000000000000000000001010000000 &
b00000000000000000000000110010100 '
b00000000000000000000001010001000 (
#1221
1"
b00000000000000000000001010000000 )
b00000000000000000000001010000100 *
#1222
0"
b00 $
1%
b00000000000000000000001111110100 &
b00000000000000000000000100101000 '
b00000000000000000000000011001000 (
b00000000000000000000001010000100 +
0,
#1223
1"
#1224
0"
b11 $
0%
b00000000000000000000000100111000 &
b00000000000000000000001010110000 '
b00000000000000000000000110100100 (
b00000000000000000000000100111000 +
1,
#1225
1"
b00000000000000000000000100111000 )
b00000000000000000000000100111100 *
#1226
0"
b00000000000000000000001000111000 &
b00000000000000000000001000101100 '
b00000000000000000000001001000000 (
b00000000000000000000001000111000 +
#1227
1"
b00000000000000000000001000111000 )
b00000000000000000000001000111100 *
#1228
0"
b00 $
1%
b00000000000000000000001101101000 &
b00000000000000000000000010000000 '
b00000000000000000000000100100000 (
b00000000000000000000001000111100 +
0,
#1229
1"
#1230
0"
0%
b00000000000000000000001000010000 &
b00000000000000000000000001100100 '
b00000000000000000000000101011000 (
1,
#1231
1"
b00000000000000000000001000111100 )
b00000000000000000000001001000000 *
b00000000000000000000001001000000 +
#1232
0"
1%
b00000000000000000000001011011000 &
b00000000000000000000001011110000 '
b00000000000000000000001100111000 (
0,
#1233
1"
#1234
0"
b01 $
b00000000000000000000001110100100 &
b00000000000000000000000101011000 '
b00000000000000000000001101011100 (
b00000000000000000000001101011100 +
#1235
1"
#1236
0"
b00 $
b00000000000000000000001011001000 &
b00000000000000000000000110101000 '
b00000000000000000000001111100100 (
b00000000000000000000001001000000 +
#1237
1"
#1238
0"
b11 $
0%
b00000000000000000000001011010100 &
b00000000000000000000001010101000 '
b00000000000000000000001111010100 (
b00000000000000000000001011010100 +
1,
#1239
1"
b00000000000000000000001011010100 )
b00000000000000000000001011011000 *
#1240
0"
b01 $
b00000000000000000000000101001000 &
b00000000000000000000000001111100 '
b00000000000000000000000101001000 (
b00000000000000000000000101001000 +
#1241
1"
b00000000000000000000000101001000 )
b00000000000000000000000101001100 *
#1242
0"
b11 $
1%
b00000000000000000000000001101000 &
b00000000000000000000001011000100 (
b00000000000000000000000001101000 +
0,
#1243
1"
#1244
0"
b01 $
b00000000000000000000000010011100 '
b00000000000000000000001111100000 (
b00000000000000000000001111100000 +
#1245
1"
#1246
0"
b00 $
0%
b00000000000000000000001000010100 &
b00000000000000000000001101001000 '
b00000000000000000000001101011000 (
b00000000000000000000000101001100 +
1,
#1247
1"
b00000000000000000000000101001100 )
b00000000000000000000000101010000 *
b00000000000000000000000101010000 +
#1248
0"
b00000000000000000000000010001100 &
b00000000000000000000000000111000 '
b00000000000000000000000101100000 (
#1249
1"
b00000000000000000000000101010000 )
b00000000000000000000000101010100 *
b00000000000000000000000101010100 +
#1250
0"
b01 $
b00000000000000000000001100001000 &
b00000000000000000000001101001000 '
b00000000000000000000001101010000 (
b00000000000000000000001101010000 +
#1251
1"
b00000000000000000000001101010000 )
b00000000000000000000001101010100 *
#1252
0"
b00 $
b00000000000000000000000000011000 &
b00000000000000000000000000101000 '
b00000000000000000000000011011100 (
b00000000000000000000001101010100 +
#1253
1"
b00000000000000000000001101010100 )
b00000000000000000000001101011000 *
b00000000000000000000001101011000 +
#1254
0"
1%
b00000000000000000000001100111100 &
b00000000000000000000000111001000 '
b00000000000000000000001100010100 (
0,
#1255
1"
#1256
0"
b00000000000000000000000000000000 &
b00000000000000000000001001101000 '
b00000000000000000000000000101100 (
#1257
1"
#1258
0"
0%
b00000000000000000000001000101100 &
b00000000000000000000000111110100 '
b00000000000000000000000101010000 (
1,
#1259
1"
b00000000000000000000001101011000 )
b00000000000000000000001101011100 *
b00000000000000000000001101011100 +
#1260
0"
b10 $
b00000000000000000000000100001000 &
b00000000000000000000001000010100 '
b00000000000000000000001110100000 (
b00000000000000000000001000010100 +
#1261
1"
b00000000000000000000001000010100 )
b00000000000000000000001000011000 *
#1262
0"
b11 $
b00000000000000000000000001001000 &
b00000000000000000000000101110100 '
b00000000000000000000000111010100 (
b00000000000000000000000001001000 +
#1263
1"
b00000000000000000000000001001000 )
b00000000000000000000000001001100 *
#1264
0"
b10 $
1%
b00000000000000000000001000110100 &
b00000000000000000000001110110000 '
b00000000000000000000000010000000 (
b00000000000000000000001110110000 +
0,
#1265
1"
#1266
0"
b00 $
0%
b00000000000000000000001100010100 &
b00000000000000000000001001001100 '
b00000000000000000000001011011100 (
b00000000000000000000000001001100 +
1,
#1267
1"
b00000000000000000000000001001100 )
b00000000000000000000000001010000 *
b00000000000000000000000001010000 +
#1268
0"
b10 $
1%
b00000000000000000000001001101000 &
b00000000000000000000001000101100 '
b00000000000000000000001010110100 (
b00000000000000000000001000101100 +
0,
#1269
1"
#1270
0"
b01 $
b00000000000000000000000011000000 &
b00000000000000000000000011000100 '
b00000000000000000000000000000100 (
b00000000000000000000000000000100 +
#1271
1"
#1272
0"
b00 $
b00000000000000000000001101101100 &
b00000000000000000000001100011100 '
b00000000000000000000000001100000 (
b00000000000000000000000001010000 +
#1273
1"
#1274
0"
b11 $
0%
b00000000000000000000001011101100 &
b00000000000000000000001101011000 '
b00000000000000000000001011111100 (
b00000000000000000000001011101100 +
1,
#1275
1"
b00000000000000000000001011101100 )
b00000000000000000000001011110000 *
#1276
0"
b00 $
b00000000000000000000001101010100 &
b00000000000000000000001011110100 '
b00000000000000000000001010100100 (
b00000000000000000000001011110000 +
#1277
1"
b00000000000000000000001011110000 )
b00000000000000000000001011110100 *
b00000000000000000000001011110100 +
#1278
0"
b01 $
1%
b00000000000000000000001110110100 &
b00000000000000000000001011101000 '
b00000000000000000000000001010100 (
b00000000000000000000000001010100 +
0,
#1279
1"
#1280
0"
b00 $
b00000000000000000000000010100000 &
b00000000000000000000000011111100 '
b00000000000000000000001101000000 (
b00000000000000000000001011110100 +
#1281
1"
#1282
0"
b10 $
0%
b00000000000000000000000101001100 &
b00000000000000000000000000011000 '
b00000000000000000000000001010100 (
b00000000000000000000000000011000 +
1,
#1283
1"
b00000000000000000000000000011000 )
b00000000000000000000000000011100 *
#1284
0"
b00 $
b00000000000000000000001010100000 &
b00000000000000000000000010111100 '
b00000000000000000000000101000100 (
b00000000000000000000000000011100 +
#1285
1"
b00000000000000000000000000011100 )
b00000000000000000000000000100000 *
b00000000000000000000000000100000 +
#1286
0"
b01 $
1%
b00000000000000000000001011001100 &
b00000000000000000000000111110000 '
b00000000000000000000001100100100 (
b00000000000000000000001100100100 +
0,
#1287
1"
#1288
0"
b11 $
0%
b00000000000000000000001000010100 &
b00000000000000000000000100100000 '
b00000000000000000000000110100100 (
b00000000000000000000001000010100 +
1,
#1289
1"
b00000000000000000000001000010100 )
b00000000000000000000001000011000 *
#1290
0"
b10 $
1%
b00000000000000000000001110101000 &
b00000000000000000000000001110000 '
b00000000000000000000001111011100 (
b00000000000000000000000001110000 +
0,
#1291
1"
#1292
0"
b11 $
0%
b00000000000000000000000011110000 &
b00000000000000000000000010100000 '
b00000000000000000000001111111100 (
b00000000000000000000000011110000 +
1,
#1293
1"
b00000000000000000000000011110000 )
b00000000000000000000000011110100 *
#1294
0"
b00 $
b00000000000000000000001110010000 &
b00000000000000000000000110000000 '
b00000000000000000000000000010000 (
b00000000000000000000000011110100 +
#1295
1"
b00000000000000000000000011110100 )
b00000000000000000000000011111000 *
b00000000000000000000000011111000 +
#1296
0"
b01 $
b00000000000000000000001000111000 &
b00000000000000000000001010001000 '
b00000000000000000000001110010000 (
b00000000000000000000001110010000 +
#1297
1"
b00000000000000000000001110010000 )
b00000000000000000000001110010100 *
#1298
0"
b00 $
1%
b00000000000000000000001101011100 &
b00000000000000000000001001001100 '
b00000000000000000000001101111100 (
b00000000000000000000001110010100 +
0,
#1299
1"
#1300
0"
0%
b00000000000000000000001000101100 &
b00000000000000000000000010010100 '
b00000000000000000000000100111000 (
1,
#1301
1"
b00000000000000000000001110010100 )
b00000000000000000000001110011000 *
b00000000000000000000001110011000 +
#1302
0"
b00000000000000000000001101111000 '
b00000000000000000000000111000000 (
#1303
1"
b00000000000000000000001110011000 )
b00000000000000000000001110011100 *
b00000000000000000000001110011100 +
#1304
0"
b11 $
b00000000000000000000000011000000 &
b00000000000000000000001011111100 '
b00000000000000000000000000011000 (
b00000000000000000000000011000000 +
#1305
1"
b00000000000000000000000011000000 )
b00000000000000000000000011000100 *
#1306
0"
b00 $
b00000000000000000000000000010000 &
b00000000000000000000000001010000 '
b00000000000000000000000010110000 (
b00000000000000000000000011000100 +
#1307
1"
b00000000000000000000000011000100 )
b00000000000000000000000011001000 *
b00000000000000000000000011001000 +
#1308
0"
1%
b00000000000000000000001110000000 &
b00000000000000000000001001011000 '
b00000000000000000000001010111100 (
0,
#1309
1"
#1310
0"
0%
b00000000000000000000000001001000 &
b00000000000000000000001001101100 '
b00000000000000000000000000101000 (
1,
#1311
1"
b00000000000000000000000011001000 )
b00000000000000000000000011001100 *
b00000000000000000000000011001100 +
#1312
0"
b01 $
1%
b00000000000000000000000001000000 &
b00000000000000000000000111110000 '
b00000000000000000000000110000100 (
b00000000000000000000000110000100 +
0,
#1313
1"
#1314
0"
b11 $
0%
b00000000000000000000001011010100 &
b00000000000000000000001110101000 '
b00000000000000000000000100111100 (
b00000000000000000000001011010100 +
1,
#1315
1"
b00000000000000000000001011010100 )
b00000000000000000000001011011000 *
#1316
0"
b01 $
1%
b00000000000000000000000010110100 &
b00000000000000000000000101010100 '
b00000000000000000000000010110100 (
b00000000000000000000000010110100 +
0,
#1317
1"
#1318
0"
b11 $
b00000000000000000000001111100100 &
b00000000000000000000000011011100 '
b00000000000000000000001001100100 (
b00000000000000000000001111100100 +
#1319
1"
#1320
0"
b01 $
b00000000000000000000001010011100 &
b00000000000000000000000000010100 '
b00000000000000000000001101010100 (
b00000000000000000000001101010100 +
#1321
1"
#1322
0"
b10 $
0%
b00000000000000000000000100110000 &
b00000000000000000000000110100100 '
b00000000000000000000000110010100 (
b00000000000000000000000110100100 +
1,
#1323
1"
b00000000000000000000000110100100 )
b00000000000000000000000110101000 *
#1324
0"
b00000000000000000000001010000100 &
b00000000000000000000000110011000 '
b00000000000000000000001101011100 (
b00000000000000000000000110011000 +
#1325
1"
b00000000000000000000000110011000 )
b00000000000000000000000110011100 *
#1326
0"
1%
b00000000000000000000000100011100 &
b00000000000000000000001011011100 '
b00000000000000000000001011000000 (
b00000000000000000000001011011100 +
0,
#1327
1"
#1328
0"
0%
b00000000000000000000000001110100 &
b00000000000000000000001100001100 '
b00000000000000000000000011000100 (
b00000000000000000000001100001100 +
1,
#1329
1"
b00000000000000000000001100001100 )
b00000000000000000000001100010000 *
#1330
0"
b00000000000000000000001011011100 &
b00000000000000000000000100001100 '
b00000000000000000000000010110100 (
b00000000000000000000000100001100 +
#1331
1"
b00000000000000000000000100001100 )
b00000000000000000000000100010000 *
#1332
0"
b00 $
b00000000000000000000000110110000 &
b00000000000000000000001111011100 '
b00000000000000000000000110111000 (
b00000000000000000000000100010000 +
#1333
1"
b00000000000000000000000100010000 )
b00000000000000000000000100010100 *
b00000000000000000000000100010100 +
#1334
0"
b10 $
b00000000000000000000000011100000 &
b00000000000000000000001000111000 '
b00000000000000000000001011011100 (
b00000000000000000000001000111000 +
#1335
1"
b00000000000000000000001000111000 )
b00000000000000000000001000111100 *
#1336
0"
b01 $
b00000000000000000000000001000100 &
b00000000000000000000000011111000 '
b00000000000000000000000100101000 (
b00000000000000000000000100101000 +
#1337
1"
b00000000000000000000000100101000 )
b00000000000000000000000100101100 *
#1338
0"
b00 $
b00000000000000000000000001000000 &
b00000000000000000000000011000000 '
b00000000000000000000001111011100 (
b00000000000000000000000100101100 +
#1339
1"
b00000000000000000000000100101100 )
b00000000000000000000000100110000 *
b00000000000000000000000100110000 +
#1340
0"
b00000000000000000000001101001100 &
b00000000000000000000001101110100 '
b00000000000000000000001000101000 (
#1341
1"
b00000000000000000000000100110000 )
b00000000000000000000000100110100 *
b00000000000000000000000100110100 +
#1342
0"
b01 $
b00000000000000000000001000000000 &
b00000000000000000000001011110000 '
b00000000000000000000000110101100 (
b00000000000000000000000110101100 +
#1343
1"
b00000000000000000000000110101100 )
b00000000000000000000000110110000 *
#1344
0"
b10 $
b00000000000000000000001101010000 &
b00000000000000000000000001101000 '
b00000000000000000000000000010000 (
b00000000000000000000000001101000 +
#1345
1"
b00000000000000000000000001101000 )
b00000000000000000000000001101100 *
#1346
0"
b00000000000000000000000101001000 &
b00000000000000000000000111101000 '
b00000000000000000000001110101000 (
b00000000000000000000000111101000 +
#1347
1"
b00000000000000000000000111101000 )
b00000000000000000000000111101100 *
#1348
0"
b01 $
1%
b00000000000000000000001100111000 &
b00000000000000000000000001101000 '
b00000000000000000000000101011000 (
b00000000000000000000000101011000 +
0,
#1349
1"
#1350
0"
b00000000000000000000001001011000 &
b00000000000000000000000010100100 '
b00000000000000000000000011001100 (
b00000000000000000000000011001100 +
#1351
1"
#1352
0"
b10 $
b00000000000000000000001111100100 &
b00000000000000000000000110000100 '
b00000000000000000000001100011000 (
b00000000000000000000000110000100 +
#1353
1"
#1354
0"
b11 $
0%
b00000000000000000000001110111000 &
b00000000000000000000000000010000 '
b00000000000000000000000010001000 (
b00000000000000000000001110111000 +
1,
#1355
1"
b00000000000000000000001110111000 )
b00000000000000000000001110111100 *
#1356
0"
b10 $
b00000000000000000000000010111100 &
b00000000000000000000000010111000 '
b00000000000000000000001100110000 (
b00000000000000000000000010111000 +
#1357
1"
b00000000000000000000000010111000 )
b00000000000000000000000010111100 *
#1358
0"
b11 $
b00000000000000000000000010100100 &
b00000000000000000000001000010100 '
b00000000000000000000001110101000 (
b00000000000000000000000010100100 +
#1359
1"
b00000000000000000000000010100100 )
b00000000000000000000000010101000 *
#1360
0"
b00000000000000000000000000000100 &
b00000000000000000000001110001000 '
b00000000000000000000001010100000 (
b00000000000000000000000000000100 +
#1361
1"
b00000000000000000000000000000100 )
b00000000000000000000000000001000 *
#1362
0"
1%
b00000000000000000000001010101100 &
b00000000000000000000001110111000 '
b00000000000000000000000010010000 (
b00000000000000000000001010101100 +
0,
#1363
1"
#1364
0"
b10 $
0%
b00000000000000000000000000110100 &
b00000000000000000000001101100000 '
b00000000000000000000001101110100 (
b00000000000000000000001101100000 +
1,
#1365
1"
b00000000000000000000001101100000 )
b00000000000000000000001101100100 *
#1366
0"
b11 $
1%
b00000000000000000000000100010000 &
b00000000000000000000001100001000 '
b00000000000000000000000101111100 (
b00000000000000000000000100010000 +
0,
#1367
1"
#1368
0"
b10 $
0%
b00000000000000000000000001000100 &
b00000000000000000000001001010100 '
b00000000000000000000000100101000 (
b00000000000000000000001001010100 +
1,
#1369
1"
b00000000000000000000001001010100 )
b00000000000000000000001001011000 *
#1370
0"
b00000000000000000000001011101000 &
b00000000000000000000000000011100 '
b00000000000000000000000100110100 (
b00000000000000000000000000011100 +
#1371
1"
b00000000000000000000000000011100 )
b00000000000000000000000000100000 *
#1372
0"
b00 $
b00000000000000000000001101101100 &
b00000000000000000000001010010100 '
b00000000000000000000001111110000 (
b00000000000000000000000000100000 +
#1373
1"
b00000000000000000000000000100000 )
b00000000000000000000000000100100 *
b00000000000000000000000000100100 +
#1374
0"
1%
b00000000000000000000001111011100 &
b00000000000000000000000010111100 '
b00000000000000000000001110101100 (
0,
#1375
1"
#1376
0"
b11 $
0%
b00000000000000000000000110011100 &
b00000000000000000000000010100000 '
b00000000000000000000001110011000 (
b00000000000000000000000110011100 +
1,
#1377
1"
b00000000000000000000000110011100 )
b00000000000000000000000110100000 *
#1378
0"
b00 $
b00000000000000000000000100000100 &
b00000000000000000000001000100000 '
b00000000000000000000001011111000 (
b00000000000000000000000110100000 +
#1379
1"
b00000000000000000000000110100000 )
b00000000000000000000000110100100 *
b00000000000000000000000110100100 +
#1380
0"
b01 $
1%
b00000000000000000000001101101000 &
b00000000000000000000001011001000 '
b00000000000000000000001000010000 (
b00000000000000000000001000010000 +
0,
#1381
1"
#1382
0"
b00 $
0%
b00000000000000000000000100110100 &
b00000000000000000000001101111000 '
b00000000000000000000001001011100 (
b00000000000000000000000110100100 +
1,
#1383
1"
b00000000000000000000000110100100 )
b00000000000000000000000110101000 *
b00000000000000000000000110101000 +
#1384
0"
b10 $
b00000000000000000000001011001000 &
b00000000000000000000000111011000 '
b00000000000000000000000010011100 (
b00000000000000000000000111011000 +
#1385
1"
b00000000000000000000000111011000 )
b00000000000000000000000111011100 *
#1386
0"
b00000000000000000000000010010000 &
b00000000000000000000001010011000 '
b00000000000000000000000010100100 (
b00000000000000000000001010011000 +
#1387
1"
b00000000000000000000001010011000 )
b00000000000000000000001010011100 *
#1388
0"
b11 $
1%
b00000000000000000000000011011100 &
b00000000000000000000000111011000 '
b00000000000000000000001110101000 (
b00000000000000000000000011011100 +
0,
#1389
1"
#1390
0"
b01 $
b00000000000000000000001110011000 &
b00000000000000000000000101111100 '
b00000000000000000000000100001100 (
b00000000000000000000000100001100 +
#1391
1"
#1392
0"
b00 $
0%
b00000000000000000000000011001000 &
b00000000000000000000000111111000 '
b00000000000000000000001011001000 (
b00000000000000000000001010011100 +
1,
#1393
1"
b00000000000000000000001010011100 )
b00000000000000000000001010100000 *
b00000000000000000000001010100000 +
#1394
0"
b11 $
b00000000000000000000000100001100 &
b00000000000000000000000000010000 '
b00000000000000000000001000000000 (
b00000000000000000000000100001100 +
#1395
1"
b00000000000000000000000100001100 )
b00000000000000000000000100010000 *
#1396
0"
b10 $
b00000000000000000000000000001000 &
b00000000000000000000001000110000 '
b00000000000000000000000001010000 (
b00000000000000000000001000110000 +
#1397
1"
b00000000000000000000001000110000 )
b00000000000000000000001000110100 *
#1398
0"
b01 $
1%
b00000000000000000000000000111000 &
b00000000000000000000000100111000 '
b00000000000000000000001110000100 (
b00000000000000000000001110000100 +
0,
#1399
1"
#1400
0"
b00 $
b00000000000000000000001010001000 &
b00000000000000000000000110111100 '
b00000000000000000000001101010000 (
b00000000000000000000001000110100 +
#1401
1"
#1402
0"
b00000000000000000000001000111100 &
b00000000000000000000000111001000 '
b00000000000000000000001110110000 (
#1403
1"
#1404
0"
b10 $
0%
b00000000000000000000001110110000 &
b00000000000000000000000000010100 '
b00000000000000000000001001010000 (
b00000000000000000000000000010100 +
1,
#1405
1"
b00000000000000000000000000010100 )
b00000000000000000000000000011000 *
#1406
0"
b00000000000000000000000011011000 &
b00000000000000000000001110000100 '
b00000000000000000000001100000000 (
b00000000000000000000001110000100 +
#1407
1"
b00000000000000000000001110000100 )
b00000000000000000000001110001000 *
#1408
0"
b00000000000000000000000101111000 &
b00000000000000000000001011100000 '
b00000000000000000000000100100000 (
b00000000000000000000001011100000 +
#1409
1"
b00000000000000000000001011100000 )
b00000000000000000000001011100100 *
#1410
0"
b11 $
b00000000000000000000001000001100 &
b00000000000000000000001000000100 '
b00000000000000000000000011000000 (
b00000000000000000000001000001100 +
#1411
1"
b00000000000000000000001000001100 )
b00000000000000000000001000010000 *
#1412
0"
b00 $
1%
b00000000000000000000001000110100 &
b00000000000000000000000000011100 '
b00000000000000000000000010100100 (
b00000000000000000000001000010000 +
0,
#1413
1"
#1414
0"
b01 $
b00000000000000000000001011011000 &
b00000000000000000000001111000000 '
b00000000000000000000000000011000 (
b00000000000000000000000000011000 +
#1415
1"
#1416
0"
b10 $
b00000000000000000000000001110000 &
b00000000000000000000001000111000 '
b00000000000000000000001100100000 (
b00000000000000000000001000111000 +
#1417
1"
#1418
0"
b01 $
0%
b00000000000000000000001000010000 &
b00000000000000000000001110011100 '
b00000000000000000000000000111000 (
b00000000000000000000000000111000 +
1,
#1419
1"
b00000000000000000000000000111000 )
b00000000000000000000000000111100 *
#1420
0"
b00 $
b00000000000000000000001100101000 &
b00000000000000000000001010001000 '
b00000000000000000000000101011000 (
b00000000000000000000000000111100 +
#1421
1"
b00000000000000000000000000111100 )
b00000000000000000000000001000000 *
b00000000000000000000000001000000 +
#1422
0"
b10 $
1%
b00000000000000000000000011100000 &
b00000000000000000000001001011000 '
b00000000000000000000001001011100 (
b00000000000000000000001001011000 +
0,
#1423
1"
#1424
0"
b00 $
0%
b00000000000000000000000101000000 &
b00000000000000000000001111011000 '
b00000000000000000000000000000100 (
b00000000000000000000000001000000 +
1,
#1425
1"
b00000000000000000000000001000000 )
b00000000000000000000000001000100 *
b00000000000000000000000001000100 +
#1426
0"
b01 $
1%
b00000000000000000000001001010100 &
b00000000000000000000000010111100 '
b00000000000000000000000100100000 (
b00000000000000000000000100100000 +
0,
#1427
1"
#1428
0"
b11 $
b00000000000000000000000000101100 &
b00000000000000000000001011011100 '
b00000000000000000000000101111100 (
b00000000000000000000000000101100 +
#1429
1"
#1430
0"
0%
b00000000000000000000001000110000 &
b00000000000000000000000101011100 '
b00000000000000000000000101000000 (
b00000000000000000000001000110000 +
1,
#1431
1"
b00000000000000000000001000110000 )
b00000000000000000000001000110100 *
#1432
0"
b10 $
1%
b00000000000000000000001110111000 &
b00000000000000000000000110010000 '
b00000000000000000000000011110100 (
b00000000000000000000000110010000 +
0,
#1433
1"
#1434
0"
b00 $
0%
b00000000000000000000000101001100 &
b00000000000000000000000111110100 '
b00000000000000000000000000110000 (
b00000000000000000000001000110100 +
1,
#1435
1"
b00000000000000000000001000110100 )
b00000000000000000000001000111000 *
b00000000000000000000001000111000 +
#1436
0"
b10 $
1%
b00000000000000000000000000011100 &
b00000000000000000000000011101000 '
b00000000000000000000001101101100 (
b00000000000000000000000011101000 +
0,
#1437
1"
#1438
0"
b00 $
0%
b00000000000000000000000011001100 &
b00000000000000000000001001110100 '
b00000000000000000000001110001100 (
b00000000000000000000001000111000 +
1,
#1439
1"
b00000000000000000000001000111000 )
b00000000000000000000001000111100 *
b00000000000000000000001000111100 +
#1440
0"
b11 $
b00000000000000000000001011010100 &
b00000000000000000000001000011000 '
b00000000000000000000001111000000 (
b00000000000000000000001011010100 +
#1441
1"
b00000000000000000000001011010100 )
b00000000000000000000001011011000 *
#1442
0"
b00 $
1%
b00000000000000000000000101100000 &
b00000000000000000000001010000000 '
b00000000000000000000001011000000 (
b00000000000000000000001011011000 +
0,
#1443
1"
#1444
0"
0%
b00000000000000000000000100101100 &
b00000000000000000000001001011000 '
b00000000000000000000001001111000 (
1,
#1445
1"
b00000000000000000000001011011000 )
b00000000000000000000001011011100 *
b00000000000000000000001011011100 +
#1446
0"
1%
b00000000000000000000000001010100 &
b00000000000000000000001101101100 '
b00000000000000000000000101100000 (
0,
#1447
1"
#1448
0"
b01 $
b00000000000000000000000011110100 &
b00000000000000000000000010100000 '
b00000000000000000000000000000000 (
b00000000000000000000000000000000 +
#1449
1"
#1450
0"
b00000000000000000000001011010000 &
b00000000000000000000000100110000 '
b00000000000000000000001100111000 (
b00000000000000000000001100111000 +
#1451
1"
#1452
0"
b11 $
b00000000000000000000000000011100 &
b00000000000000000000000100110100 (
b00000000000000000000000000011100 +
#1453
1"
#1454
0"
b00000000000000000000001010011000 &
b00000000000000000000000100111100 '
b00000000000000000000000000000100 (
b00000000000000000000001010011000 +
#1455
1"
#1456
0"
b10 $
0%
b00000000000000000000000011110000 &
b00000000000000000000001010000100 '
b00000000000000000000001000111000 (
b00000000000000000000001010000100 +
1,
#1457
1"
b00000000000000000000001010000100 )
b00000000000000000000001010001000 *
#1458
0"
1%
b00000000000000000000000110100100 &
b00000000000000000000001110111100 '
b00000000000000000000000000010100 (
b00000000000000000000001110111100 +
0,
#1459
1"
#1460
0"
b01 $
b00000000000000000000001100101000 &
b00000000000000000000001111111100 '
b00000000000000000000000011100100 (
b00000000000000000000000011100100 +
#1461
1"
#1462
0"
b10 $
0%
b00000000000000000000000110101000 &
b00000000000000000000000111111000 '
b00000000000000000000000110010000 (
b00000000000000000000000111111000 +
1,
#1463
1"
b00000000000000000000000111111000 )
b00000000000000000000000111111100 *
#1464
0"
b01 $
b00000000000000000000000010101100 &
b00000000000000000000000100000000 '
b00000000000000000000000110001000 (
b00000000000000000000000110001000 +
#1465
1"
b00000000000000000000000110001000 )
b00000000000000000000000110001100 *
#1466
0"
b00 $
1%
b00000000000000000000001100001100 &
b00000000000000000000000001111000 '
b00000000000000000000001000011000 (
b00000000000000000000000110001100 +
0,
#1467
1"
#1468
0"
b01 $
0%
b00000000000000000000000111111000 &
b00000000000000000000000000000100 '
b00000000000000000000000001010100 (
b00000000000000000000000001010100 +
1,
#1469
1"
b00000000000000000000000001010100 )
b00000000000000000000000001011000 *
#1470
0"
1%
b00000000000000000000000011111000 &
b00000000000000000000000111011000 '
b00000000000000000000001100101100 (
b00000000000000000000001100101100 +
0,
#1471
1"
#1472
0"
b11 $
0%
b00000000000000000000001101110000 &
b00000000000000000000000000111000 '
b00000000000000000000000011011100 (
b00000000000000000000001101110000 +
1,
#1473
1"
b00000000000000000000001101110000 )
b00000000000000000000001101110100 *
#1474
0"
b01 $
b00000000000000000000000100111100 &
b00000000000000000000001000000000 '
b00000000000000000000000101011100 (
b00000000000000000000000101011100 +
#1475
1"
b00000000000000000000000101011100 )
b00000000000000000000000101100000 *
#1476
0"
b11 $
1%
b00000000000000000000000110110100 &
b00000000000000000000001101111000 '
b00000000000000000000001111100100 (
b00000000000000000000000110110100 +
0,
#1477
1"
#1478
0"
0%
b00000000000000000000000011000000 &
b00000000000000000000001001001100 '
b00000000000000000000000111010000 (
b00000000000000000000000011000000 +
1,
#1479
1"
b00000000000000000000000011000000 )
b00000000000000000000000011000100 *
#1480
0"
b10 $
b00000000000000000000001110100000 &
b00000000000000000000000011010100 '
b00000000000000000000000101100100 (
b00000000000000000000000011010100 +
#1481
1"
b00000000000000000000000011010100 )
b00000000000000000000000011011000 *
#1482
0"
b01 $
b00000000000000000000000011010000 &
b00000000000000000000000011101100 '
b00000000000000000000001011100000 (
b00000000000000000000001011100000 +
#1483
1"
b00000000000000000000001011100000 )
b00000000000000000000001011100100 *
#1484
0"
b11 $
1%
b00000000000000000000001111000000 &
b00000000000000000000001101101100 '
b00000000000000000000001000110100 (
b00000000000000000000001111000000 +
0,
#1485
1"
#1486
0"
b00000000000000000000000110010100 &
b00000000000000000000000111011000 '
b00000000000000000000000111000100 (
b00000000000000000000000110010100 +
#1487
1"
#1488
0"
b00 $
b00000000000000000000000010101000 &
b00000000000000000000000010100100 '
b00000000000000000000000000011100 (
b00000000000000000000001011100100 +
#1489
1"
#1490
0"
b11 $
b00000000000000000000000101110100 &
b00000000000000000000000101001100 '
b00000000000000000000001000110000 (
b00000000000000000000000101110100 +
#1491
1"
#1492
0"
b01 $
b00000000000000000000001110010000 &
b00000000000000000000001011100100 '
b00000000000000000000000011111000 (
b00000000000000000000000011111000 +
#1493
1"
#1494
0"
0%
b00000000000000000000001000000000 &
b00000000000000000000000111000100 '
b00000000000000000000001111001000 (
b00000000000000000000001111001000 +
1,
#1495
1"
b00000000000000000000001111001000 )
b00000000000000000000001111001100 *
#1496
0"
1%
b00000000000000000000000111000100 &
b00000000000000000000000010100100 '
b00000000000000000000000100110000 (
b00000000000000000000000100110000 +
0,
#1497
1"
#1498
0"
b10 $
b00000000000000000000000011110100 &
b00000000000000000000000110001100 '
b00000000000000000000001100011100 (
b00000000000000000000000110001100 +
#1499
1"
#1500
0"
0%
b00000000000000000000001111000100 &
b00000000000000000000001101100000 '
b00000000000000000000000100100100 (
b00000000000000000000001101100000 +
1,
#1501
1"
b00000000000000000000001101100000 )
b00000000000000000000001101100100 *
#1502
0"
b00 $
1%
b00000000000000000000000100001000 &
b00000000000000000000000101011000 '
b00000000000000000000000100111000 (
b00000000000000000000001101100100 +
0,
#1503
1"
#1504
0"
b10 $
b00000000000000000000000101100000 &
b00000000000000000000001011001000 '
b00000000000000000000001110000100 (
b00000000000000000000001011001000 +
#1505
1"
#1506
0"
b00000000000000000000001001011100 &
b00000000000000000000000001011100 '
b00000000000000000000000110000100 (
b00000000000000000000000001011100 +
#1507
1"
#1508
0"
b01 $
0%
b00000000000000000000001101001000 &
b00000000000000000000001111101000 '
b00000000000000000000000111100100 (
b00000000000000000000000111100100 +
1,
#1509
1"
b00000000000000000000000111100100 )
b00000000000000000000000111101000 *
#1510
0"
b10 $
b00000000000000000000001100101000 &
b00000000000000000000000101110000 '
b00000000000000000000000101110000 (
b00000000000000000000000101110000 +
#1511
1"
b00000000000000000000000101110000 )
b00000000000000000000000101110100 *
#1512
0"
b00000000000000000000000111110000 &
b00000000000000000000001000001100 '
b00000000000000000000001110001100 (
b00000000000000000000001000001100 +
#1513
1"
b00000000000000000000001000001100 )
b00000000000000000000001000010000 *
#1514
0"
b01 $
1%
b00000000000000000000001101111000 &
b00000000000000000000000000100000 '
b00000000000000000000001101000100 (
b00000000000000000000001101000100 +
0,
#1515
1"
#1516
0"
0%
b00000000000000000000001111100100 &
b00000000000000000000001000010100 '
b00000000000000000000001000100100 (
b00000000000000000000001000100100 +
1,
#1517
1"
b00000000000000000000001000100100 )
b00000000000000000000001000101000 *
#1518
0"
b10 $
1%
b00000000000000000000000111100000 &
b00000000000000000000000111000100 '
b00000000000000000000000011001000 (
b00000000000000000000000111000100 +
0,
#1519
1"
#1520
0"
b01 $
b00000000000000000000001000001000 &
b00000000000000000000001010101100 '
b00000000000000000000001111010100 (
b00000000000000000000001111010100 +
#1521
1"
#1522
0"
b00 $
0%
b00000000000000000000001110111000 &
b00000000000000000000001100011000 '
b00000000000000000000000010011000 (
b00000000000000000000001000101000 +
1,
#1523
1"
b00000000000000000000001000101000 )
b00000000000000000000001000101100 *
b00000000000000000000001000101100 +
#1524
0"
b10 $
b00000000000000000000000011000000 &
b00000000000000000000001101101100 (
b00000000000000000000001100011000 +
#1525
1"
b00000000000000000000001100011000 )
b00000000000000000000001100011100 *
#1526
0"
b11 $
1%
b00000000000000000000000101011100 &
b00000000000000000000001111001000 '
b00000000000000000000001001001100 (
b00000000000000000000000101011100 +
0,
#1527
1"
#1528
0"
b00 $
b00000000000000000000000110101000 &
b00000000000000000000000010000100 '
b00000000000000000000001010010000 (
b00000000000000000000001100011100 +
#1529
1"
#1530
0"
b11 $
b00000000000000000000001011111100 &
b00000000000000000000000110101100 '
b00000000000000000000000110110100 (
b00000000000000000000001011111100 +
#1531
1"
#1532
0"
b10 $
b00000000000000000000000110100000 &
b00000000000000000000000111010000 '
b00000000000000000000001111000000 (
b00000000000000000000000111010000 +
#1533
1"
#1534
0"
b01 $
0%
b00000000000000000000001011101000 &
b00000000000000000000000100101100 '
b00000000000000000000000011011100 (
b00000000000000000000000011011100 +
1,
#1535
1"
b00000000000000000000000011011100 )
b00000000000000000000000011100000 *
#1536
0"
b00 $
1%
b00000000000000000000001000111100 &
b00000000000000000000000001000100 '
b00000000000000000000000101101100 (
b00000000000000000000000011100000 +
0,
#1537
1"
#1538
0"
b11 $
0%
b00000000000000000000001110011100 &
b00000000000000000000001100001000 '
b00000000000000000000000001011000 (
b00000000000000000000001110011100 +
1,
#1539
1"
b00000000000000000000001110011100 )
b00000000000000000000001110100000 *
#1540
0"
b10 $
b00000000000000000000000011010100 &
b00000000000000000000001110010000 '
b00000000000000000000000000110000 (
b00000000000000000000001110010000 +
#1541
1"
b00000000000000000000001110010000 )
b00000000000000000000001110010100 *
#1542
0"
b01 $
1%
b00000000000000000000000000011100 &
b00000000000000000000001001100100 '
b00000000000000000000000100001100 (
b00000000000000000000000100001100 +
0,
#1543
1"
#1544
0"
b00 $
b00000000000000000000001000100000 &
b00000000000000000000001101110000 '
b00000000000000000000001111111100 (
b00000000000000000000001110010100 +
#1545
1"
#1546
0"
0%
b00000000000000000000000111000000 &
b00000000000000000000000011001100 '
b00000000000000000000001000010100 (
1,
#1547
1"
b00000000000000000000001110010100 )
b00000000000000000000001110011000 *
b00000000000000000000001110011000 +
#1548
0"
b11 $
1%
b00000000000000000000000001101100 &
b00000000000000000000000011011000 '
b00000000000000000000000010010000 (
b00000000000000000000000001101100 +
0,
#1549
1"
#1550
0"
b10 $
b00000000000000000000000100100100 &
b00000000000000000000000101110100 '
b00000000000000000000000110001100 (
b00000000000000000000000101110100 +
#1551
1"
#1552
0"
b11 $
0%
b00000000000000000000000100111000 &
b00000000000000000000001001010100 '
b00000000000000000000001011110000 (
b00000000000000000000000100111000 +
1,
#1553
1"
b00000000000000000000000100111000 )
b00000000000000000000000100111100 *
#1554
0"
b10 $
b00000000000000000000001001010000 &
b00000000000000000000000110000100 '
b00000000000000000000000000011100 (
b00000000000000000000000110000100 +
#1555
1"
b00000000000000000000000110000100 )
b00000000000000000000000110001000 *
#1556
0"
b11 $
b00000000000000000000001001001000 &
b00000000000000000000000101111100 '
b00000000000000000000001011001000 (
b00000000000000000000001001001000 +
#1557
1"
b00000000000000000000001001001000 )
b00000000000000000000001001001100 *
#1558
0"
b10 $
1%
b00000000000000000000001110110000 &
b00000000000000000000000000001000 '
b00000000000000000000000000101000 (
b00000000000000000000000000001000 +
0,
#1559
1"
#1560
0"
b00000000000000000000000001111000 &
b00000000000000000000001000110100 '
b00000000000000000000001101111100 (
b00000000000000000000001000110100 +
#1561
1"
#1562
0"
b00000000000000000000001000000100 &
b00000000000000000000001000101100 '
b00000000000000000000000110000100 (
b00000000000000000000001000101100 +
#1563
1"
#1564
0"
b00 $
b00000000000000000000000011100100 &
b00000000000000000000000011001000 '
b00000000000000000000001000000000 (
b00000000000000000000001001001100 +
#1565
1"
#1566
0"
b01 $
0%
b00000000000000000000001110111000 &
b00000000000000000000001000100100 '
b00000000000000000000001110111000 (
b00000000000000000000001110111000 +
1,
#1567
1"
b00000000000000000000001110111000 )
b00000000000000000000001110111100 *
#1568
0"
b10 $
b00000000000000000000001100010000 &
b00000000000000000000001000100000 '
b00000000000000000000001011111100 (
b00000000000000000000001000100000 +
#1569
1"
b00000000000000000000001000100000 )
b00000000000000000000001000100100 *
#1570
0"
b00000000000000000000001001011100 &
b00000000000000000000000110001100 '
b00000000000000000000000001110000 (
b00000000000000000000000110001100 +
#1571
1"
b00000000000000000000000110001100 )
b00000000000000000000000110010000 *
#1572
0"
b01 $
1%
b00000000000000000000001100010100 &
b00000000000000000000001011111100 '
b00000000000000000000000110001000 (
b00000000000000000000000110001000 +
0,
#1573
1"
#1574
0"
0%
b00000000000000000000000110010100 &
b00000000000000000000000010011000 '
b00000000000000000000001000110100 (
b00000000000000000000001000110100 +
1,
#1575
1"
b00000000000000000000001000110100 )
b00000000000000000000001000111000 *
#1576
0"
b10 $
b00000000000000000000000111100000 &
b00000000000000000000001111111100 '
b00000000000000000000000011110100 (
b00000000000000000000001111111100 +
#1577
1"
b00000000000000000000001111111100 )
b00000000000000000000010000000000 *
#1578
0"
b00 $
1%
b00000000000000000000001100100100 &
b00000000000000000000001110011100 '
b00000000000000000000000111111000 (
b00000000000000000000010000000000 +
0,
#1579
1"
#1580
0"
b11 $
b00000000000000000000001101111100 &
b00000000000000000000000111101100 '
b00000000000000000000000110010100 (
b00000000000000000000001101111100 +
#1581
1"
#1582
0"
b10 $
0%
b00000000000000000000001000000000 &
b00000000000000000000000011010100 '
b00000000000000000000000101010100 (
b00000000000000000000000011010100 +
1,
#1583
1"
b00000000000000000000000011010100 )
b00000000000000000000000011011000 *
#1584
0"
b00 $
1%
b00000000000000000000000010101000 &
b00000000000000000000000110001000 '
b00000000000000000000001001011000 (
b00000000000000000000000011011000 +
0,
#1585
1"
#1586
0"
b00000000000000000000001001100000 &
b00000000000000000000001111000100 '
b00000000000000000000000010110100 (
#1587
1"
#1588
0"
b10 $
0%
b00000000000000000000000011011100 &
b00000000000000000000001001111000 '
b00000000000000000000001011011100 (
b00000000000000000000001001111000 +
1,
#1589
1"
b00000000000000000000001001111000 )
b00000000000000000000001001111100 *
#1590
0"
b00 $
1%
b00000000000000000000001010110000 &
b00000000000000000000000011111000 '
b00000000000000000000000111111000 (
b00000000000000000000001001111100 +
0,
#1591
1"
#1592
0"
b11 $
b00000000000000000000000101101100 &
b00000000000000000000000000101000 '
b00000000000000000000000111000100 (
b00000000000000000000000101101100 +
#1593
1"
#1594
0"
b00 $
0%
b00000000000000000000000110001100 &
b00000000000000000000000100000000 '
b00000000000000000000001101111000 (
b00000000000000000000001001111100 +
1,
#1595
1"
b00000000000000000000001001111100 )
b00000000000000000000001010000000 *
b00000000000000000000001010000000 +
#1596
0"
1%
b00000000000000000000001011010100 &
b00000000000000000000001110001000 '
b00000000000000000000000011111100 (
0,
#1597
1"
#1598
0"
b11 $
0%
b00000000000000000000000100011000 &
b00000000000000000000001110010000 '
b00000000000000000000000101111100 (
b00000000000000000000000100011000 +
1,
#1599
1"
b00000000000000000000000100011000 )
b00000000000000000000000100011100 *
#1600
0"
b00000000000000000000000001011100 &
b00000000000000000000001010101000 '
b00000000000000000000001010100000 (
b00000000000000000000000001011100 +
#1601
1"
b00000000000000000000000001011100 )
b00000000000000000000000001100000 *
#1602
0"
1%
b00000000000000000000000011111100 &
b00000000000000000000000111101100 '
b00000000000000000000000101110100 (
b00000000000000000000000011111100 +
0,
#1603
1"
#1604
0"
b01 $
0%
b00000000000000000000000101001000 &
b00000000000000000000000001100000 '
b00000000000000000000001011000000 (
b00000000000000000000001011000000 +
1,
#1605
1"
b00000000000000000000001011000000 )
b00000000000000000000001011000100 *
#1606
0"
b11 $
1%
b00000000000000000000000101100100 &
b00000000000000000000000010011000 '
b00000000000000000000000001100100 (
b00000000000000000000000101100100 +
0,
#1607
1"
#1608
0"
0%
b00000000000000000000001111011000 &
b00000000000000000000001110110000 '
b00000000000000000000001100000000 (
b00000000000000000000001111011000 +
1,
#1609
1"
b00000000000000000000001111011000 )
b00000000000000000000001111011100 *
#1610
0"
b01 $
1%
b00000000000000000000000010111000 &
b00000000000000000000000111101100 '
b00000000000000000000000001101100 (
b00000000000000000000000001101100 +
0,
#1611
1"
#1612
0"
b10 $
0%
b00000000000000000000000010010100 &
b00000000000000000000001010010100 '
b00000000000000000000001001100100 (
b00000000000000000000001010010100 +
1,
#1613
1"
b00000000000000000000001010010100 )
b00000000000000000000001010011000 *
#1614
0"
b00000000000000000000001011100000 &
b00000000000000000000000000110100 '
b00000000000000000000001111000000 (
b00000000000000000000000000110100 +
#1615
1"
b00000000000000000000000000110100 )
b00000000000000000000000000111000 *
#1616
0"
b01 $
1%
b00000000000000000000001001011000 &
b00000000000000000000000110011100 '
b00000000000000000000001110001100 (
b00000000000000000000001110001100 +
0,
#1617
1"
#1618
0"
b11 $
b00000000000000000000001011110000 &
b00000000000000000000001010000000 '
b00000000000000000000000101000100 (
b00000000000000000000001011110000 +
#1619
1"
#1620
0"
b10 $
b00000000000000000000000011000000 &
b00000000000000000000001100110000 '
b00000000000000000000001100001100 (
b00000000000000000000001100110000 +
#1621
1"
#1622
0"
b00 $
0%
b00000000000000000000001111101000 &
b00000000000000000000000001111100 '
b00000000000000000000000111110100 (
b00000000000000000000000000111000 +
1,
#1623
1"
b00000000000000000000000000111000 )
b00000000000000000000000000111100 *
b00000000000000000000000000111100 +
#1624
0"
b10 $
1%
b00000000000000000000000110110000 &
b00000000000000000000000011101100 '
b00000000000000000000000101001000 (
b00000000000000000000000011101100 +
0,
#1625
1"
#1626
0"
b01 $
b00000000000000000000001100011100 &
b00000000000000000000001011110100 '
b00000000000000000000000001011100 (
b00000000000000000000000001011100 +
#1627
1"
#1628
0"
b11 $
0%
b00000000000000000000001110001000 &
b00000000000000000000000100110100 '
b00000000000000000000000011100100 (
b00000000000000000000001110001000 +
1,
#1629
1"
b00000000000000000000001110001000 )
b00000000000000000000001110001100 *
#1630
0"
b01 $
b00000000000000000000000110010000 &
b00000000000000000000001000001000 '
b00000000000000000000000011010000 (
b00000000000000000000000011010000 +
#1631
1"
b00000000000000000000000011010000 )
b00000000000000000000000011010100 *
#1632
0"
b10 $
b00000000000000000000000000101100 &
b00000000000000000000001110011000 '
b00000000000000000000000010010000 (
b00000000000000000000001110011000 +
#1633
1"
b00000000000000000000001110011000 )
b00000000000000000000001110011100 *
#1634
0"
b00000000000000000000000010011000 &
b00000000000000000000001100100100 '
b00000000000000000000001111010100 (
b00000000000000000000001100100100 +
#1635
1"
b00000000000000000000001100100100 )
b00000000000000000000001100101000 *
#1636
0"
b00 $
1%
b00000000000000000000001010001000 &
b00000000000000000000000001000000 '
b00000000000000000000000001101000 (
b00000000000000000000001100101000 +
0,
#1637
1"
#1638
0"
b01 $
b00000000000000000000000010010000 &
b00000000000000000000001011110000 '
b00000000000000000000001101001000 (
b00000000000000000000001101001000 +
#1639
1"
#1640
0"
b11 $
b00000000000000000000001010010000 &
b00000000000000000000000001110100 '
b00000000000000000000001100000000 (
b00000000000000000000001010010000 +
#1641
1"
#1642
0"
b01 $
0%
b00000000000000000000000101010100 &
b00000000000000000000000100001000 '
b00000000000000000000000110010000 (
b00000000000000000000000110010000 +
1,
#1643
1"
b00000000000000000000000110010000 )
b00000000000000000000000110010100 *
#1644
0"
b00000000000000000000001011110000 &
b00000000000000000000001001010100 '
b00000000000000000000001101111000 (
b00000000000000000000001101111000 +
#1645
1"
b00000000000000000000001101111000 )
b00000000000000000000001101111100 *
#1646
0"
1%
b00000000000000000000001011010000 &
b00000000000000000000000000011100 '
b00000000000000000000000010110000 (
b00000000000000000000000010110000 +
0,
#1647
1"
#1648
0"
b10 $
b00000000000000000000000000101100 &
b00000000000000000000000100110000 '
b00000000000000000000001011101100 (
b00000000000000000000000100110000 +
#1649
1"
#1650
0"
b00000000000000000000001101000000 &
b00000000000000000000000100101000 '
b00000000000000000000001111110100 (
b00000000000000000000000100101000 +
#1651
1"
#1652
0"
b00000000000000000000000111000000 &
b00000000000000000000000100011000 '
b00000000000000000000001010001000 (
b00000000000000000000000100011000 +
#1653
1"
#1654
0"
b01 $
0%
b00000000000000000000001000010000 &
b00000000000000000000001000011000 '
b00000000000000000000000110011000 (
b00000000000000000000000110011000 +
1,
#1655
1"
b00000000000000000000000110011000 )
b00000000000000000000000110011100 *
#1656
0"
1%
b00000000000000000000000101111000 &
b00000000000000000000001010010100 '
b00000000000000000000001010010000 (
b00000000000000000000001010010000 +
0,
#1657
1"
#1658
0"
b00 $
0%
b00000000000000000000000000100000 &
b00000000000000000000001111000000 '
b00000000000000000000001000111000 (
b00000000000000000000000110011100 +
1,
#1659
1"
b00000000000000000000000110011100 )
b00000000000000000000000110100000 *
b00000000000000000000000110100000 +
#1660
0"
b00000000000000000000000011100100 &
b00000000000000000000000100000000 '
b00000000000000000000001110011100 (
#1661
1"
b00000000000000000000000110100000 )
b00000000000000000000000110100100 *
b00000000000000000000000110100100 +
#1662
0"
b01 $
b00000000000000000000000010100000 &
b00000000000000000000001100010100 '
b00000000000000000000001011000000 (
b00000000000000000000001011000000 +
#1663
1"
b00000000000000000000001011000000 )
b00000000000000000000001011000100 *
#1664
0"
b10 $
b00000000000000000000000011010100 &
b00000000000000000000001001011000 '
b00000000000000000000001010111000 (
b00000000000000000000001001011000 +
#1665
1"
b00000000000000000000001001011000 )
b00000000000000000000001001011100 *
#1666
0"
b11 $
1%
b00000000000000000000001101001000 &
b00000000000000000000000101101100 '
b00000000000000000000000100110100 (
b00000000000000000000001101001000 +
0,
#1667
1"
#1668
0"
b00 $
0%
b00000000000000000000000101110100 &
b00000000000000000000001001011000 '
b00000000000000000000001110101000 (
b00000000000000000000001001011100 +
1,
#1669
1"
b00000000000000000000001001011100 )
b00000000000000000000001001100000 *
b00000000000000000000001001100000 +
#1670
0"
b01 $
b00000000000000000000000111000000 &
b00000000000000000000000000100100 '
b00000000000000000000001100001100 (
b00000000000000000000001100001100 +
#1671
1"
b00000000000000000000001100001100 )
b00000000000000000000001100010000 *
#1672
0"
b10 $
b00000000000000000000000101110100 &
b00000000000000000000000011100000 '
b00000000000000000000000111111000 (
b00000000000000000000000011100000 +
#1673
1"
b00000000000000000000000011100000 )
b00000000000000000000000011100100 *
#1674
0"
b00 $
1%
b00000000000000000000001110010000 &
b00000000000000000000000110110100 '
b00000000000000000000001111001000 (
b00000000000000000000000011100100 +
0,
#1675
1"
#1676
0"
b00000000000000000000000101101000 &
b00000000000000000000001100100100 '
b00000000000000000000000010100100 (
#1677
1"
#1678
0"
b01 $
0%
b00000000000000000000001111000100 &
b00000000000000000000001101101100 '
b00000000000000000000001111101100 (
b00000000000000000000001111101100 +
1,
#1679
1"
b00000000000000000000001111101100 )
b00000000000000000000001111110000 *
#1680
0"
b10 $
b00000000000000000000000100000000 &
b00000000000000000000001001101100 '
b00000000000000000000001010101000 (
b00000000000000000000001001101100 +
#1681
1"
b00000000000000000000001001101100 )
b00000000000000000000001001110000 *
#1682
0"
1%
b00000000000000000000000111110100 &
b00000000000000000000001001101000 '
b00000000000000000000001010011000 (
b00000000000000000000001001101000 +
0,
#1683
1"
#1684
0"
b00 $
b00000000000000000000001110010000 &
b00000000000000000000001001110100 '
b00000000000000000000001101000100 (
b00000000000000000000001001110000 +
#1685
1"
#1686
0"
b10 $
0%
b00000000000000000000001111111000 &
b00000000000000000000000100011000 '
b00000000000000000000000100111100 (
b00000000000000000000000100011000 +
1,
#1687
1"
b00000000000000000000000100011000 )
b00000000000000000000000100011100 *
#1688
0"
b00 $
b00000000000000000000001110001000 &
b00000000000000000000000100101100 '
b00000000000000000000001010001100 (
b00000000000000000000000100011100 +
#1689
1"
b00000000000000000000000100011100 )
b00000000000000000000000100100000 *
b00000000000000000000000100100000 +
#1690
0"
b11 $
b00000000000000000000000100001100 &
b00000000000000000000001111110000 '
b00000000000000000000000010111100 (
b00000000000000000000000100001100 +
#1691
1"
b00000000000000000000000100001100 )
b00000000000000000000000100010000 *
#1692
0"
1%
b00000000000000000000000111111100 '
b00000000000000000000001101011000 (
0,
#1693
1"
#1694
0"
b10 $
b00000000000000000000000111001100 &
b00000000000000000000000110101100 '
b00000000000000000000000100001100 (
b00000000000000000000000110101100 +
#1695
1"
#1696
0"
b00000000000000000000001101110000 &
b00000000000000000000001111111000 '
b00000000000000000000000100100000 (
b00000000000000000000001111111000 +
#1697
1"
#1698
0"
b01 $
b00000000000000000000000010101000 &
b00000000000000000000001010101100 '
b00000000000000000000001010011100 (
b00000000000000000000001010011100 +
#1699
1"
#1700
0"
0%
b00000000000000000000001000001000 &
b00000000000000000000000101101100 '
b00000000000000000000001110011100 (
b00000000000000000000001110011100 +
1,
#1701
1"
b00000000000000000000001110011100 )
b00000000000000000000001110100000 *
#1702
0"
1%
b00000000000000000000000011101100 &
b00000000000000000000000110100100 '
b00000000000000000000000110001100 (
b00000000000000000000000110001100 +
0,
#1703
1"
#1704
0"
b10 $
0%
b00000000000000000000001001111000 &
b00000000000000000000001010111000 '
b00000000000000000000000010011100 (
b00000000000000000000001010111000 +
1,
#1705
1"
b00000000000000000000001010111000 )
b00000000000000000000001010111100 *
#1706
0"
b01 $
b00000000000000000000001101000000 &
b00000000000000000000001110100000 '
b00000000000000000000000000011100 (
b00000000000000000000000000011100 +
#1707
1"
b00000000000000000000000000011100 )
b00000000000000000000000000100000 *
#1708
0"
b11 $
b00000000000000000000001011001000 &
b00000000000000000000001111000000 '
b00000000000000000000000000000100 (
b00000000000000000000001011001000 +
#1709
1"
b00000000000000000000001011001000 )
b00000000000000000000001011001100 *
#1710
0"
b10 $
1%
b00000000000000000000000110001000 &
b00000000000000000000000010010100 '
b00000000000000000000000100100100 (
b00000000000000000000000010010100 +
0,
#1711
1"
#1712
0"
b01 $
0%
b00000000000000000000001110010100 &
b00000000000000000000001000101100 '
b00000000000000000000001111101000 (
b00000000000000000000001111101000 +
1,
#1713
1"
b00000000000000000000001111101000 )
b00000000000000000000001111101100 *
#1714
0"
b00 $
1%
b00000000000000000000000110000100 &
b00000000000000000000000000011100 '
b00000000000000000000000001101000 (
b00000000000000000000001111101100 +
0,
#1715
1"
#1716
0"
b00000000000000000000001100001000 &
b00000000000000000000000110001100 '
b00000000000000000000000001111100 (
#1717
1"
#1718
0"
b01 $
0%
b00000000000000000000001011101100 &
b00000000000000000000001011100100 '
b00000000000000000000001100000000 (
b00000000000000000000001100000000 +
1,
#1719
1"
b00000000000000000000001100000000 )
b00000000000000000000001100000100 *
#1720
0"
b10 $
b00000000000000000000001100001100 &
b00000000000000000000000111010000 '
b00000000000000000000001011110000 (
b00000000000000000000000111010000 +
#1721
1"
b00000000000000000000000111010000 )
b00000000000000000000000111010100 *
#1722
0"
b00 $
1%
b00000000000000000000000101101000 &
b00000000000000000000000010011000 '
b00000000000000000000001001010000 (
b00000000000000000000000111010100 +
0,
#1723
1"
#1724
0"
b11 $
b00000000000000000000000011001000 &
b00000000000000000000001000100000 '
b00000000000000000000001011101100 (
b00000000000000000000000011001000 +
#1725
1"
#1726
0"
b00 $
0%
b00000000000000000000000110110000 &
b00000000000000000000001000110100 '
b00000000000000000000000101101100 (
b00000000000000000000000111010100 +
1,
#1727
1"
b00000000000000000000000111010100 )
b00000000000000000000000111011000 *
b00000000000000000000000111011000 +
#1728
0"
b10 $
b00000000000000000000001100110000 &
b00000000000000000000000100100000 '
b00000000000000000000001011010100 (
b00000000000000000000000100100000 +
#1729
1"
b00000000000000000000000100100000 )
b00000000000000000000000100100100 *
#1730
0"
b00 $
1%
b00000000000000000000001000110100 &
b00000000000000000000001010011100 '
b00000000000000000000001110101000 (
b00000000000000000000000100100100 +
0,
#1731
1"
#1732
0"
b01 $
0%
b00000000000000000000001011011000 &
b00000000000000000000000001000000 '
b00000000000000000000001101111000 (
b00000000000000000000001101111000 +
1,
#1733
1"
b00000000000000000000001101111000 )
b00000000000000000000001101111100 *
#1734
0"
b11 $
b00000000000000000000000100110100 &
b00000000000000000000001100110100 '
b00000000000000000000001111101000 (
b00000000000000000000000100110100 +
#1735
1"
b00000000000000000000000100110100 )
b00000000000000000000000100111000 *
#1736
0"
b01 $
b00000000000000000000000010101000 &
b00000000000000000000000001010000 '
b00000000000000000000001111100000 (
b00000000000000000000001111100000 +
#1737
1"
b00000000000000000000001111100000 )
b00000000000000000000001111100100 *
#1738
0"
b00000000000000000000000100110000 &
b00000000000000000000000101000100 '
b00000000000000000000001100111000 (
b00000000000000000000001100111000 +
#1739
1"
b00000000000000000000001100111000 )
b00000000000000000000001100111100 *
#1740
0"
b11 $
1%
b00000000000000000000000010000000 &
b00000000000000000000000111001100 '
b00000000000000000000000001111100 (
b00000000000000000000000010000000 +
0,
#1741
1"
#1742
0"
b01 $
b00000000000000000000000101000000 &
b00000000000000000000000110001000 '
b00000000000000000000000000011100 (
b00000000000000000000000000011100 +
#1743
1"
#1744
0"
b10 $
b00000000000000000000000111000100 &
b00000000000000000000001111000000 '
b00000000000000000000001100000000 (
b00000000000000000000001111000000 +
#1745
1"
#1746
0"
b11 $
b00000000000000000000001001010000 &
b00000000000000000000001001110100 '
b00000000000000000000000011000000 (
b00000000000000000000001001010000 +
#1747
1"
#1748
0"
0%
b00000000000000000000001010000000 &
b00000000000000000000001011100100 '
b00000000000000000000001001001000 (
b00000000000000000000001010000000 +
1,
#1749
1"
b00000000000000000000001010000000 )
b00000000000000000000001010000100 *
#1750
0"
b00 $
b00000000000000000000001101001100 &
b00000000000000000000001110010000 '
b00000000000000000000001110111100 (
b00000000000000000000001010000100 +
#1751
1"
b00000000000000000000001010000100 )
b00000000000000000000001010001000 *
b00000000000000000000001010001000 +
#1752
0"
b01 $
1%
b00000000000000000000001100011000 &
b00000000000000000000001100000100 '
b00000000000000000000001111111100 (
b00000000000000000000001111111100 +
0,
#1753
1"
#1754
0"
0%
b00000000000000000000000101111000 &
b00000000000000000000000011010100 '
b00000000000000000000001111100000 (
b00000000000000000000001111100000 +
1,
#1755
1"
b00000000000000000000001111100000 )
b00000000000000000000001111100100 *
#1756
0"
1%
b00000000000000000000001010011100 &
b00000000000000000000001101011000 '
b00000000000000000000000101111100 (
b00000000000000000000000101111100 +
0,
#1757
1"
#1758
0"
b11 $
0%
b00000000000000000000001100001100 &
b00000000000000000000001111110000 '
b00000000000000000000001100001100 (
b00000000000000000000001100001100 +
1,
#1759
1"
b00000000000000000000001100001100 )
b00000000000000000000001100010000 *
#1760
0"
1%
b00000000000000000000000100000100 &
b00000000000000000000001001010000 '
b00000000000000000000000100010000 (
b00000000000000000000000100000100 +
0,
#1761
1"
#1762
0"
b00 $
0%
b00000000000000000000001110001000 &
b00000000000000000000001010011100 '
b00000000000000000000000001000100 (
b00000000000000000000001100010000 +
1,
#1763
1"
b00000000000000000000001100010000 )
b00000000000000000000001100010100 *
b00000000000000000000001100010100 +
#1764
0"
b01 $
b00000000000000000000001001110000 &
b00000000000000000000001001011100 '
b00000000000000000000000000100100 (
b00000000000000000000000000100100 +
#1765
1"
b00000000000000000000000000100100 )
b00000000000000000000000000101000 *
#1766
0"
b11 $
b00000000000000000000001001111100 &
b00000000000000000000001111101000 '
b00000000000000000000001011000100 (
b00000000000000000000001001111100 +
#1767
1"
b00000000000000000000001001111100 )
b00000000000000000000001010000000 *
#1768
0"
1%
b00000000000000000000000010000000 &
b00000000000000000000000011111000 '
b00000000000000000000000011011000 (
b00000000000000000000000010000000 +
0,
#1769
1"
#1770
0"
0%
b00000000000000000000000101110000 &
b00000000000000000000000100001000 '
b00000000000000000000001010001000 (
b00000000000000000000000101110000 +
1,
#1771
1"
b00000000000000000000000101110000 )
b00000000000000000000000101110100 *
#1772
0"
b00000000000000000000000010110100 &
b00000000000000000000000110000000 '
b00000000000000000000001100101000 (
b00000000000000000000000010110100 +
#1773
1"
b00000000000000000000000010110100 )
b00000000000000000000000010111000 *
#1774
0"
b01 $
b00000000000000000000001111011000 &
b00000000000000000000000101001100 '
b00000000000000000000001101101100 (
b00000000000000000000001101101100 +
#1775
1"
b00000000000000000000001101101100 )
b00000000000000000000001101110000 *
#1776
0"
b11 $
b00000000000000000000000010001100 &
b00000000000000000000001010010000 '
b00000000000000000000001011101100 (
b00000000000000000000000010001100 +
#1777
1"
b00000000000000000000000010001100 )
b00000000000000000000000010010000 *
#1778
0"
b00 $
1%
b00000000000000000000000011011100 &
b00000000000000000000001100101100 '
b00000000000000000000000011100100 (
b00000000000000000000000010010000 +
0,
#1779
1"
#1780
0"
0%
b00000000000000000000001001100100 &
b00000000000000000000000000100000 '
b00000000000000000000001010000100 (
1,
#1781
1"
b00000000000000000000000010010000 )
b00000000000000000000000010010100 *
b00000000000000000000000010010100 +
#1782
0"
b11 $
1%
b00000000000000000000000100011100 &
b00000000000000000000000010101100 '
b00000000000000000000001100101000 (
b00000000000000000000000100011100 +
0,
#1783
1"
#1784
0"
b01 $
0%
b00000000000000000000000000000000 &
b00000000000000000000000001011000 '
b00000000000000000000001010101000 (
b00000000000000000000001010101000 +
1,
#1785
1"
b00000000000000000000001010101000 )
b00000000000000000000001010101100 *
#1786
0"
b10 $
1%
b00000000000000000000001101111100 &
b00000000000000000000001100000000 '
b00000000000000000000001101101000 (
b00000000000000000000001100000000 +
0,
#1787
1"
#1788
0"
0%
b00000000000000000000001111111000 &
b00000000000000000000001101111000 '
b00000000000000000000000110110000 (
b00000000000000000000001101111000 +
1,
#1789
1"
b00000000000000000000001101111000 )
b00000000000000000000001101111100 *
#1790
0"
b01 $
b00000000000000000000001010101100 &
b00000000000000000000001111000000 '
b00000000000000000000001101011000 (
b00000000000000000000001101011000 +
#1791
1"
b00000000000000000000001101011000 )
b00000000000000000000001101011100 *
#1792
0"
b00000000000000000000000011100000 &
b00000000000000000000000111111000 '
b00000000000000000000001110000000 (
b00000000000000000000001110000000 +
#1793
1"
b00000000000000000000001110000000 )
b00000000000000000000001110000100 *
#1794
0"
1%
b00000000000000000000000110011100 &
b00000000000000000000000010000000 '
b00000000000000000000000111100000 (
b00000000000000000000000111100000 +
0,
#1795
1"
#1796
0"
b00000000000000000000001100001000 &
b00000000000000000000000011000100 '
b00000000000000000000000001111100 (
b00000000000000000000000001111100 +
#1797
1"
#1798
0"
b00 $
b00000000000000000000001010011000 &
b00000000000000000000000100101100 '
b00000000000000000000001011110000 (
b00000000000000000000001110000100 +
#1799
1"
#1800
0"
0%
b00000000000000000000001000010000 &
b00000000000000000000000111111000 '
b00000000000000000000001110010000 (
1,
#1801
1"
b00000000000000000000001110000100 )
b00000000000000000000001110001000 *
b00000000000000000000001110001000 +
#1802
0"
1%
b00000000000000000000001110111000 &
b00000000000000000000001001101100 '
b00000000000000000000000010011100 (
0,
#1803
1"
#1804
0"
0%
b00000000000000000000001111111100 &
b00000000000000000000001111110100 '
b00000000000000000000001111111000 (
1,
#1805
1"
b00000000000000000000001110001000 )
b00000000000000000000001110001100 *
b00000000000000000000001110001100 +
#1806
0"
b11 $
b00000000000000000000000100101100 &
b00000000000000000000000100011100 '
b00000000000000000000001111011100 (
b00000000000000000000000100101100 +
#1807
1"
b00000000000000000000000100101100 )
b00000000000000000000000100110000 *
#1808
0"
b00000000000000000000000000000000 &
b00000000000000000000001000010100 '
b00000000000000000000001010101000 (
b00000000000000000000000000000000 +
#1809
1"
b00000000000000000000000000000000 )
b00000000000000000000000000000100 *
#1810
0"
b00 $
b00000000000000000000001010010100 &
b00000000000000000000001100011000 '
b00000000000000000000000011110100 (
b00000000000000000000000000000100 +
#1811
1"
b00000000000000000000000000000100 )
b00000000000000000000000000001000 *
b00000000000000000000000000001000 +
#1812
0"
b01 $
1%
b00000000000000000000000100001100 &
b00000000000000000000001110010100 '
b00000000000000000000001100010100 (
b00000000000000000000001100010100 +
0,
#1813
1"
#1814
0"
b11 $
b00000000000000000000001111110100 &
b00000000000000000000000001011000 '
b00000000000000000000000111000100 (
b00000000000000000000001111110100 +
#1815
1"
#1816
0"
b00 $
0%
b00000000000000000000001111000100 &
b00000000000000000000000010010000 '
b00000000000000000000001101011100 (
b00000000000000000000000000001000 +
1,
#1817
1"
b00000000000000000000000000001000 )
b00000000000000000000000000001100 *
b00000000000000000000000000001100 +
#1818
0"
1%
b00000000000000000000001010111000 &
b00000000000000000000000011101100 '
b00000000000000000000000100101000 (
0,
#1819
1"
#1820
0"
b01 $
b00000000000000000000001100001100 &
b00000000000000000000001010010100 '
b00000000000000000000001000010000 (
b00000000000000000000001000010000 +
#1821
1"
#1822
0"
b00000000000000000000000111011000 &
b00000000000000000000000001001000 '
b00000000000000000000001000110000 (
b00000000000000000000001000110000 +
#1823
1"
#1824
0"
b00 $
0%
b00000000000000000000001101001100 &
b00000000000000000000001111011100 '
b00000000000000000000000101100100 (
b00000000000000000000000000001100 +
1,
#1825
1"
b00000000000000000000000000001100 )
b00000000000000000000000000010000 *
b00000000000000000000000000010000 +
#1826
0"
1%
b00000000000000000000000010111100 &
b00000000000000000000001001010100 '
b00000000000000000000000011010100 (
0,
#1827
1"
#1828
0"
0%
b00000000000000000000000000111100 &
b00000000000000000000001001000100 '
b00000000000000000000001101111000 (
1,
#1829
1"
b00000000000000000000000000010000 )
b00000000000000000000000000010100 *
b00000000000000000000000000010100 +
#1830
0"
b11 $
1%
b00000000000000000000001110000100 &
b00000000000000000000001001010100 '
b00000000000000000000001011110100 (
b00000000000000000000001110000100 +
0,
#1831
1"
#1832
0"
b00 $
0%
b00000000000000000000001011110000 &
b00000000000000000000001110111100 '
b00000000000000000000001101111100 (
b00000000000000000000000000010100 +
1,
#1833
1"
b00000000000000000000000000010100 )
b00000000000000000000000000011000 *
b00000000000000000000000000011000 +
#1834
0"
b00000000000000000000001010010100 &
b00000000000000000000001011011100 '
b00000000000000000000000110111000 (
#1835
1"
b00000000000000000000000000011000 )
b00000000000000000000000000011100 *
b00000000000000000000000000011100 +
#1836
0"
b01 $
1%
b00000000000000000000001110001000 &
b00000000000000000000000000010000 '
b00000000000000000000000110001000 (
b00000000000000000000000110001000 +
0,
#1837
1"
#1838
0"
b00 $
0%
b00000000000000000000001000000100 &
b00000000000000000000000110101100 '
b00000000000000000000000011001000 (
b00000000000000000000000000011100 +
1,
#1839
1"
b00000000000000000000000000011100 )
b00000000000000000000000000100000 *
b00000000000000000000000000100000 +
#1840
0"
b10 $
1%
b00000000000000000000001110110000 &
b00000000000000000000001100011000 '
b00000000000000000000001001110000 (
b00000000000000000000001100011000 +
0,
#1841
1"
#1842
0"
b00000000000000000000000001111000 &
b00000000000000000000001010101100 '
b00000000000000000000000100001000 (
b00000000000000000000001010101100 +
#1843
1"
#1844
0"
b11 $
b00000000000000000000000111110000 &
b00000000000000000000001001011100 '
b00000000000000000000001100011000 (
b00000000000000000000000111110000 +
#1845
1"
#1846
0"
b00000000000000000000000010001000 &
b00000000000000000000000000000000 '
b00000000000000000000001000111000 (
b00000000000000000000000010001000 +
#1847
1"
#1848
0"
b01 $
b00000000000000000000001111100100 &
b00000000000000000000000111001100 '
b00000000000000000000000011010100 (
b00000000000000000000000011010100 +
#1849
1"
#1850
0"
b00 $
b00000000000000000000001101001000 &
b00000000000000000000001101110100 '
b00000000000000000000000001101000 (
b00000000000000000000000000100000 +
#1851
1"
#1852
0"
0%
b00000000000000000000000010010100 &
b00000000000000000000001111000000 '
b00000000000000000000000101101000 (
1,
#1853
1"
b00000000000000000000000000100000 )
b00000000000000000000000000100100 *
b00000000000000000000000000100100 +
#1854
0"
b10 $
b00000000000000000000000000011100 &
b00000000000000000000001110000000 '
b00000000000000000000000110010100 (
b00000000000000000000001110000000 +
#1855
1"
b00000000000000000000001110000000 )
b00000000000000000000001110000100 *
#1856
0"
b01 $
1%
b00000000000000000000000011110100 &
b00000000000000000000001100010100 '
b00000000000000000000000101001000 (
b00000000000000000000000101001000 +
0,
#1857
1"
#1858
0"
b11 $
0%
b00000000000000000000000010100100 &
b00000000000000000000000010011000 '
b00000000000000000000000010000100 (
b00000000000000000000000010100100 +
1,
#1859
1"
b00000000000000000000000010100100 )
b00000000000000000000000010101000 *
#1860
0"
b00 $
1%
b00000000000000000000000101001000 &
b00000000000000000000001011000100 '
b00000000000000000000000010101000 (
b00000000000000000000000010101000 +
0,
#1861
1"
#1862
0"
b00000000000000000000001101101000 &
b00000000000000000000000101101000 '
b00000000000000000000001110101100 (
#1863
1"
#1864
0"
0%
b00000000000000000000000111111100 &
b00000000000000000000000001101000 '
b00000000000000000000000100111000 (
1,
#1865
1"
b00000000000000000000000010101000 )
b00000000000000000000000010101100 *
b00000000000000000000000010101100 +
#1866
0"
b01 $
b00000000000000000000000000100000 &
b00000000000000000000001110000000 '
b00000000000000000000001011110000 (
b00000000000000000000001011110000 +
#1867
1"
b00000000000000000000001011110000 )
b00000000000000000000001011110100 *
#1868
0"
1%
b00000000000000000000000111011100 &
b00000000000000000000001010101000 '
b00000000000000000000001110111000 (
b00000000000000000000001110111000 +
0,
#1869
1"
#1870
0"
0%
b00000000000000000000000000111000 &
b00000000000000000000001111001000 '
b00000000000000000000001101010000 (
b00000000000000000000001101010000 +
1,
#1871
1"
b00000000000000000000001101010000 )
b00000000000000000000001101010100 *
#1872
0"
b11 $
b00000000000000000000001000101100 &
b00000000000000000000001000001000 '
b00000000000000000000000101110000 (
b00000000000000000000001000101100 +
#1873
1"
b00000000000000000000001000101100 )
b00000000000000000000001000110000 *
#1874
0"
b01 $
b00000000000000000000000110100100 &
b00000000000000000000001000111100 '
b00000000000000000000000110010000 (
b00000000000000000000000110010000 +
#1875
1"
b00000000000000000000000110010000 )
b00000000000000000000000110010100 *
#1876
0"
b00 $
b00000000000000000000001100001000 &
b00000000000000000000001101001100 '
b00000000000000000000001001111000 (
b00000000000000000000000110010100 +
#1877
1"
b00000000000000000000000110010100 )
b00000000000000000000000110011000 *
b00000000000000000000000110011000 +
#1878
0"
b00000000000000000000000111101000 &
b00000000000000000000000001100000 '
b00000000000000000000001000110000 (
#1879
1"
b00000000000000000000000110011000 )
b00000000000000000000000110011100 *
b00000000000000000000000110011100 +
#1880
0"
b10 $
1%
b00000000000000000000001011010100 &
b00000000000000000000001010110100 '
b00000000000000000000000011000000 (
b00000000000000000000001010110100 +
0,
#1881
1"
#1882
0"
b11 $
0%
b00000000000000000000001101111000 &
b00000000000000000000001011001000 '
b00000000000000000000000110100000 (
b00000000000000000000001101111000 +
1,
#1883
1"
b00000000000000000000001101111000 )
b00000000000000000000001101111100 *
#1884
0"
b10 $
1%
b00000000000000000000000001001100 &
b00000000000000000000000011110100 '
b00000000000000000000000110001100 (
b00000000000000000000000011110100 +
0,
#1885
1"
#1886
0"
b11 $
0%
b00000000000000000000000110110100 &
b00000000000000000000001101100000 '
b00000000000000000000001000001000 (
b00000000000000000000000110110100 +
1,
#1887
1"
b00000000000000000000000110110100 )
b00000000000000000000000110111000 *
#1888
0"
b01 $
1%
b00000000000000000000000000011000 &
b00000000000000000000001001001100 '
b00000000000000000000000000000000 (
b00000000000000000000000000000000 +
0,
#1889
1"
#1890
0"
b00 $
b00000000000000000000001010110100 &
b00000000000000000000000001111000 '
b00000000000000000000001011101100 (
b00000000000000000000000110111000 +
#1891
1"
#1892
0"
b01 $
0%
b00000000000000000000000100000100 &
b00000000000000000000001110111100 '
b00000000000000000000000000000100 (
b00000000000000000000000000000100 +
1,
#1893
1"
b00000000000000000000000000000100 )
b00000000000000000000000000001000 *
#1894
0"
b00000000000000000000000111011100 &
b00000000000000000000000100111100 '
b00000000000000000000000100010000 (
b00000000000000000000000100010000 +
#1895
1"
b00000000000000000000000100010000 )
b00000000000000000000000100010100 *
#1896
0"
b11 $
1%
b00000000000000000000000010011000 &
b00000000000000000000001111001000 '
b00000000000000000000000011111000 (
b00000000000000000000000010011000 +
0,
#1897
1"
#1898
0"
b01 $
b00000000000000000000000011000000 &
b00000000000000000000001111011100 '
b00000000000000000000000011101000 (
b00000000000000000000000011101000 +
#1899
1"
#1900
0"
b10 $
0%
b00000000000000000000000110011100 &
b00000000000000000000001011100000 '
b00000000000000000000000101110000 (
b00000000000000000000001011100000 +
1,
#1901
1"
b00000000000000000000001011100000 )
b00000000000000000000001011100100 *
#1902
0"
b11 $
b00000000000000000000001111111100 &
b00000000000000000000000001010000 '
b00000000000000000000000111101000 (
b00000000000000000000001111111100 +
#1903
1"
b00000000000000000000001111111100 )
b00000000000000000000010000000000 *
#1904
0"
b00000000000000000000001100111000 &
b00000000000000000000001111110000 '
b00000000000000000000000011110100 (
b00000000000000000000001100111000 +
#1905
1"
b00000000000000000000001100111000 )
b00000000000000000000001100111100 *
#1906
0"
1%
b00000000000000000000001100111100 &
b00000000000000000000000100011000 '
b00000000000000000000001011110000 (
b00000000000000000000001100111100 +
0,
#1907
1"
#1908
0"
b00 $
0%
b00000000000000000000001011110100 &
b00000000000000000000000011101000 '
b00000000000000000000000001100000 (
1,
#1909
1"
b00000000000000000000001100111100 )
b00000000000000000000001101000000 *
b00000000000000000000001101000000 +
#1910
0"
b11 $
1%
b00000000000000000000000111101000 &
b00000000000000000000000010101100 '
b00000000000000000000001011101000 (
b00000000000000000000000111101000 +
0,
#1911
1"
#1912
0"
b00 $
0%
b00000000000000000000001000001100 &
b00000000000000000000000001101100 '
b00000000000000000000001001011000 (
b00000000000000000000001101000000 +
1,
#1913
1"
b00000000000000000000001101000000 )
b00000000000000000000001101000100 *
b00000000000000000000001101000100 +
#1914
0"
b11 $
b00000000000000000000001111001100 &
b00000000000000000000001101111000 '
b00000000000000000000001001011100 (
b00000000000000000000001111001100 +
#1915
1"
b00000000000000000000001111001100 )
b00000000000000000000001111010000 *
#1916
0"
b01 $
1%
b00000000000000000000001110010100 &
b00000000000000000000000011110000 '
b00000000000000000000001001010100 (
b00000000000000000000001001010100 +
0,
#1917
1"
#1918
0"
b10 $
b00000000000000000000000000001000 &
b00000000000000000000001111000100 '
b00000000000000000000000101001000 (
b00000000000000000000001111000100 +
#1919
1"
#1920
0"
b00000000000000000000000111100000 &
b00000000000000000000000111101100 '
b00000000000000000000000011111100 (
b00000000000000000000000111101100 +
#1921
1"
#1922
0"
b00 $
0%
b00000000000000000000000000001100 &
b00000000000000000000000000101000 '
b00000000000000000000001010001000 (
b00000000000000000000001111010000 +
1,
#1923
1"
b00000000000000000000001111010000 )
b00000000000000000000001111010100 *
b00000000000000000000001111010100 +
#1924
0"
b01 $
b00000000000000000000001000000000 &
b00000000000000000000000100000000 '
b00000000000000000000001101100100 (
b00000000000000000000001101100100 +
#1925
1"
b00000000000000000000001101100100 )
b00000000000000000000001101101000 *
#1926
0"
b10 $
1%
b00000000000000000000000101110000 &
b00000000000000000000000000100100 '
b00000000000000000000001111111000 (
b00000000000000000000000000100100 +
0,
#1927
1"
#1928
0"
b11 $
b00000000000000000000001001011100 &
b00000000000000000000001101100000 '
b00000000000000000000001011001100 (
b00000000000000000000001001011100 +
#1929
1"
#1930
0"
b01 $
0%
b00000000000000000000001011111000 &
b00000000000000000000000010111100 '
b00000000000000000000001110101100 (
b00000000000000000000001110101100 +
1,
#1931
1"
b00000000000000000000001110101100 )
b00000000000000000000001110110000 *
#1932
0"
b00 $
b00000000000000000000001111000100 &
b00000000000000000000001000100000 '
b00000000000000000000000110100100 (
b00000000000000000000001110110000 +
#1933
1"
b00000000000000000000001110110000 )
b00000000000000000000001110110100 *
b00000000000000000000001110110100 +
#1934
0"
1%
b00000000000000000000001110000000 &
b00000000000000000000000011001100 '
b00000000000000000000000010001100 (
0,
#1935
1"
#1936
0"
b10 $
b00000000000000000000001110001000 &
b00000000000000000000000000001000 '
b00000000000000000000000011000100 (
b00000000000000000000000000001000 +
#1937
1"
#1938
0"
b11 $
0%
b00000000000000000000000101000100 &
b00000000000000000000000001011100 '
b00000000000000000000000010001000 (
b00000000000000000000000101000100 +
1,
#1939
1"
b00000000000000000000000101000100 )
b00000000000000000000000101001000 *
#1940
0"
b00000000000000000000001001100100 &
b00000000000000000000001110011000 '
b00000000000000000000001110001000 (
b00000000000000000000001001100100 +
#1941
1"
b00000000000000000000001001100100 )
b00000000000000000000001001101000 *
#1942
0"
b00 $
1%
b00000000000000000000001101110000 &
b00000000000000000000000000101000 '
b00000000000000000000000100001100 (
b00000000000000000000001001101000 +
0,
#1943
1"
#1944
0"
b00000000000000000000000011000100 &
b00000000000000000000001011100100 '
b00000000000000000000001010001100 (
#1945
1"
#1946
0"
b10 $
b00000000000000000000001011110000 &
b00000000000000000000000111101000 '
b00000000000000000000000001110100 (
b00000000000000000000000111101000 +
#1947
1"
#1948
0"
b00 $
0%
b00000000000000000000000000111000 &
b00000000000000000000001100001000 '
b00000000000000000000001111111000 (
b00000000000000000000001001101000 +
1,
#1949
1"
b00000000000000000000001001101000 )
b00000000000000000000001001101100 *
b00000000000000000000001001101100 +
#1950
0"
b11 $
1%
b00000000000000000000000001011100 &
b00000000000000000000001001000000 '
b00000000000000000000001001010100 (
b00000000000000000000000001011100 +
0,
#1951
1"
#1952
0"
b01 $
b00000000000000000000001001111100 &
b00000000000000000000001101001000 '
b00000000000000000000001100011000 (
b00000000000000000000001100011000 +
#1953
1"
#1954
0"
b10 $
0%
b00000000000000000000001101100100 &
b00000000000000000000000101111000 '
b00000000000000000000000010100000 (
b00000000000000000000000101111000 +
1,
#1955
1"
b00000000000000000000000101111000 )
b00000000000000000000000101111100 *
#1956
0"
b00 $
b00000000000000000000000100001100 &
b00000000000000000000000100110100 '
b00000000000000000000001101111100 (
b00000000000000000000000101111100 +
#1957
1"
b00000000000000000000000101111100 )
b00000000000000000000000110000000 *
b00000000000000000000000110000000 +
#1958
0"
b11 $
b00000000000000000000001100100100 &
b00000000000000000000001010001100 '
b00000000000000000000000110001000 (
b00000000000000000000001100100100 +
#1959
1"
b00000000000000000000001100100100 )
b00000000000000000000001100101000 *
#1960
0"
b10 $
1%
b00000000000000000000000101111100 &
b00000000000000000000001111010000 '
b00000000000000000000000100010100 (
b00000000000000000000001111010000 +
0,
#1961
1"
#1962
0"
b01 $
b00000000000000000000001100001100 &
b00000000000000000000000111010000 '
b00000000000000000000001100010000 (
b00000000000000000000001100010000 +
#1963
1"
#1964
0"
b00 $
b00000000000000000000001010001100 &
b00000000000000000000001111011100 '
b00000000000000000000000111111100 (
b00000000000000000000001100101000 +
#1965
1"
#1966
0"
b01 $
b00000000000000000000001001110100 &
b00000000000000000000000100001100 '
b00000000000000000000001101100000 (
b00000000000000000000001101100000 +
#1967
1"
#1968
0"
b10 $
b00000000000000000000001111111000 &
b00000000000000000000000000100100 '
b00000000000000000000001010110100 (
b00000000000000000000000000100100 +
#1969
1"
#1970
0"
0%
b00000000000000000000001001010100 &
b00000000000000000000001010011100 '
b00000000000000000000001001010000 (
b00000000000000000000001010011100 +
1,
#1971
1"
b00000000000000000000001010011100 )
b00000000000000000000001010100000 *
#1972
0"
b11 $
1%
b00000000000000000000000001011100 &
b00000000000000000000000101011000 '
b00000000000000000000001000000100 (
b00000000000000000000000001011100 +
0,
#1973
1"
#1974
0"
b01 $
0%
b00000000000000000000001011010000 &
b00000000000000000000000010000000 '
b00000000000000000000000010100000 (
b00000000000000000000000010100000 +
1,
#1975
1"
b00000000000000000000000010100000 )
b00000000000000000000000010100100 *
#1976
0"
b00 $
b00000000000000000000001101011000 &
b00000000000000000000000001110000 '
b00000000000000000000000110111100 (
b00000000000000000000000010100100 +
#1977
1"
b00000000000000000000000010100100 )
b00000000000000000000000010101000 *
b00000000000000000000000010101000 +
#1978
0"
b01 $
1%
b00000000000000000000001110100100 &
b00000000000000000000001111001100 '
b00000000000000000000001100100000 (
b00000000000000000000001100100000 +
0,
#1979
1"
#1980
0"
b00000000000000000000000010100000 &
b00000000000000000000001011111100 '
b00000000000000000000001100001000 (
b00000000000000000000001100001000 +
#1981
1"
#1982
0"
b00000000000000000000001011001100 &
b00000000000000000000000110101000 '
b00000000000000000000000100010000 (
b00000000000000000000000100010000 +
#1983
1"
#1984
0"
b11 $
b00000000000000000000001101000100 &
b00000000000000000000000101111000 '
b00000000000000000000001011100000 (
b00000000000000000000001101000100 +
#1985
1"
#1986
0"
b10 $
b00000000000000000000000110110000 &
b00000000000000000000000000011100 '
b00000000000000000000001101101100 (
b00000000000000000000000000011100 +
#1987
1"
#1988
0"
b00 $
b00000000000000000000000101001100 &
b00000000000000000000000110101000 '
b00000000000000000000001001101100 (
b00000000000000000000000010101000 +
#1989
1"
#1990
0"
b11 $
0%
b00000000000000000000000010000100 &
b00000000000000000000001010110000 '
b00000000000000000000001011001100 (
b00000000000000000000000010000100 +
1,
#1991
1"
b00000000000000000000000010000100 )
b00000000000000000000000010001000 *
#1992
0"
b01 $
1%
b00000000000000000000000110110000 &
b00000000000000000000000001000100 '
b00000000000000000000000010110000 (
b00000000000000000000000010110000 +
0,
#1993
1"
#1994
0"
b10 $
0%
b00000000000000000000001100101000 &
b00000000000000000000001110000100 '
b00000000000000000000000101000000 (
b00000000000000000000001110000100 +
1,
#1995
1"
b00000000000000000000001110000100 )
b00000000000000000000001110001000 *
#1996
0"
b00000000000000000000001011001000 &
b00000000000000000000001110000000 '
b00000000000000000000001000011100 (
b00000000000000000000001110000000 +
#1997
1"
b00000000000000000000001110000000 )
b00000000000000000000001110000100 *
#1998
0"
b00000000000000000000000100001000 &
b00000000000000000000001101011000 '
b00000000000000000000000011100100 (
b00000000000000000000001101011000 +
#1999
1"
b00000000000000000000001101011000 )
b00000000000000000000001101011100 *
#2000
0"
b00000000000000000000001011100100 &
b00000000000000000000000111000100 '
b00000000000000000000001101010100 (
b00000000000000000000000111000100 +
#2001
1"
b00000000000000000000000111000100 )
b00000000000000000000000111001000 *
#2002
0"
b00 $
b00000000000000000000001001010100 &
b00000000000000000000000111010100 '
b00000000000000000000001110000000 (
b00000000000000000000000111001000 +
#2003
1"
b00000000000000000000000111001000 )
b00000000000000000000000111001100 *
b00000000000000000000000111001100 +
#2004
0"
1%
b00000000000000000000000100110100 &
b00000000000000000000001011010000 '
b00000000000000000000000111000000 (
0,
#2005
1"
#2006
0"
b10 $
0%
b00000000000000000000000101011100 &
b00000000000000000000000100010000 '
b00000000000000000000001100010000 (
b00000000000000000000000100010000 +
1,
#2007
1"
b00000000000000000000000100010000 )
b00000000000000000000000100010100 *
#2008
0"
b11 $
b00000000000000000000001110110000 &
b00000000000000000000000101100100 '
b00000000000000000000000011001000 (
b00000000000000000000001110110000 +
#2009
1"
b00000000000000000000001110110000 )
b00000000000000000000001110110100 *
#2010
0"
1%
b00000000000000000000000110010100 &
b00000000000000000000001011011000 '
b00000000000000000000001001100100 (
b00000000000000000000000110010100 +
0,
#2011
1"
#2012
0"
b10 $
0%
b00000000000000000000000000010000 &
b00000000000000000000000101011100 '
b00000000000000000000000100010100 (
b00000000000000000000000101011100 +
1,
#2013
1"
b00000000000000000000000101011100 )
b00000000000000000000000101100000 *
#2014
0"
b01 $
b00000000000000000000000111101000 &
b00000000000000000000000110111000 '
b00000000000000000000000010000100 (
b00000000000000000000000010000100 +
#2015
1"
b00000000000000000000000010000100 )
b00000000000000000000000010001000 *
#2016
0"
b10 $
b00000000000000000000001000000000 &
b00000000000000000000001010100000 '
b00000000000000000000000110101000 (
b00000000000000000000001010100000 +
#2017
1"
b00000000000000000000001010100000 )
b00000000000000000000001010100100 *
#2018
0"
b01 $
b00000000000000000000000100110000 &
b00000000000000000000000100100000 '
b00000000000000000000000110011000 (
b00000000000000000000000110011000 +
#2019
1"
b00000000000000000000000110011000 )
b00000000000000000000000110011100 *
#2020
0"
b00 $
1%
b00000000000000000000001011100000 &
b00000000000000000000001111110100 '
b00000000000000000000000100100100 (
b00000000000000000000000110011100 +
0,
#2021
1"
#2022
0"
b11 $
0%
b00000000000000000000000000110000 &
b00000000000000000000000101000000 '
b00000000000000000000000010011000 (
b00000000000000000000000000110000 +
1,
#2023
1"
b00000000000000000000000000110000 )
b00000000000000000000000000110100 *
#2024
0"
b10 $
b00000000000000000000001111101000 &
b00000000000000000000001010101000 '
b00000000000000000000000100011000 (
b00000000000000000000001010101000 +
#2025
1"
b00000000000000000000001010101000 )
b00000000000000000000001010101100 *
#2026
0"
b00 $
1%
b00000000000000000000001111001000 &
b00000000000000000000001011101000 '
b00000000000000000000001111000100 (
b00000000000000000000001010101100 +
0,
#2027
1"
#2028
0"
b11 $
0%
b00000000000000000000001010011100 &
b00000000000000000000001001010000 '
b00000000000000000000001011110000 (
b00000000000000000000001010011100 +
1,
#2029
1"
b00000000000000000000001010011100 )
b00000000000000000000001010100000 *
#2030
0"
b01 $
1%
b00000000000000000000001101111000 &
b00000000000000000000000101110100 '
b00000000000000000000001100110100 (
b00000000000000000000001100110100 +
0,
#2031
1"
#2032
0"
b00 $
0%
b00000000000000000000001011110000 &
b00000000000000000000001111110100 '
b00000000000000000000000110101100 (
b00000000000000000000001010100000 +
1,
#2033
1"
b00000000000000000000001010100000 )
b00000000000000000000001010100100 *
b00000000000000000000001010100100 +
#2034
0"
b01 $
b00000000000000000000001101101100 &
b00000000000000000000000001001000 '
b00000000000000000000000011100000 (
b00000000000000000000000011100000 +
#2035
1"
b00000000000000000000000011100000 )
b00000000000000000000000011100100 *
#2036
0"
b10 $
b00000000000000000000000010011000 &
b00000000000000000000001111110000 '
b00000000000000000000000110001000 (
b00000000000000000000001111110000 +
#2037
1"
b00000000000000000000001111110000 )
b00000000000000000000001111110100 *
#2038
0"
b00 $
b00000000000000000000001110010100 &
b00000000000000000000000101111000 '
b00000000000000000000001111011000 (
b00000000000000000000001111110100 +
#2039
1"
b00000000000000000000001111110100 )
b00000000000000000000001111111000 *
b00000000000000000000001111111000 +
#2040
0"
b10 $
b00000000000000000000000000101100 &
b00000000000000000000000111110100 '
b00000000000000000000000000011000 (
b00000000000000000000000111110100 +
#2041
1"
b00000000000000000000000111110100 )
b00000000000000000000000111111000 *
#2042
0"
b11 $
b00000000000000000000001000101100 &
b00000000000000000000001010011000 '
b00000000000000000000001110101100 (
b00000000000000000000001000101100 +
#2043
1"
b00000000000000000000001000101100 )
b00000000000000000000001000110000 *
#2044
0"
b00 $
b00000000000000000000000101100100 &
b00000000000000000000000001010000 '
b00000000000000000000001110011100 (
b00000000000000000000001000110000 +
#2045
1"
b00000000000000000000001000110000 )
b00000000000000000000001000110100 *
b00000000000000000000001000110100 +
#2046
0"
b00000000000000000000001100111100 &
b00000000000000000000001010000000 '
b00000000000000000000000010110000 (
#2047
1"
b00000000000000000000001000110100 )
b00000000000000000000001000111000 *
b00000000000000000000001000111000 +
#2048
0"
b11 $
b00000000000000000000001110010000 &
b00000000000000000000000010111000 '
b00000000000000000000001001111000 (
b00000000000000000000001110010000 +
#2049
1"
b00000000000000000000001110010000 )
b00000000000000000000001110010100 *
#2050
0"
b10 $
b00000000000000000000001101101100 &
b00000000000000000000000010101100 '
b00000000000000000000001111100100 (
b00000000000000000000000010101100 +
#2051
1"
b00000000000000000000000010101100 )
b00000000000000000000000010110000 *
#2052
0"
b01 $
1%
b00000000000000000000000110101100 &
b00000000000000000000001101110000 '
b00000000000000000000000111111000 (
b00000000000000000000000111111000 +
0,
#2053
1"
#2054
0"
0%
b00000000000000000000000000110000 &
b00000000000000000000001111110000 '
b00000000000000000000000100101000 (
b00000000000000000000000100101000 +
1,
#2055
1"
b00000000000000000000000100101000 )
b00000000000000000000000100101100 *
#2056
0"
b11 $
b00000000000000000000000011010000 &
b00000000000000000000000101000100 '
b00000000000000000000000110100000 (
b00000000000000000000000011010000 +
#2057
1"
b00000000000000000000000011010000 )
b00000000000000000000000011010100 *
#2058
0"
b00 $
1%
b00000000000000000000001000001000 &
b00000000000000000000001110101100 '
b00000000000000000000001011010100 (
b00000000000000000000000011010100 +
0,
#2059
1"
#2060
0"
b10 $
b00000000000000000000000101011100 &
b00000000000000000000001001001000 '
b00000000000000000000000010000100 (
b00000000000000000000001001001000 +
#2061
1"
#2062
0"
0%
b00000000000000000000001011101100 &
b00000000000000000000001101000100 '
b00000000000000000000000000001100 (
b00000000000000000000001101000100 +
1,
#2063
1"
b00000000000000000000001101000100 )
b00000000000000000000001101001000 *
#2064
0"
b00 $
b00000000000000000000000000010000 &
b00000000000000000000000001111100 '
b00000000000000000000000111111100 (
b00000000000000000000001101001000 +
#2065
1"
b00000000000000000000001101001000 )
b00000000000000000000001101001100 *
b00000000000000000000001101001100 +
#2066
0"
b10 $
b00000000000000000000000010001100 &
b00000000000000000000001000111000 '
b00000000000000000000001000110000 (
b00000000000000000000001000111000 +
#2067
1"
b00000000000000000000001000111000 )
b00000000000000000000001000111100 *
#2068
0"
b01 $
b00000000000000000000001110000000 &
b00000000000000000000001010000100 '
b00000000000000000000001101011100 (
b00000000000000000000001101011100 +
#2069
1"
b00000000000000000000001101011100 )
b00000000000000000000001101100000 *
#2070
0"
1%
b00000000000000000000001110110000 &
b00000000000000000000001100101100 '
b00000000000000000000001010100100 (
b00000000000000000000001010100100 +
0,
#2071
1"
#2072
0"
b10 $
0%
b00000000000000000000001001110000 &
b00000000000000000000001111100100 '
b00000000000000000000000000110000 (
b00000000000000000000001111100100 +
1,
#2073
1"
b00000000000000000000001111100100 )
b00000000000000000000001111101000 *
#2074
0"
b01 $
1%
b00000000000000000000001110010100 &
b00000000000000000000000111100000 '
b00000000000000000000001100000000 (
b00000000000000000000001100000000 +
0,
#2075
1"
#2076
0"
b00 $
b00000000000000000000000110001100 &
b00000000000000000000001110110100 '
b00000000000000000000000100110000 (
b00000000000000000000001111101000 +
#2077
1"
#2078
0"
b10 $
b00000000000000000000001101110100 &
b00000000000000000000000000010100 '
b00000000000000000000001111111000 (
b00000000000000000000000000010100 +
#2079
1"
#2080
0"
b01 $
0%
b00000000000000000000001000010000 &
b00000000000000000000000100101000 '
b00000000000000000000000001001100 (
b00000000000000000000000001001100 +
1,
#2081
1"
b00000000000000000000000001001100 )
b00000000000000000000000001010000 *
#2082
0"
b11 $
1%
b00000000000000000000001101000100 &
b00000000000000000000000100011100 '
b00000000000000000000000101111000 (
b00000000000000000000001101000100 +
0,
#2083
1"
#2084
0"
b10 $
b00000000000000000000001101100000 &
b00000000000000000000000001011000 '
b00000000000000000000001110001100 (
b00000000000000000000000001011000 +
#2085
1"
#2086
0"
b01 $
b00000000000000000000001101001000 &
b00000000000000000000001100101000 '
b00000000000000000000000100101100 (
b00000000000000000000000100101100 +
#2087
1"
#2088
0"
b11 $
0%
b00000000000000000000000111100000 &
b00000000000000000000001111011000 '
b00000000000000000000001001111100 (
b00000000000000000000000111100000 +
1,
#2089
1"
b00000000000000000000000111100000 )
b00000000000000000000000111100100 *
#2090
0"
b01 $
b00000000000000000000000000111100 &
b00000000000000000000001010001000 '
b00000000000000000000001101110100 (
b00000000000000000000001101110100 +
#2091
1"
b00000000000000000000001101110100 )
b00000000000000000000001101111000 *
#2092
0"
1%
b00000000000000000000000100111100 &
b00000000000000000000001001000100 '
b00000000000000000000000101010100 (
b00000000000000000000000101010100 +
0,
#2093
1"
#2094
0"
b10 $
0%
b00000000000000000000001110100000 &
b00000000000000000000000011001100 '
b00000000000000000000000011001100 (
b00000000000000000000000011001100 +
1,
#2095
1"
b00000000000000000000000011001100 )
b00000000000000000000000011010000 *
#2096
0"
b11 $
1%
b00000000000000000000000001110100 &
b00000000000000000000000001111100 '
b00000000000000000000001100001100 (
b00000000000000000000000001110100 +
0,
#2097
1"
#2098
0"
b00 $
0%
b00000000000000000000001001011000 &
b00000000000000000000001101001000 '
b00000000000000000000001100111000 (
b00000000000000000000000011010000 +
1,
#2099
1"
b00000000000000000000000011010000 )
b00000000000000000000000011010100 *
b00000000000000000000000011010100 +
#2100
0"
b10 $
1%
b00000000000000000000001000000100 &
b00000000000000000000000101101000 '
b00000000000000000000000101101100 (
b00000000000000000000000101101000 +
0,
#2101
1"
#2102
0"
b00 $
b00000000000000000000000011001100 &
b00000000000000000000000010111100 '
b00000000000000000000001100000100 (
b00000000000000000000000011010100 +
#2103
1"
#2104
0"
0%
b00000000000000000000001100110100 &
b00000000000000000000000101111100 '
b00000000000000000000001100110100 (
1,
#2105
1"
b00000000000000000000000011010100 )
b00000000000000000000000011011000 *
b00000000000000000000000011011000 +
#2106
0"
b10 $
b00000000000000000000001011100100 &
b00000000000000000000000000101100 '
b00000000000000000000001111010100 (
b00000000000000000000000000101100 +
#2107
1"
b00000000000000000000000000101100 )
b00000000000000000000000000110000 *
#2108
0"
b01 $
b00000000000000000000001010001100 &
b00000000000000000000000000101000 '
b00000000000000000000000111000100 (
b00000000000000000000000111000100 +
#2109
1"
b00000000000000000000000111000100 )
b00000000000000000000000111001000 *
#2110
0"
b10 $
b00000000000000000000000111011000 &
b00000000000000000000001111110100 '
b00000000000000000000001101110000 (
b00000000000000000000001111110100 +
#2111
1"
b00000000000000000000001111110100 )
b00000000000000000000001111111000 *
#2112
0"
b00 $
1%
b00000000000000000000000100001000 &
b00000000000000000000001100010100 '
b00000000000000000000000011100100 (
b00000000000000000000001111111000 +
0,
#2113
1"
#2114
0"
b01 $
0%
b00000000000000000000000101100100 &
b00000000000000000000001101000100 '
b00000000000000000000000001010100 (
b00000000000000000000000001010100 +
1,
#2115
1"
b00000000000000000000000001010100 )
b00000000000000000000000001011000 *
#2116
0"
b10 $
1%
b00000000000000000000000101001000 &
b00000000000000000000001110011100 '
b00000000000000000000000100000100 (
b00000000000000000000001110011100 +
0,
#2117
1"
#2118
0"
b11 $
0%
b00000000000000000000000000001100 &
b00000000000000000000001101100100 '
b00000000000000000000000001010100 (
b00000000000000000000000000001100 +
1,
#2119
1"
b00000000000000000000000000001100 )
b00000000000000000000000000010000 *
#2120
0"
b00 $
b00000000000000000000000110011100 &
b00000000000000000000001001101100 '
b00000000000000000000001101000000 (
b00000000000000000000000000010000 +
#2121
1"
b00000000000000000000000000010000 )
b00000000000000000000000000010100 *
b00000000000000000000000000010100 +
#2122
0"
b00000000000000000000001101101000 &
b00000000000000000000000100111000 '
b00000000000000000000001111111100 (
#2123
1"
b00000000000000000000000000010100 )
b00000000000000000000000000011000 *
b00000000000000000000000000011000 +
#2124
0"
b10 $
1%
b00000000000000000000001101111000 &
b00000000000000000000001111100000 '
b00000000000000000000000101100000 (
b00000000000000000000001111100000 +
0,
#2125
1"
#2126
0"
b11 $
0%
b00000000000000000000000011111000 &
b00000000000000000000000111000000 '
b00000000000000000000000110011100 (
b00000000000000000000000011111000 +
1,
#2127
1"
b00000000000000000000000011111000 )
b00000000000000000000000011111100 *
#2128
0"
b00 $
1%
b00000000000000000000000100100000 &
b00000000000000000000001010011000 '
b00000000000000000000000111001000 (
b00000000000000000000000011111100 +
0,
#2129
1"
#2130
0"
b01 $
b00000000000000000000000111110000 &
b00000000000000000000001000110000 '
b00000000000000000000001001111000 (
b00000000000000000000001001111000 +
#2131
1"
#2132
0"
b00000000000000000000000110010000 &
b00000000000000000000001111100000 '
b00000000000000000000000010000000 (
b00000000000000000000000010000000 +
#2133
1"
#2134
0"
b00 $
b00000000000000000000000010001000 &
b00000000000000000000000000111000 '
b00000000000000000000000001111100 (
b00000000000000000000000011111100 +
#2135
1"
#2136
0"
b01 $
b00000000000000000000001011001000 &
b00000000000000000000001111111100 '
b00000000000000000000001011110100 (
b00000000000000000000001011110100 +
#2137
1"
#2138
0"
b11 $
b00000000000000000000000101001100 &
b00000000000000000000000100100100 '
b00000000000000000000001000011100 (
b00000000000000000000000101001100 +
#2139
1"
#2140
0"
b10 $
b00000000000000000000000001001000 &
b00000000000000000000000000001100 '
b00000000000000000000000100001100 (
b00000000000000000000000000001100 +
#2141
1"
#2142
0"
b01 $
0%
b00000000000000000000000000100100 &
b00000000000000000000000000000100 '
b00000000000000000000000001100100 (
b00000000000000000000000001100100 +
1,
#2143
1"
b00000000000000000000000001100100 )
b00000000000000000000000001101000 *
#2144
0"
b11 $
1%
b00000000000000000000001001111000 &
b00000000000000000000000000110000 '
b00000000000000000000001000101100 (
b00000000000000000000001001111000 +
0,
#2145
1"
#2146
0"
b10 $
0%
b00000000000000000000000101110000 &
b00000000000000000000001110000100 '
b00000000000000000000000100111100 (
b00000000000000000000001110000100 +
1,
#2147
1"
b00000000000000000000001110000100 )
b00000000000000000000001110001000 *
#2148
0"
b00 $
b00000000000000000000000001010000 &
b00000000000000000000000010111000 '
b00000000000000000000000000001000 (
b00000000000000000000001110001000 +
#2149
1"
b00000000000000000000001110001000 )
b00000000000000000000001110001100 *
b00000000000000000000001110001100 +
#2150
0"
b01 $
1%
b00000000000000000000000001100100 &
b00000000000000000000000010010100 '
b00000000000000000000001000001100 (
b00000000000000000000001000001100 +
0,
#2151
1"
#2152
0"
b00 $
b00000000000000000000000010000000 &
b00000000000000000000001011001100 '
b00000000000000000000001110001000 (
b00000000000000000000001110001100 +
#2153
1"
#2154
0"
0%
b00000000000000000000000110111100 &
b00000000000000000000000110110100 '
b00000000000000000000000011100100 (
1,
#2155
1"
b00000000000000000000001110001100 )
b00000000000000000000001110010000 *
b00000000000000000000001110010000 +
#2156
0"
b00000000000000000000001100110000 &
b00000000000000000000000010011000 '
b00000000000000000000000010000000 (
#2157
1"
b00000000000000000000001110010000 )
b00000000000000000000001110010100 *
b00000000000000000000001110010100 +
#2158
0"
b00000000000000000000000110000100 &
b00000000000000000000001011010000 '
b00000000000000000000001100010100 (
#2159
1"
b00000000000000000000001110010100 )
b00000000000000000000001110011000 *
b00000000000000000000001110011000 +
#2160
0"
b00000000000000000000001100100000 &
b00000000000000000000001100010000 '
b00000000000000000000000101111100 (
#2161
1"
b00000000000000000000001110011000 )
b00000000000000000000001110011100 *
b00000000000000000000001110011100 +
#2162
0"
b10 $
1%
b00000000000000000000001001100000 &
b00000000000000000000001110001100 '
b00000000000000000000001011101000 (
b00000000000000000000001110001100 +
0,
#2163
1"
#2164
0"
b11 $
b00000000000000000000001001101000 &
b00000000000000000000000011110000 '
b00000000000000000000000011011000 (
b00000000000000000000001001101000 +
#2165
1"
#2166
0"
b00 $
0%
b00000000000000000000000110111000 &
b00000000000000000000001110101100 '
b00000000000000000000000000110100 (
b00000000000000000000001110011100 +
1,
#2167
1"
b00000000000000000000001110011100 )
b00000000000000000000001110100000 *
b00000000000000000000001110100000 +
#2168
0"
1%
b00000000000000000000000010000100 &
b00000000000000000000000111010000 '
b00000000000000000000001001100100 (
0,
#2169
1"
#2170
0"
b10 $
0%
b00000000000000000000000111111000 &
b00000000000000000000001010001100 '
b00000000000000000000001000000100 (
b00000000000000000000001010001100 +
1,
#2171
1"
b00000000000000000000001010001100 )
b00000000000000000000001010010000 *
#2172
0"
b11 $
1%
b00000000000000000000001011000100 &
b00000000000000000000000000101100 '
b00000000000000000000000001011100 (
b00000000000000000000001011000100 +
0,
#2173
1"
#2174
0"
b00 $
b00000000000000000000001010110000 &
b00000000000000000000001010100100 '
b00000000000000000000001011100000 (
b00000000000000000000001010010000 +
#2175
1"
#2176
0"
b11 $
0%
b00000000000000000000000011110000 &
b00000000000000000000000000000100 '
b00000000000000000000000000000000 (
b00000000000000000000000011110000 +
1,
#2177
1"
b00000000000000000000000011110000 )
b00000000000000000000000011110100 *
#2178
0"
b10 $
1%
b00000000000000000000001010000000 &
b00000000000000000000001110000100 '
b00000000000000000000000110100100 (
b00000000000000000000001110000100 +
0,
#2179
1"
#2180
0"
b01 $
b00000000000000000000001101110000 &
b00000000000000000000001100111100 '
b00000000000000000000001111110100 (
b00000000000000000000001111110100 +
#2181
1"
#2182
0"
b10 $
b00000000000000000000001100101000 &
b00000000000000000000001111010000 '
b00000000000000000000001011010000 (
b00000000000000000000001111010000 +
#2183
1"
#2184
0"
b11 $
b00000000000000000000000000011100 &
b00000000000000000000001111110000 '
b00000000000000000000000100001100 (
b00000000000000000000000000011100 +
#2185
1"
#2186
0"
b10 $
b00000000000000000000000001100000 &
b00000000000000000000001100101000 '
b00000000000000000000001011011000 (
b00000000000000000000001100101000 +
#2187
1"
#2188
0"
b01 $
b00000000000000000000000111101000 &
b00000000000000000000000000110100 '
b00000000000000000000000011001000 (
b00000000000000000000000011001000 +
#2189
1"
#2190
0"
b11 $
b00000000000000000000001011000000 &
b00000000000000000000000001101100 '
b00000000000000000000000110000000 (
b00000000000000000000001011000000 +
#2191
1"
#2192
0"
b01 $
b00000000000000000000001110100100 &
b00000000000000000000001111010100 '
b00000000000000000000001001100000 (
b00000000000000000000001001100000 +
#2193
1"
#2194
0"
b11 $
b00000000000000000000001010100100 &
b00000000000000000000001011000100 '
b00000000000000000000000101111100 (
b00000000000000000000001010100100 +
#2195
1"
#2196
0"
b01 $
0%
b00000000000000000000001001011100 &
b00000000000000000000000110010000 '
b00000000000000000000001111100000 (
b00000000000000000000001111100000 +
1,
#2197
1"
b00000000000000000000001111100000 )
b00000000000000000000001111100100 *
#2198
0"
b10 $
b00000000000000000000000000010100 &
b00000000000000000000001111001000 '
b00000000000000000000000100110000 (
b00000000000000000000001111001000 +
#2199
1"
b00000000000000000000001111001000 )
b00000000000000000000001111001100 *
#2200
0"
b11 $
1%
b00000000000000000000000111111000 &
b00000000000000000000000011011000 '
b00000000000000000000001101000000 (
b00000000000000000000000111111000 +
0,
#2201
1"
#2202
0"
b00 $
b00000000000000000000000101000000 &
b00000000000000000000000110000000 '
b00000000000000000000001100110000 (
b00000000000000000000001111001100 +
#2203
1"
#2204
0"
b00000000000000000000001001010100 &
b00000000000000000000001001101000 '
b00000000000000000000000110111100 (
#2205
1"
#2206
0"
b01 $
b00000000000000000000001101101000 &
b00000000000000000000001101011000 '
b00000000000000000000000011001000 (
b00000000000000000000000011001000 +
#2207
1"
#2208
0"
b10 $
b00000000000000000000000010111000 &
b00000000000000000000001101000100 '
b00000000000000000000001001011100 (
b00000000000000000000001101000100 +
#2209
1"
#2210
0"
b00000000000000000000000001100100 &
b00000000000000000000000010110000 '
b00000000000000000000001001110100 (
b00000000000000000000000010110000 +
#2211
1"
#2212
0"
b00000000000000000000000110000100 &
b00000000000000000000001110010000 '
b00000000000000000000000001110100 (
b00000000000000000000001110010000 +
#2213
1"
#2214
0"
b01 $
0%
b00000000000000000000001100111000 &
b00000000000000000000001000000100 '
b00000000000000000000001111010100 (
b00000000000000000000001111010100 +
1,
#2215
1"
b00000000000000000000001111010100 )
b00000000000000000000001111011000 *
#2216
0"
b11 $
b00000000000000000000000110111000 &
b00000000000000000000000011000000 '
b00000000000000000000001100110000 (
b00000000000000000000000110111000 +
#2217
1"
b00000000000000000000000110111000 )
b00000000000000000000000110111100 *
#2218
0"
b01 $
b00000000000000000000000100110100 &
b00000000000000000000001011100000 '
b00000000000000000000000011010000 (
b00000000000000000000000011010000 +
#2219
1"
b00000000000000000000000011010000 )
b00000000000000000000000011010100 *
#2220
0"
b11 $
b00000000000000000000000110100000 &
b00000000000000000000001010110100 '
b00000000000000000000001100001100 (
b00000000000000000000000110100000 +
#2221
1"
b00000000000000000000000110100000 )
b00000000000000000000000110100100 *
#2222
0"
1%
b00000000000000000000000110111000 &
b00000000000000000000000001100100 '
b00000000000000000000001111111100 (
b00000000000000000000000110111000 +
0,
#2223
1"
#2224
0"
b00000000000000000000001110011100 &
b00000000000000000000000110110000 '
b00000000000000000000000110001100 (
b00000000000000000000001110011100 +
#2225
1"
#2226
0"
b00 $
0%
b00000000000000000000001111011100 &
b00000000000000000000001101001100 '
b00000000000000000000000001111100 (
b00000000000000000000000110100100 +
1,
#2227
1"
b00000000000000000000000110100100 )
b00000000000000000000000110101000 *
b00000000000000000000000110101000 +
#2228
0"
b00000000000000000000000101000100 &
b00000000000000000000000101101100 '
b00000000000000000000001001111000 (
#2229
1"
b00000000000000000000000110101000 )
b00000000000000000000000110101100 *
b00000000000000000000000110101100 +
#2230
0"
b01 $
b00000000000000000000001111110000 &
b00000000000000000000000110101000 '
b00000000000000000000001111000000 (
b00000000000000000000001111000000 +
#2231
1"
b00000000000000000000001111000000 )
b00000000000000000000001111000100 *
#2232
0"
1%
b00000000000000000000001110001000 &
b00000000000000000000001001100100 '
b00000000000000000000001001011000 (
b00000000000000000000001001011000 +
0,
#2233
1"
#2234
0"
0%
b00000000000000000000000110101000 &
b00000000000000000000000001001100 '
b00000000000000000000001011000100 (
b00000000000000000000001011000100 +
1,
#2235
1"
b00000000000000000000001011000100 )
b00000000000000000000001011001000 *
#2236
0"
1%
b00000000000000000000000011000000 &
b00000000000000000000000101000000 '
b00000000000000000000001000101100 (
b00000000000000000000001000101100 +
0,
#2237
1"
#2238
0"
b11 $
b00000000000000000000000010100100 &
b00000000000000000000001000101100 '
b00000000000000000000000010100000 (
b00000000000000000000000010100100 +
#2239
1"
#2240
0"
b01 $
b00000000000000000000001001011000 &
b00000000000000000000001001101000 '
b00000000000000000000001101001000 (
b00000000000000000000001101001000 +
#2241
1"
#2242
0"
b00 $
0%
b00000000000000000000000000101100 &
b00000000000000000000000011000100 '
b00000000000000000000000010001000 (
b00000000000000000000001011001000 +
1,
#2243
1"
b00000000000000000000001011001000 )
b00000000000000000000001011001100 *
b00000000000000000000001011001100 +
#2244
0"
b11 $
b00000000000000000000000000110000 &
b00000000000000000000001101111000 '
b00000000000000000000001111101100 (
b00000000000000000000000000110000 +
#2245
1"
b00000000000000000000000000110000 )
b00000000000000000000000000110100 *
#2246
0"
b10 $
1%
b00000000000000000000001001001100 &
b00000000000000000000000000110000 '
b00000000000000000000001001011100 (
0,
#2247
1"
#2248
0"
b01 $
0%
b00000000000000000000001011011000 &
b00000000000000000000000111010100 '
b00000000000000000000001100011000 (
b00000000000000000000001100011000 +
1,
#2249
1"
b00000000000000000000001100011000 )
b00000000000000000000001100011100 *
#2250
0"
1%
b00000000000000000000000001101100 &
b00000000000000000000000110101100 '
b00000000000000000000001001010000 (
b00000000000000000000001001010000 +
0,
#2251
1"
#2252
0"
b11 $
0%
b00000000000000000000000000101100 &
b00000000000000000000001101100100 '
b00000000000000000000000100111000 (
b00000000000000000000000000101100 +
1,
#2253
1"
b00000000000000000000000000101100 )
b00000000000000000000000000110000 *
#2254
0"
b10 $
b00000000000000000000000000011000 &
b00000000000000000000001110100100 '
b00000000000000000000000011111100 (
b00000000000000000000001110100100 +
#2255
1"
b00000000000000000000001110100100 )
b00000000000000000000001110101000 *
#2256
0"
b01 $
b00000000000000000000001010000100 &
b00000000000000000000000011010100 '
b00000000000000000000001100001000 (
b00000000000000000000001100001000 +
#2257
1"
b00000000000000000000001100001000 )
b00000000000000000000001100001100 *
#2258
0"
b00 $
1%
b00000000000000000000000100011000 &
b00000000000000000000000010111100 '
b00000000000000000000001110010000 (
b00000000000000000000001100001100 +
0,
#2259
1"
#2260
0"
b01 $
0%
b00000000000000000000000101101000 &
b00000000000000000000001001001100 '
b00000000000000000000001110101000 (
b00000000000000000000001110101000 +
1,
#2261
1"
b00000000000000000000001110101000 )
b00000000000000000000001110101100 *
#2262
0"
b00 $
b00000000000000000000001111001100 &
b00000000000000000000000011110000 '
b00000000000000000000000011111100 (
b00000000000000000000001110101100 +
#2263
1"
b00000000000000000000001110101100 )
b00000000000000000000001110110000 *
b00000000000000000000001110110000 +
#2264
0"
b11 $
1%
b00000000000000000000001001001000 '
b00000000000000000000000101100100 (
b00000000000000000000001111001100 +
0,
#2265
1"
#2266
0"
b10 $
0%
b00000000000000000000000110011100 &
b00000000000000000000000100100000 '
b00000000000000000000000100100000 +
1,
#2267
1"
b00000000000000000000000100100000 )
b00000000000000000000000100100100 *
#2268
0"
1%
b00000000000000000000000011111000 &
b00000000000000000000000100011100 '
b00000000000000000000001010011000 (
b00000000000000000000000100011100 +
0,
#2269
1"
#2270
0"
b00 $
b00000000000000000000000111111000 &
b00000000000000000000000100011000 '
b00000000000000000000000001001000 (
b00000000000000000000000100100100 +
#2271
1"
#2272
0"
b10 $
b00000000000000000000001000011100 &
b00000000000000000000001011110000 '
b00000000000000000000001011011000 (
b00000000000000000000001011110000 +
#2273
1"
#2274
0"
b01 $
0%
b00000000000000000000001000101100 &
b00000000000000000000000110010000 '
b00000000000000000000000001100000 (
b00000000000000000000000001100000 +
1,
#2275
1"
b00000000000000000000000001100000 )
b00000000000000000000000001100100 *
#2276
0"
b10 $
1%
b00000000000000000000001001100000 &
b00000000000000000000001011111000 '
b00000000000000000000000111110100 (
b00000000000000000000001011111000 +
0,
#2277
1"
#2278
0"
b01 $
0%
b00000000000000000000001110111000 &
b00000000000000000000000101100000 '
b00000000000000000000000100100000 (
b00000000000000000000000100100000 +
1,
#2279
1"
b00000000000000000000000100100000 )
b00000000000000000000000100100100 *
#2280
0"
b11 $
b00000000000000000000001011101000 &
b00000000000000000000001000010100 '
b00000000000000000000000100010100 (
b00000000000000000000001011101000 +
#2281
1"
b00000000000000000000001011101000 )
b00000000000000000000001011101100 *
#2282
0"
b00 $
b00000000000000000000000010100000 &
b00000000000000000000001101111000 '
b00000000000000000000001100110000 (
b00000000000000000000001011101100 +
#2283
1"
b00000000000000000000001011101100 )
b00000000000000000000001011110000 *
b00000000000000000000001011110000 +
#2284
0"
b10 $
b00000000000000000000001111000000 &
b00000000000000000000001100000100 '
b00000000000000000000001111110000 (
b00000000000000000000001100000100 +
#2285
1"
b00000000000000000000001100000100 )
b00000000000000000000001100001000 *
#2286
0"
b00000000000000000000001101100100 &
b00000000000000000000000011000100 '
b00000000000000000000001001011000 (
b00000000000000000000000011000100 +
#2287
1"
b00000000000000000000000011000100 )
b00000000000000000000000011001000 *
#2288
0"
b01 $
b00000000000000000000001000000100 &
b00000000000000000000001000100100 '
b00000000000000000000001011101000 (
b00000000000000000000001011101000 +
#2289
1"
b00000000000000000000001011101000 )
b00000000000000000000001011101100 *
#2290
0"
b11 $
b00000000000000000000001011101000 &
b00000000000000000000001110110100 '
b00000000000000000000001101001000 (
#2291
1"
#2292
0"
b10 $
b00000000000000000000001101000000 &
b00000000000000000000001011110000 '
b00000000000000000000001011101000 (
b00000000000000000000001011110000 +
#2293
1"
b00000000000000000000001011110000 )
b00000000000000000000001011110100 *
#2294
0"
b01 $
1%
b00000000000000000000000100000000 &
b00000000000000000000000011110100 '
b00000000000000000000001111101100 (
b00000000000000000000001111101100 +
0,
#2295
1"
#2296
0"
b00 $
0%
b00000000000000000000000011110000 &
b00000000000000000000001111110000 '
b00000000000000000000000011100100 (
b00000000000000000000001011110100 +
1,
#2297
1"
b00000000000000000000001011110100 )
b00000000000000000000001011111000 *
b00000000000000000000001011111000 +
#2298
0"
1%
b00000000000000000000000110110000 &
b00000000000000000000000001000100 '
b00000000000000000000001101010000 (
0,
#2299
1"
#2300
0"
b10 $
b00000000000000000000001101000000 &
b00000000000000000000001000010000 '
b00000000000000000000001000110000 (
b00000000000000000000001000010000 +
#2301
1"
#2302
0"
b00000000000000000000000000011100 &
b00000000000000000000000100010000 '
b00000000000000000000000111000000 (
b00000000000000000000000100010000 +
#2303
1"
#2304
0"
b01 $
b00000000000000000000001010010000 &
b00000000000000000000001010101000 '
b00000000000000000000000000001100 (
b00000000000000000000000000001100 +
#2305
1"
#2306
0"
b10 $
b00000000000000000000000010000000 &
b00000000000000000000001001111000 '
b00000000000000000000001111110100 (
b00000000000000000000001001111000 +
#2307
1"
#2308
0"
b00 $
b00000000000000000000000111010100 &
b00000000000000000000000101100000 '
b00000000000000000000001010011100 (
b00000000000000000000001011111000 +
#2309
1"
#2310
0"
b10 $
0%
b00000000000000000000000100101000 &
b00000000000000000000000001101000 '
b00000000000000000000001010001000 (
b00000000000000000000000001101000 +
1,
#2311
1"
b00000000000000000000000001101000 )
b00000000000000000000000001101100 *
#2312
0"
b11 $
1%
b00000000000000000000001010010100 &
b00000000000000000000001110111100 '
b00000000000000000000001010000100 (
b00000000000000000000001010010100 +
0,
#2313
1"
#2314
0"
b01 $
0%
b00000000000000000000000010010000 &
b00000000000000000000000011100000 '
b00000000000000000000001011111000 (
b00000000000000000000001011111000 +
1,
#2315
1"
b00000000000000000000001011111000 )
b00000000000000000000001011111100 *
#2316
0"
b00 $
b00000000000000000000000000010100 &
b00000000000000000000001011110000 (
b00000000000000000000001011111100 +
#2317
1"
b00000000000000000000001011111100 )
b00000000000000000000001100000000 *
b00000000000000000000001100000000 +
#2318
0"
b01 $
1%
b00000000000000000000000111101100 &
b00000000000000000000000010100100 '
b00000000000000000000000011010100 (
b00000000000000000000000011010100 +
0,
#2319
1"
#2320
0"
b00 $
b00000000000000000000001110000000 &
b00000000000000000000001110110100 '
b00000000000000000000001001110100 (
b00000000000000000000001100000000 +
#2321
1"
#2322
0"
0%
b00000000000000000000000010111000 &
b00000000000000000000001101001000 '
b00000000000000000000001011011000 (
1,
#2323
1"
b00000000000000000000001100000000 )
b00000000000000000000001100000100 *
b00000000000000000000001100000100 +
#2324
0"
1%
b00000000000000000000001101001100 &
b00000000000000000000000111010100 '
b00000000000000000000001110000100 (
0,
#2325
1"
#2326
0"
0%
b00000000000000000000000101101100 &
b00000000000000000000001001100000 '
b00000000000000000000001101111100 (
1,
#2327
1"
b00000000000000000000001100000100 )
b00000000000000000000001100001000 *
b00000000000000000000001100001000 +
#2328
0"
b01 $
b00000000000000000000001111000100 &
b00000000000000000000000001111100 '
b00000000000000000000000110010100 (
b00000000000000000000000110010100 +
#2329
1"
b00000000000000000000000110010100 )
b00000000000000000000000110011000 *
#2330
0"
b00000000000000000000001111110000 &
b00000000000000000000000010100000 '
b00000000000000000000000101000100 (
b00000000000000000000000101000100 +
#2331
1"
b00000000000000000000000101000100 )
b00000000000000000000000101001000 *
#2332
0"
1%
b00000000000000000000001001011100 &
b00000000000000000000000001001000 '
b00000000000000000000001000111000 (
b00000000000000000000001000111000 +
0,
#2333
1"
#2334
0"
b00 $
0%
b00000000000000000000000010101000 &
b00000000000000000000000110001000 '
b00000000000000000000000110110000 (
b00000000000000000000000101001000 +
1,
#2335
1"
b00000000000000000000000101001000 )
b00000000000000000000000101001100 *
b00000000000000000000000101001100 +
#2336
0"
b01 $
b00000000000000000000000101111000 &
b00000000000000000000001011010000 '
b00000000000000000000001010011100 (
b00000000000000000000001010011100 +
#2337
1"
b00000000000000000000001010011100 )
b00000000000000000000001010100000 *
#2338
0"
b11 $
1%
b00000000000000000000000100111000 &
b00000000000000000000001001101000 '
b00000000000000000000001100000100 (
b00000000000000000000000100111000 +
0,
#2339
1"
#2340
0"
b01 $
b00000000000000000000001110111000 &
b00000000000000000000000001111000 '
b00000000000000000000001101001000 (
b00000000000000000000001101001000 +
#2341
1"
#2342
0"
b11 $
b00000000000000000000001111101000 &
b00000000000000000000000100111100 '
b00000000000000000000001111001100 (
b00000000000000000000001111101000 +
#2343
1"
#2344
0"
b00 $
0%
b00000000000000000000001001010000 &
b00000000000000000000001110001100 '
b00000000000000000000001001001000 (
b00000000000000000000001010100000 +
1,
#2345
1"
b00000000000000000000001010100000 )
b00000000000000000000001010100100 *
b00000000000000000000001010100100 +
#2346
0"
b11 $
1%
b00000000000000000000000010110000 &
b00000000000000000000000100110100 '
b00000000000000000000000111101000 (
b00000000000000000000000010110000 +
0,
#2347
1"
#2348
0"
b01 $
0%
b00000000000000000000001010110000 &
b00000000000000000000001111011100 '
b00000000000000000000001110001100 (
b00000000000000000000001110001100 +
1,
#2349
1"
b00000000000000000000001110001100 )
b00000000000000000000001110010000 *
#2350
0"
b00 $
b00000000000000000000000000110000 &
b00000000000000000000001010001000 '
b00000000000000000000001101000000 (
b00000000000000000000001110010000 +
#2351
1"
b00000000000000000000001110010000 )
b00000000000000000000001110010100 *
b00000000000000000000001110010100 +
#2352
0"
b01 $
1%
b00000000000000000000001000001100 &
b00000000000000000000001011101100 '
b00000000000000000000001110110100 (
b00000000000000000000001110110100 +
0,
#2353
1"
#2354
0"
b10 $
0%
b00000000000000000000001011100000 &
b00000000000000000000000101000000 '
b00000000000000000000000101110100 (
b00000000000000000000000101000000 +
1,
#2355
1"
b00000000000000000000000101000000 )
b00000000000000000000000101000100 *
#2356
0"
b11 $
b00000000000000000000001101111000 &
b00000000000000000000000100000000 '
b00000000000000000000000111111100 (
b00000000000000000000001101111000 +
#2357
1"
b00000000000000000000001101111000 )
b00000000000000000000001101111100 *
#2358
0"
b00 $
1%
b00000000000000000000001001011100 &
b00000000000000000000001001110100 '
b00000000000000000000001011000000 (
b00000000000000000000001101111100 +
0,
#2359
1"
#2360
0"
b01 $
0%
b00000000000000000000001101111100 &
b00000000000000000000001011110100 '
b00000000000000000000000010110100 (
b00000000000000000000000010110100 +
1,
#2361
1"
b00000000000000000000000010110100 )
b00000000000000000000000010111000 *
#2362
0"
b10 $
1%
b00000000000000000000000110001100 &
b00000000000000000000001100111000 '
b00000000000000000000001011001100 (
b00000000000000000000001100111000 +
0,
#2363
1"
#2364
0"
b11 $
b00000000000000000000001000001000 &
b00000000000000000000001011011000 '
b00000000000000000000000101011100 (
b00000000000000000000001000001000 +
#2365
1"
#2366
0"
0%
b00000000000000000000000110010100 &
b00000000000000000000000010011100 '
b00000000000000000000000101110100 (
b00000000000000000000000110010100 +
1,
#2367
1"
b00000000000000000000000110010100 )
b00000000000000000000000110011000 *
#2368
0"
1%
b00000000000000000000001111100100 &
b00000000000000000000001010000100 '
b00000000000000000000000001001100 (
b00000000000000000000001111100100 +
0,
#2369
1"
#2370
0"
b01 $
b00000000000000000000000111011000 &
b00000000000000000000000001000000 '
b00000000000000000000001010111000 (
b00000000000000000000001010111000 +
#2371
1"
#2372
0"
b10 $
b00000000000000000000001110010000 &
b00000000000000000000000000010100 '
b00000000000000000000001101111000 (
b00000000000000000000000000010100 +
#2373
1"
#2374
0"
b01 $
b00000000000000000000001111000000 &
b00000000000000000000000111010000 '
b00000000000000000000001001010100 (
b00000000000000000000001001010100 +
#2375
1"
#2376
0"
b11 $
b00000000000000000000000011000100 &
b00000000000000000000000010011000 '
b00000000000000000000000101111000 (
b00000000000000000000000011000100 +
#2377
1"
#2378
0"
b00 $
b00000000000000000000000110101000 &
b00000000000000000000001110110100 '
b00000000000000000000001011110100 (
b00000000000000000000000110011000 +
#2379
1"
#2380
0"
b11 $
0%
b00000000000000000000001001000000 &
b00000000000000000000001100000100 '
b00000000000000000000000101000100 (
b00000000000000000000001001000000 +
1,
#2381
1"
b00000000000000000000001001000000 )
b00000000000000000000001001000100 *
#2382
0"
b00000000000000000000000110001100 &
b00000000000000000000000001100100 '
b00000000000000000000000100101000 (
b00000000000000000000000110001100 +
#2383
1"
b00000000000000000000000110001100 )
b00000000000000000000000110010000 *
#2384
0"
b01 $
1%
b00000000000000000000000110101100 &
b00000000000000000000001111011000 '
b00000000000000000000000100010100 (
b00000000000000000000000100010100 +
0,
#2385
1"
#2386
0"
b00000000000000000000000000110000 &
b00000000000000000000000011100100 '
b00000000000000000000000111110000 (
b00000000000000000000000111110000 +
#2387
1"
#2388
0"
b10 $
b00000000000000000000000010001100 &
b00000000000000000000001101001100 '
b00000000000000000000000000001100 (
b00000000000000000000001101001100 +
#2389
1"
#2390
0"
b01 $
b00000000000000000000001001100000 &
b00000000000000000000001110110000 '
b00000000000000000000000100100000 (
b00000000000000000000000100100000 +
#2391
1"
#2392
0"
b00000000000000000000001111100100 &
b00000000000000000000001110010100 '
b00000000000000000000000111010000 (
b00000000000000000000000111010000 +
#2393
1"
#2394
0"
b10 $
0%
b00000000000000000000001010111000 &
b00000000000000000000001010110100 '
b00000000000000000000001010000100 (
b00000000000000000000001010110100 +
1,
#2395
1"
b00000000000000000000001010110100 )
b00000000000000000000001010111000 *
#2396
0"
b00 $
1%
b00000000000000000000001110000100 &
b00000000000000000000000110001100 '
b00000000000000000000001011010100 (
b00000000000000000000001010111000 +
0,
#2397
1"
#2398
0"
b10 $
b00000000000000000000001011110000 &
b00000000000000000000000011001000 '
b00000000000000000000001110011000 (
b00000000000000000000000011001000 +
#2399
1"
#2400
0"
b00 $
0%
b00000000000000000000001100001100 &
b00000000000000000000000101110000 '
b00000000000000000000001010011100 (
b00000000000000000000001010111000 +
1,
#2401
1"
b00000000000000000000001010111000 )
b00000000000000000000001010111100 *
b00000000000000000000001010111100 +
#2402
0"
b10 $
1%
b00000000000000000000000000001000 &
b00000000000000000000000101111100 '
b00000000000000000000001100100100 (
b00000000000000000000000101111100 +
0,
#2403
1"
#2404
0"
b11 $
0%
b00000000000000000000000111110100 &
b00000000000000000000000100010000 '
b00000000000000000000001001101000 (
b00000000000000000000000111110100 +
1,
#2405
1"
b00000000000000000000000111110100 )
b00000000000000000000000111111000 *
#2406
0"
b01 $
b00000000000000000000000010001000 &
b00000000000000000000001010000000 '
b00000000000000000000000011110000 (
b00000000000000000000000011110000 +
#2407
1"
b00000000000000000000000011110000 )
b00000000000000000000000011110100 *
#2408
0"
b00 $
b00000000000000000000001111101100 &
b00000000000000000000001010010100 '
b00000000000000000000001111110000 (
b00000000000000000000000011110100 +
#2409
1"
b00000000000000000000000011110100 )
b00000000000000000000000011111000 *
b00000000000000000000000011111000 +
#2410
0"
1%
b00000000000000000000001010100100 &
b00000000000000000000000110110000 '
b00000000000000000000001111110100 (
0,
#2411
1"
#2412
0"
b11 $
b00000000000000000000001101001000 &
b00000000000000000000000101001100 '
b00000000000000000000000000000100 (
b00000000000000000000001101001000 +
#2413
1"
#2414
0"
b01 $
b00000000000000000000001101111000 &
b00000000000000000000000111110000 '
b00000000000000000000000111100000 (
b00000000000000000000000111100000 +
#2415
1"
#2416
0"
b00 $
b00000000000000000000000010110100 &
b00000000000000000000000010010100 '
b00000000000000000000000000101100 (
b00000000000000000000000011111000 +
#2417
1"
#2418
0"
b11 $
0%
b00000000000000000000001001100100 &
b00000000000000000000001110100100 '
b00000000000000000000001011011000 (
b00000000000000000000001001100100 +
1,
#2419
1"
b00000000000000000000001001100100 )
b00000000000000000000001001101000 *
#2420
0"
b01 $
1%
b00000000000000000000000100111100 &
b00000000000000000000001101000000 '
b00000000000000000000000101001000 (
b00000000000000000000000101001000 +
0,
#2421
1"
#2422
0"
b11 $
0%
b00000000000000000000000001110100 &
b00000000000000000000001111010000 '
b00000000000000000000001110110100 (
b00000000000000000000000001110100 +
1,
#2423
1"
b00000000000000000000000001110100 )
b00000000000000000000000001111000 *
#2424
0"
1%
b00000000000000000000001001001000 &
b00000000000000000000001110110100 '
b00000000000000000000001101011000 (
b00000000000000000000001001001000 +
0,
#2425
1"
#2426
0"
0%
b00000000000000000000001111000000 &
b00000000000000000000000111000100 '
b00000000000000000000001110001000 (
b00000000000000000000001111000000 +
1,
#2427
1"
b00000000000000000000001111000000 )
b00000000000000000000001111000100 *
#2428
0"
b00 $
1%
b00000000000000000000001010100100 &
b00000000000000000000001001010100 '
b00000000000000000000000011111000 (
b00000000000000000000001111000100 +
0,
#2429
1"
#2430
0"
0%
b00000000000000000000000101010100 &
b00000000000000000000000100111000 '
b00000000000000000000000100011000 (
1,
#2431
1"
b00000000000000000000001111000100 )
b00000000000000000000001111001000 *
b00000000000000000000001111001000 +
#2432
0"
b11 $
1%
b00000000000000000000001111001100 &
b00000000000000000000000101101000 '
b00000000000000000000001111010000 (
b00000000000000000000001111001100 +
0,
#2433
1"
#2434
0"
b10 $
b00000000000000000000000111010000 &
b00000000000000000000000110001100 '
b00000000000000000000001001100100 (
b00000000000000000000000110001100 +
#2435
1"
#2436
0"
b01 $
0%
b00000000000000000000000001110100 &
b00000000000000000000001111001100 '
b00000000000000000000000110101100 (
b00000000000000000000000110101100 +
1,
#2437
1"
b00000000000000000000000110101100 )
b00000000000000000000000110110000 *
#2438
0"
b11 $
b00000000000000000000001101001000 &
b00000000000000000000001110001100 '
b00000000000000000000001111100000 (
b00000000000000000000001101001000 +
#2439
1"
b00000000000000000000001101001000 )
b00000000000000000000001101001100 *
#2440
0"
b00 $
b00000000000000000000000001000100 &
b00000000000000000000000101111000 '
b00000000000000000000001110000100 (
b00000000000000000000001101001100 +
#2441
1"
b00000000000000000000001101001100 )
b00000000000000000000001101010000 *
b00000000000000000000001101010000 +
#2442
0"
b00000000000000000000000011111000 &
b00000000000000000000001010010100 '
b00000000000000000000000110000000 (
#2443
1"
b00000000000000000000001101010000 )
b00000000000000000000001101010100 *
b00000000000000000000001101010100 +
#2444
0"
b00000000000000000000001000010000 &
b00000000000000000000000111011100 '
b00000000000000000000000000101100 (
#2445
1"
b00000000000000000000001101010100 )
b00000000000000000000001101011000 *
b00000000000000000000001101011000 +
#2446
0"
1%
b00000000000000000000001011000000 &
b00000000000000000000001110110000 '
b00000000000000000000000010000100 (
0,
#2447
1"
#2448
0"
b10 $
0%
b00000000000000000000001001111100 &
b00000000000000000000000110011100 '
b00000000000000000000000100000100 (
b00000000000000000000000110011100 +
1,
#2449
1"
b00000000000000000000000110011100 )
b00000000000000000000000110100000 *
#2450
0"
b11 $
b00000000000000000000001100100000 &
b00000000000000000000001101110100 '
b00000000000000000000000011111000 (
b00000000000000000000001100100000 +
#2451
1"
b00000000000000000000001100100000 )
b00000000000000000000001100100100 *
#2452
0"
b00 $
1%
b00000000000000000000001000101000 &
b00000000000000000000001101000100 '
b00000000000000000000001110111100 (
b00000000000000000000001100100100 +
0,
#2453
1"
#2454
0"
b11 $
b00000000000000000000000000001000 &
b00000000000000000000001010100100 '
b00000000000000000000001100011000 (
b00000000000000000000000000001000 +
#2455
1"
#2456
0"
b10 $
b00000000000000000000000111011100 &
b00000000000000000000001110011000 '
b00000000000000000000001010010100 (
b00000000000000000000001110011000 +
#2457
1"
#2458
0"
0%
b00000000000000000000000110001000 &
b00000000000000000000000011001000 '
b00000000000000000000000100101100 (
b00000000000000000000000011001000 +
1,
#2459
1"
b00000000000000000000000011001000 )
b00000000000000000000000011001100 *
#2460
0"
b11 $
b00000000000000000000001001100100 &
b00000000000000000000000010001100 '
b00000000000000000000001110001100 (
b00000000000000000000001001100100 +
#2461
1"
b00000000000000000000001001100100 )
b00000000000000000000001001101000 *
#2462
0"
b10 $
b00000000000000000000000011111000 &
b00000000000000000000001010001000 '
b00000000000000000000000000101100 (
b00000000000000000000001010001000 +
#2463
1"
b00000000000000000000001010001000 )
b00000000000000000000001010001100 *
#2464
0"
b00 $
b00000000000000000000001001110000 &
b00000000000000000000000000011000 '
b00000000000000000000000011010000 (
b00000000000000000000001010001100 +
#2465
1"
b00000000000000000000001010001100 )
b00000000000000000000001010010000 *
b00000000000000000000001010010000 +
#2466
0"
1%
b00000000000000000000000101010100 &
b00000000000000000000001000111000 '
b00000000000000000000000001101100 (
0,
#2467
1"
#2468
0"
0%
b00000000000000000000000100100000 &
b00000000000000000000001001001100 '
b00000000000000000000001101011100 (
1,
#2469
1"
b00000000000000000000001010010000 )
b00000000000000000000001010010100 *
b00000000000000000000001010010100 +
#2470
0"
b01 $
1%
b00000000000000000000000011010100 &
b00000000000000000000000101000000 '
b00000000000000000000000100011100 (
b00000000000000000000000100011100 +
0,
#2471
1"
#2472
0"
b00 $
b00000000000000000000001100010000 &
b00000000000000000000000001100100 '
b00000000000000000000001111011000 (
b00000000000000000000001010010100 +
#2473
1"
#2474
0"
b11 $
0%
b00000000000000000000000010010000 &
b00000000000000000000001110010100 '
b00000000000000000000001001011000 (
b00000000000000000000000010010000 +
1,
#2475
1"
b00000000000000000000000010010000 )
b00000000000000000000000010010100 *
#2476
0"
1%
b00000000000000000000001111100100 &
b00000000000000000000001100110000 '
b00000000000000000000000110011100 (
b00000000000000000000001111100100 +
0,
#2477
1"
#2478
0"
b01 $
0%
b00000000000000000000001101100100 &
b00000000000000000000001000001000 '
b00000000000000000000001110011000 (
b00000000000000000000001110011000 +
1,
#2479
1"
b00000000000000000000001110011000 )
b00000000000000000000001110011100 *
#2480
0"
b00 $
b00000000000000000000001101011000 &
b00000000000000000000000011110000 '
b00000000000000000000000011000100 (
b00000000000000000000001110011100 +
#2481
1"
b00000000000000000000001110011100 )
b00000000000000000000001110100000 *
b00000000000000000000001110100000 +
#2482
0"
b01 $
b00000000000000000000000100011000 &
b00000000000000000000001110001100 '
b00000000000000000000000111101000 (
b00000000000000000000000111101000 +
#2483
1"
b00000000000000000000000111101000 )
b00000000000000000000000111101100 *
#2484
0"
b10 $
1%
b00000000000000000000000100110100 &
b00000000000000000000000101001000 '
b00000000000000000000000111110100 (
b00000000000000000000000101001000 +
0,
#2485
1"
#2486
0"
b00 $
b00000000000000000000000111000100 &
b00000000000000000000000110100000 '
b00000000000000000000001101111100 (
b00000000000000000000000111101100 +
#2487
1"
#2488
0"
b11 $
0%
b00000000000000000000000100000000 &
b00000000000000000000000000000000 '
b00000000000000000000000110010000 (
b00000000000000000000000100000000 +
1,
#2489
1"
b00000000000000000000000100000000 )
b00000000000000000000000100000100 *
#2490
0"
b00 $
1%
b00000000000000000000001011110000 &
b00000000000000000000001000000100 '
b00000000000000000000001011000000 (
b00000000000000000000000100000100 +
0,
#2491
1"
#2492
0"
b10 $
b00000000000000000000000100111000 &
b00000000000000000000000111100000 '
b00000000000000000000001011000100 (
b00000000000000000000000111100000 +
#2493
1"
#2494
0"
b00 $
0%
b00000000000000000000001101101100 &
b00000000000000000000001100011000 '
b00000000000000000000000000100100 (
b00000000000000000000000100000100 +
1,
#2495
1"
b00000000000000000000000100000100 )
b00000000000000000000000100001000 *
b00000000000000000000000100001000 +
#2496
0"
b01 $
b00000000000000000000000110110000 &
b00000000000000000000001010001100 '
b00000000000000000000001010011000 (
b00000000000000000000001010011000 +
#2497
1"
b00000000000000000000001010011000 )
b00000000000000000000001010011100 *
#2498
0"
1%
b00000000000000000000001010000000 &
b00000000000000000000000101101000 '
b00000000000000000000000100111100 (
b00000000000000000000000100111100 +
0,
#2499
1"
#2500
0"
b11 $
0%
b00000000000000000000001110011100 &
b00000000000000000000001011111100 '
b00000000000000000000000110001000 (
b00000000000000000000001110011100 +
1,
#2501
1"
b00000000000000000000001110011100 )
b00000000000000000000001110100000 *
#2502
0"
1%
b00000000000000000000001001000000 &
b00000000000000000000000000011100 '
b00000000000000000000001110100000 (
b00000000000000000000001001000000 +
0,
#2503
1"
#2504
0"
b00 $
b00000000000000000000000101110100 &
b00000000000000000000001000111000 '
b00000000000000000000000010001000 (
b00000000000000000000001110100000 +
#2505
1"
#2506
0"
b11 $
0%
b00000000000000000000000100100000 &
b00000000000000000000001110101000 '
b00000000000000000000001101010100 (
b00000000000000000000000100100000 +
1,
#2507
1"
b00000000000000000000000100100000 )
b00000000000000000000000100100100 *
#2508
0"
b01 $
b00000000000000000000000010100100 &
b00000000000000000000001011110100 '
b00000000000000000000001110001100 (
b00000000000000000000001110001100 +
#2509
1"
b00000000000000000000001110001100 )
b00000000000000000000001110010000 *
#2510
0"
b00 $
1%
b00000000000000000000001100101000 &
b00000000000000000000000111000000 '
b00000000000000000000000000000100 (
b00000000000000000000001110010000 +
0,
#2511
1"
#2512
0"
b01 $
b00000000000000000000000110001100 &
b00000000000000000000000000000100 '
b00000000000000000000001010111000 (
b00000000000000000000001010111000 +
#2513
1"
#2514
0"
b10 $
0%
b00000000000000000000000001011000 &
b00000000000000000000000101011000 '
b00000000000000000000000101010000 (
b00000000000000000000000101011000 +
1,
#2515
1"
b00000000000000000000000101011000 )
b00000000000000000000000101011100 *
#2516
0"
b00000000000000000000001111110100 &
b00000000000000000000000101110000 '
b00000000000000000000000010010000 (
b00000000000000000000000101110000 +
#2517
1"
b00000000000000000000000101110000 )
b00000000000000000000000101110100 *
#2518
0"
b11 $
1%
b00000000000000000000000011001100 &
b00000000000000000000000110011100 '
b00000000000000000000000101010100 (
b00000000000000000000000011001100 +
0,
#2519
1"
#2520
0"
b00 $
0%
b00000000000000000000001001010100 &
b00000000000000000000000011000100 '
b00000000000000000000000111011000 (
b00000000000000000000000101110100 +
1,
#2521
1"
b00000000000000000000000101110100 )
b00000000000000000000000101111000 *
b00000000000000000000000101111000 +
#2522
0"
1%
b00000000000000000000000001110100 &
b00000000000000000000000100001000 '
b00000000000000000000000111000100 (
0,
#2523
1"
#2524
0"
b10 $
0%
b00000000000000000000000110000000 &
b00000000000000000000001000001000 '
b00000000000000000000000101110100 (
b00000000000000000000001000001000 +
1,
#2525
1"
b00000000000000000000001000001000 )
b00000000000000000000001000001100 *
#2526
0"
b11 $
b00000000000000000000001010100100 &
b00000000000000000000000010010100 '
b00000000000000000000001001111000 (
b00000000000000000000001010100100 +
#2527
1"
b00000000000000000000001010100100 )
b00000000000000000000001010101000 *
#2528
0"
b01 $
1%
b00000000000000000000000011010000 &
b00000000000000000000001111101100 '
b00000000000000000000000111111100 (
b00000000000000000000000111111100 +
0,
#2529
1"
#2530
0"
b00 $
0%
b00000000000000000000001110101000 &
b00000000000000000000001000101100 '
b00000000000000000000001000001000 (
b00000000000000000000001010101000 +
1,
#2531
1"
b00000000000000000000001010101000 )
b00000000000000000000001010101100 *
b00000000000000000000001010101100 +
#2532
0"
1%
b00000000000000000000000011101000 &
b00000000000000000000001101010100 '
b00000000000000000000001100010100 (
0,
#2533
1"
#2534
0"
0%
b00000000000000000000001100011000 &
b00000000000000000000001100110100 '
b00000000000000000000001001000000 (
1,
#2535
1"
b00000000000000000000001010101100 )
b00000000000000000000001010110000 *
b00000000000000000000001010110000 +
#2536
0"
b00000000000000000000001110110000 &
b00000000000000000000001001100000 '
b00000000000000000000000110111000 (
#2537
1"
b00000000000000000000001010110000 )
b00000000000000000000001010110100 *
b00000000000000000000001010110100 +
#2538
0"
b01 $
1%
b00000000000000000000001011011000 &
b00000000000000000000001111001100 '
b00000000000000000000001100110000 (
b00000000000000000000001100110000 +
0,
#2539
1"
#2540
0"
b00 $
0%
b00000000000000000000001111000000 &
b00000000000000000000001000100000 '
b00000000000000000000001110101100 (
b00000000000000000000001010110100 +
1,
#2541
1"
b00000000000000000000001010110100 )
b00000000000000000000001010111000 *
b00000000000000000000001010111000 +
#2542
0"
b11 $
b00000000000000000000000000011000 &
b00000000000000000000000101101000 '
b00000000000000000000000110110000 (
b00000000000000000000000000011000 +
#2543
1"
b00000000000000000000000000011000 )
b00000000000000000000000000011100 *
#2544
0"
b00 $
b00000000000000000000001111111100 &
b00000000000000000000001100001000 '
b00000000000000000000000110111100 (
b00000000000000000000000000011100 +
#2545
1"
b00000000000000000000000000011100 )
b00000000000000000000000000100000 *
b00000000000000000000000000100000 +
#2546
0"
1%
b00000000000000000000001011110100 &
b00000000000000000000001000101100 '
b00000000000000000000000100000000 (
0,
#2547
1"
#2548
0"
b10 $
b00000000000000000000000010110000 &
b00000000000000000000000011101000 '
b00000000000000000000000101101100 (
b00000000000000000000000011101000 +
#2549
1"
#2550
0"
0%
b00000000000000000000000000001100 &
b00000000000000000000000101000000 '
b00000000000000000000000111011100 (
b00000000000000000000000101000000 +
1,
#2551
1"
b00000000000000000000000101000000 )
b00000000000000000000000101000100 *
#2552
0"
b11 $
b00000000000000000000000110011100 &
b00000000000000000000001011111100 '
b00000000000000000000000010110000 (
b00000000000000000000000110011100 +
#2553
1"
b00000000000000000000000110011100 )
b00000000000000000000000110100000 *
#2554
0"
1%
b00000000000000000000000000110100 &
b00000000000000000000000101100100 '
b00000000000000000000001000100100 (
b00000000000000000000000000110100 +
0,
#2555
1"
#2556
0"
b01 $
b00000000000000000000000010001100 &
b00000000000000000000000111100000 '
b00000000000000000000001010001100 (
b00000000000000000000001010001100 +
#2557
1"
#2558
0"
b10 $
b00000000000000000000000001011000 &
b00000000000000000000000101000000 '
b00000000000000000000001100100000 (
b00000000000000000000000101000000 +
#2559
1"
#2560
0"
b11 $
0%
b00000000000000000000001000101100 &
b00000000000000000000001000001100 '
b00000000000000000000001101100000 (
b00000000000000000000001000101100 +
1,
#2561
1"
b00000000000000000000001000101100 )
b00000000000000000000001000110000 *
#2562
0"
b10 $
b00000000000000000000000101110000 &
b00000000000000000000001110100100 '
b00000000000000000000000110111000 (
b00000000000000000000001110100100 +
#2563
1"
b00000000000000000000001110100100 )
b00000000000000000000001110101000 *
#2564
0"
b11 $
1%
b00000000000000000000000001001100 &
b00000000000000000000000011101100 '
b00000000000000000000000111100000 (
b00000000000000000000000001001100 +
0,
#2565
1"
#2566
0"
0%
b00000000000000000000001010011100 &
b00000000000000000000000100110000 '
b00000000000000000000001110011100 (
b00000000000000000000001010011100 +
1,
#2567
1"
b00000000000000000000001010011100 )
b00000000000000000000001010100000 *
#2568
0"
b00 $
1%
b00000000000000000000001100100000 &
b00000000000000000000000101001100 '
b00000000000000000000000011111000 (
b00000000000000000000001010100000 +
0,
#2569
1"
#2570
0"
b11 $
0%
b00000000000000000000000111101100 &
b00000000000000000000001000001000 '
b00000000000000000000000011011000 (
b00000000000000000000000111101100 +
1,
#2571
1"
b00000000000000000000000111101100 )
b00000000000000000000000111110000 *
#2572
0"
1%
b00000000000000000000001101010000 &
b00000000000000000000001100111000 '
b00000000000000000000000101110000 (
b00000000000000000000001101010000 +
0,
#2573
1"
#2574
0"
b00 $
0%
b00000000000000000000000111101000 &
b00000000000000000000000000100100 '
b00000000000000000000001001111000 (
b00000000000000000000000111110000 +
1,
#2575
1"
b00000000000000000000000111110000 )
b00000000000000000000000111110100 *
b00000000000000000000000111110100 +
#2576
0"
b01 $
b00000000000000000000000101011100 &
b00000000000000000000001111110000 '
b00000000000000000000000001011100 (
b00000000000000000000000001011100 +
#2577
1"
b00000000000000000000000001011100 )
b00000000000000000000000001100000 *
#2578
0"
b11 $
1%
b00000000000000000000001010010100 &
b00000000000000000000000111011100 '
b00000000000000000000001000100000 (
b00000000000000000000001010010100 +
0,
#2579
1"
#2580
0"
b00 $
b00000000000000000000000100110100 &
b00000000000000000000000101010000 '
b00000000000000000000001111101100 (
b00000000000000000000000001100000 +
#2581
1"
#2582
0"
b11 $
0%
b00000000000000000000001110000100 &
b00000000000000000000000000011000 '
b00000000000000000000000100001000 (
b00000000000000000000001110000100 +
1,
#2583
1"
b00000000000000000000001110000100 )
b00000000000000000000001110001000 *
#2584
0"
1%
b00000000000000000000000001101100 &
b00000000000000000000001110101100 '
b00000000000000000000000001011100 (
b00000000000000000000000001101100 +
0,
#2585
1"
#2586
0"
b00000000000000000000001100110000 &
b00000000000000000000001111001000 '
b00000000000000000000001010000000 (
b00000000000000000000001100110000 +
#2587
1"
#2588
0"
b10 $
b00000000000000000000000111110100 &
b00000000000000000000001100000100 '
b00000000000000000000001101011100 (
b00000000000000000000001100000100 +
#2589
1"
#2590
0"
b00 $
0%
b00000000000000000000000001001000 &
b00000000000000000000000011101000 '
b00000000000000000000000000011100 (
b00000000000000000000001110001000 +
1,
#2591
1"
b00000000000000000000001110001000 )
b00000000000000000000001110001100 *
b00000000000000000000001110001100 +
#2592
0"
b10 $
b00000000000000000000001010111100 &
b00000000000000000000001110100000 '
b00000000000000000000000001101100 (
b00000000000000000000001110100000 +
#2593
1"
b00000000000000000000001110100000 )
b00000000000000000000001110100100 *
#2594
0"
1%
b00000000000000000000001101101100 &
b00000000000000000000001000101100 '
b00000000000000000000000111101000 (
b00000000000000000000001000101100 +
0,
#2595
1"
#2596
0"
b01 $
0%
b00000000000000000000001100001100 &
b00000000000000000000000011100000 '
b00000000000000000000001000110100 (
b00000000000000000000001000110100 +
1,
#2597
1"
b00000000000000000000001000110100 )
b00000000000000000000001000111000 *
#2598
0"
b11 $
1%
b00000000000000000000000010010000 &
b00000000000000000000001010011100 '
b00000000000000000000001010000100 (
b00000000000000000000000010010000 +
0,
#2599
1"
#2600
0"
b01 $
b00000000000000000000000111110000 &
b00000000000000000000000100001000 '
b00000000000000000000001101001000 (
b00000000000000000000001101001000 +
#2601
1"
#2602
0"
b11 $
0%
b00000000000000000000000110001000 &
b00000000000000000000000110011000 '
b00000000000000000000000001000000 (
b00000000000000000000000110001000 +
1,
#2603
1"
b00000000000000000000000110001000 )
b00000000000000000000000110001100 *
#2604
0"
b10 $
b00000000000000000000001101011100 &
b00000000000000000000000001100100 '
b00000000000000000000001110100000 (
b00000000000000000000000001100100 +
#2605
1"
b00000000000000000000000001100100 )
b00000000000000000000000001101000 *
#2606
0"
1%
b00000000000000000000000101110000 &
b00000000000000000000001100110100 '
b00000000000000000000000100111000 (
b00000000000000000000001100110100 +
0,
#2607
1"
#2608
0"
0%
b00000000000000000000001111000000 &
b00000000000000000000001001100100 '
b00000000000000000000000010001000 (
b00000000000000000000001001100100 +
1,
#2609
1"
b00000000000000000000001001100100 )
b00000000000000000000001001101000 *
#2610
0"
b01 $
b00000000000000000000001101000100 &
b00000000000000000000001010000100 '
b00000000000000000000000001101100 (
b00000000000000000000000001101100 +
#2611
1"
b00000000000000000000000001101100 )
b00000000000000000000000001110000 *
#2612
0"
b11 $
b00000000000000000000000010110000 &
b00000000000000000000001110111100 '
b00000000000000000000001010100000 (
b00000000000000000000000010110000 +
#2613
1"
b00000000000000000000000010110000 )
b00000000000000000000000010110100 *
#2614
0"
b10 $
1%
b00000000000000000000000111111100 &
b00000000000000000000000110000100 '
b00000000000000000000001010100100 (
b00000000000000000000000110000100 +
0,
#2615
1"
#2616
0"
b11 $
b00000000000000000000001010100100 &
b00000000000000000000000110011000 '
b00000000000000000000001110010000 (
b00000000000000000000001010100100 +
#2617
1"
#2618
0"
b10 $
0%
b00000000000000000000001010011100 &
b00000000000000000000001110111000 '
b00000000000000000000000010010100 (
b00000000000000000000001110111000 +
1,
#2619
1"
b00000000000000000000001110111000 )
b00000000000000000000001110111100 *
#2620
0"
b01 $
b00000000000000000000000000111100 &
b00000000000000000000001110010100 '
b00000000000000000000000101110100 (
b00000000000000000000000101110100 +
#2621
1"
b00000000000000000000000101110100 )
b00000000000000000000000101111000 *
#2622
0"
b00000000000000000000001101001000 &
b00000000000000000000000000001100 '
b00000000000000000000000000001100 (
b00000000000000000000000000001100 +
#2623
1"
b00000000000000000000000000001100 )
b00000000000000000000000000010000 *
#2624
0"
b00000000000000000000000110101000 &
b00000000000000000000000001101000 '
b00000000000000000000000110010100 (
b00000000000000000000000110010100 +
#2625
1"
b00000000000000000000000110010100 )
b00000000000000000000000110011000 *
#2626
0"
b10 $
b00000000000000000000001010100000 &
b00000000000000000000001001000100 '
b00000000000000000000000111100100 (
b00000000000000000000001001000100 +
#2627
1"
b00000000000000000000001001000100 )
b00000000000000000000001001001000 *
#2628
0"
b01 $
1%
b00000000000000000000000100010000 &
b00000000000000000000001111101100 '
b00000000000000000000001000011100 (
b00000000000000000000001000011100 +
0,
#2629
1"
#2630
0"
b00 $
b00000000000000000000001110000000 &
b00000000000000000000001100111100 '
b00000000000000000000000111101100 (
b00000000000000000000001001001000 +
#2631
1"
#2632
0"
b01 $
0%
b00000000000000000000000011111100 &
b00000000000000000000000001010100 '
b00000000000000000000001010100100 (
b00000000000000000000001010100100 +
1,
#2633
1"
b00000000000000000000001010100100 )
b00000000000000000000001010101000 *
#2634
0"
b00 $
b00000000000000000000000000101100 &
b00000000000000000000000110111000 '
b00000000000000000000000100100100 (
b00000000000000000000001010101000 +
#2635
1"
b00000000000000000000001010101000 )
b00000000000000000000001010101100 *
b00000000000000000000001010101100 +
#2636
0"
b11 $
b00000000000000000000001011111100 &
b00000000000000000000000111100100 '
b00000000000000000000000111011000 (
b00000000000000000000001011111100 +
#2637
1"
b00000000000000000000001011111100 )
b00000000000000000000001100000000 *
#2638
0"
b01 $
1%
b00000000000000000000001000111000 &
b00000000000000000000001100110100 '
b00000000000000000000000001110100 (
b00000000000000000000000001110100 +
0,
#2639
1"
#2640
0"
b00 $
b00000000000000000000000011111000 &
b00000000000000000000000100110000 '
b00000000000000000000000001101000 (
b00000000000000000000001100000000 +
#2641
1"
#2642
0"
b01 $
b00000000000000000000001010011100 &
b00000000000000000000001010010100 '
b00000000000000000000000100010000 (
b00000000000000000000000100010000 +
#2643
1"
#2644
0"
b10 $
b00000000000000000000000000100100 &
b00000000000000000000000110000100 '
b00000000000000000000001100000000 (
b00000000000000000000000110000100 +
#2645
1"
#2646
0"
b00000000000000000000000000011000 &
b00000000000000000000001011111000 '
b00000000000000000000000110110000 (
b00000000000000000000001011111000 +
#2647
1"
#2648
0"
b00 $
b00000000000000000000001100100000 &
b00000000000000000000000000111100 '
b00000000000000000000000100011000 (
b00000000000000000000001100000000 +
#2649
1"
#2650
0"
b10 $
0%
b00000000000000000000001101000100 &
b00000000000000000000001100110000 '
b00000000000000000000000000001000 (
b00000000000000000000001100110000 +
1,
#2651
1"
b00000000000000000000001100110000 )
b00000000000000000000001100110100 *
#2652
0"
b00000000000000000000000010000100 &
b00000000000000000000000010110000 '
b00000000000000000000000010000100 (
b00000000000000000000000010110000 +
#2653
1"
b00000000000000000000000010110000 )
b00000000000000000000000010110100 *
#2654
0"
b11 $
b00000000000000000000001001011000 &
b00000000000000000000001110001000 '
b00000000000000000000001001011100 (
b00000000000000000000001001011000 +
#2655
1"
b00000000000000000000001001011000 )
b00000000000000000000001001011100 *
#2656
0"
b10 $
b00000000000000000000000100001000 &
b00000000000000000000001110001100 '
b00000000000000000000000110010100 (
b00000000000000000000001110001100 +
#2657
1"
b00000000000000000000001110001100 )
b00000000000000000000001110010000 *
#2658
0"
b00000000000000000000000110001000 &
b00000000000000000000000000100100 '
b00000000000000000000000101010000 (
b00000000000000000000000000100100 +
#2659
1"
b00000000000000000000000000100100 )
b00000000000000000000000000101000 *
#2660
0"
1%
b00000000000000000000000010000100 &
b00000000000000000000001001011000 '
b00000000000000000000000110100000 (
b00000000000000000000001001011000 +
0,
#2661
1"
#2662
0"
b11 $
0%
b00000000000000000000001001110100 &
b00000000000000000000000011100000 '
b00000000000000000000001010000100 (
b00000000000000000000001001110100 +
1,
#2663
1"
b00000000000000000000001001110100 )
b00000000000000000000001001111000 *
#2664
0"
1%
b00000000000000000000000111010100 &
b00000000000000000000001100000000 '
b00000000000000000000000101001100 (
b00000000000000000000000111010100 +
0,
#2665
1"
#2666
0"
b10 $
b00000000000000000000000100010100 &
b00000000000000000000000010110000 '
b00000000000000000000001101110100 (
b00000000000000000000000010110000 +
#2667
1"
#2668
0"
b01 $
b00000000000000000000001110000100 &
b00000000000000000000000001111100 '
b00000000000000000000001110101000 (
b00000000000000000000001110101000 +
#2669
1"
#2670
0"
b10 $
0%
b00000000000000000000001000000000 &
b00000000000000000000001010100000 '
b00000000000000000000000010101100 (
b00000000000000000000001010100000 +
1,
#2671
1"
b00000000000000000000001010100000 )
b00000000000000000000001010100100 *
#2672
0"
b00 $
1%
b00000000000000000000001000010000 &
b00000000000000000000001111010100 '
b00000000000000000000000000110100 (
b00000000000000000000001010100100 +
0,
#2673
1"
#2674
0"
0%
b00000000000000000000001110001000 &
b00000000000000000000001000100100 '
b00000000000000000000001001010100 (
1,
#2675
1"
b00000000000000000000001010100100 )
b00000000000000000000001010101000 *
b00000000000000000000001010101000 +
#2676
0"
b11 $
b00000000000000000000001011110000 &
b00000000000000000000001111100000 '
b00000000000000000000001110100000 (
b00000000000000000000001011110000 +
#2677
1"
b00000000000000000000001011110000 )
b00000000000000000000001011110100 *
#2678
0"
1%
b00000000000000000000001110001100 &
b00000000000000000000000101010100 '
b00000000000000000000001011101100 (
b00000000000000000000001110001100 +
0,
#2679
1"
#2680
0"
b00 $
0%
b00000000000000000000001100001000 &
b00000000000000000000001010000100 '
b00000000000000000000000101000100 (
b00000000000000000000001011110100 +
1,
#2681
1"
b00000000000000000000001011110100 )
b00000000000000000000001011111000 *
b00000000000000000000001011111000 +
#2682
0"
b01 $
1%
b00000000000000000000000111001100 &
b00000000000000000000000010110100 '
b00000000000000000000001001000000 (
b00000000000000000000001001000000 +
0,
#2683
1"
#2684
0"
b10 $
0%
b00000000000000000000000000011100 &
b00000000000000000000000010001000 '
b00000000000000000000001111011100 (
b00000000000000000000000010001000 +
1,
#2685
1"
b00000000000000000000000010001000 )
b00000000000000000000000010001100 *
#2686
0"
b00 $
1%
b00000000000000000000000101010000 &
b00000000000000000000001111011000 '
b00000000000000000000001001100000 (
b00000000000000000000000010001100 +
0,
#2687
1"
#2688
0"
b01 $
b00000000000000000000001100000100 &
b00000000000000000000001010010100 '
b00000000000000000000000111001000 (
b00000000000000000000000111001000 +
#2689
1"
#2690
0"
0%
b00000000000000000000000000000100 &
b00000000000000000000001000110100 '
b00000000000000000000000000100100 (
b00000000000000000000000000100100 +
1,
#2691
1"
b00000000000000000000000000100100 )
b00000000000000000000000000101000 *
#2692
0"
b00 $
1%
b00000000000000000000000011101100 &
b00000000000000000000000111111100 '
b00000000000000000000001110111100 (
b00000000000000000000000000101000 +
0,
#2693
1"
#2694
0"
b01 $
0%
b00000000000000000000001101011000 &
b00000000000000000000000000000000 '
b00000000000000000000000101100100 (
b00000000000000000000000101100100 +
1,
#2695
1"
b00000000000000000000000101100100 )
b00000000000000000000000101101000 *
#2696
0"
b10 $
1%
b00000000000000000000000101101100 &
b00000000000000000000000110110100 '
b00000000000000000000001100000100 (
b00000000000000000000000110110100 +
0,
#2697
1"
#2698
0"
b11 $
0%
b00000000000000000000001101000000 &
b00000000000000000000001010011100 '
b00000000000000000000000111100000 (
b00000000000000000000001101000000 +
1,
#2699
1"
b00000000000000000000001101000000 )
b00000000000000000000001101000100 *
#2700
0"
b01 $
b00000000000000000000001111001000 &
b00000000000000000000000010101000 '
b00000000000000000000000011010100 (
b00000000000000000000000011010100 +
#2701
1"
b00000000000000000000000011010100 )
b00000000000000000000000011011000 *
#2702
0"
b00 $
1%
b00000000000000000000001110100100 &
b00000000000000000000000110010100 '
b00000000000000000000000110000000 (
b00000000000000000000000011011000 +
0,
#2703
1"
#2704
0"
b11 $
b00000000000000000000001010111000 &
b00000000000000000000000010111000 '
b00000000000000000000001010000000 (
b00000000000000000000001010111000 +
#2705
1"
#2706
0"
b01 $
b00000000000000000000001100110000 &
b00000000000000000000000111001100 '
b00000000000000000000001011110000 (
b00000000000000000000001011110000 +
#2707
1"
#2708
0"
b10 $
0%
b00000000000000000000000101101100 &
b00000000000000000000001000000100 '
b00000000000000000000000100011100 (
b00000000000000000000001000000100 +
1,
#2709
1"
b00000000000000000000001000000100 )
b00000000000000000000001000001000 *
#2710
0"
b00 $
b00000000000000000000001100100100 &
b00000000000000000000001110110100 '
b00000000000000000000000111101100 (
b00000000000000000000001000001000 +
#2711
1"
b00000000000000000000001000001000 )
b00000000000000000000001000001100 *
b00000000000000000000001000001100 +
#2712
0"
b10 $
b00000000000000000000000000101100 &
b00000000000000000000000011010000 '
b00000000000000000000001000000000 (
b00000000000000000000000011010000 +
#2713
1"
b00000000000000000000000011010000 )
b00000000000000000000000011010100 *
#2714
0"
b00 $
b00000000000000000000000101001100 &
b00000000000000000000000010101000 '
b00000000000000000000001111110100 (
b00000000000000000000000011010100 +
#2715
1"
b00000000000000000000000011010100 )
b00000000000000000000000011011000 *
b00000000000000000000000011011000 +
#2716
0"
1%
b00000000000000000000000001111000 &
b00000000000000000000000110001000 '
b00000000000000000000000100101100 (
0,
#2717
1"
#2718
0"
b11 $
b00000000000000000000000000011100 &
b00000000000000000000001000101100 '
b00000000000000000000000111001000 (
b00000000000000000000000000011100 +
#2719
1"
#2720
0"
b00000000000000000000000100110000 &
b00000000000000000000000001111000 '
b00000000000000000000000011001100 (
b00000000000000000000000100110000 +
#2721
1"
#2722
0"
b00 $
0%
b00000000000000000000000000011100 &
b00000000000000000000000101110100 '
b00000000000000000000000010011100 (
b00000000000000000000000011011000 +
1,
#2723
1"
b00000000000000000000000011011000 )
b00000000000000000000000011011100 *
b00000000000000000000000011011100 +
#2724
0"
b11 $
1%
b00000000000000000000000111110100 &
b00000000000000000000001000111000 '
b00000000000000000000001101001100 (
b00000000000000000000000111110100 +
0,
#2725
1"
#2726
0"
b01 $
b00000000000000000000000110101100 &
b00000000000000000000000101000100 '
b00000000000000000000001111100100 (
b00000000000000000000001111100100 +
#2727
1"
#2728
0"
b00 $
b00000000000000000000000001011000 &
b00000000000000000000001000011100 '
b00000000000000000000000110011100 (
b00000000000000000000000011011100 +
#2729
1"
#2730
0"
b01 $
0%
b00000000000000000000000110011000 &
b00000000000000000000000110100000 '
b00000000000000000000001101000100 (
b00000000000000000000001101000100 +
1,
#2731
1"
b00000000000000000000001101000100 )
b00000000000000000000001101001000 *
#2732
0"
b00 $
1%
b00000000000000000000001000001100 &
b00000000000000000000000010010100 '
b00000000000000000000000100100100 (
b00000000000000000000001101001000 +
0,
#2733
1"
#2734
0"
b10 $
b00000000000000000000001000010000 &
b00000000000000000000001011110100 '
b00000000000000000000000001011000 (
b00000000000000000000001011110100 +
#2735
1"
#2736
0"
b11 $
0%
b00000000000000000000001011011000 &
b00000000000000000000000010100100 '
b00000000000000000000001100111100 (
b00000000000000000000001011011000 +
1,
#2737
1"
b00000000000000000000001011011000 )
b00000000000000000000001011011100 *
#2738
0"
b01 $
b00000000000000000000001001111000 &
b00000000000000000000001111010100 '
b00000000000000000000000111011100 (
b00000000000000000000000111011100 +
#2739
1"
b00000000000000000000000111011100 )
b00000000000000000000000111100000 *
#2740
0"
b11 $
1%
b00000000000000000000000111110000 &
b00000000000000000000001010110100 '
b00000000000000000000001110010000 (
b00000000000000000000000111110000 +
0,
#2741
1"
#2742
0"
0%
b00000000000000000000000010101000 &
b00000000000000000000000100100100 '
b00000000000000000000000111011100 (
b00000000000000000000000010101000 +
1,
#2743
1"
b00000000000000000000000010101000 )
b00000000000000000000000010101100 *
#2744
0"
b00 $
b00000000000000000000001010001000 &
b00000000000000000000000111111100 '
b00000000000000000000000100011100 (
b00000000000000000000000010101100 +
#2745
1"
b00000000000000000000000010101100 )
b00000000000000000000000010110000 *
b00000000000000000000000010110000 +
#2746
0"
1%
b00000000000000000000000000000000 &
b00000000000000000000000111000000 '
b00000000000000000000001111001000 (
0,
#2747
1"
#2748
0"
b10 $
b00000000000000000000000011001100 &
b00000000000000000000001100110000 '
b00000000000000000000000100010000 (
b00000000000000000000001100110000 +
#2749
1"
#2750
0"
0%
b00000000000000000000000110101100 &
b00000000000000000000001010000000 '
b00000000000000000000000100101100 (
b00000000000000000000001010000000 +
1,
#2751
1"
b00000000000000000000001010000000 )
b00000000000000000000001010000100 *
#2752
0"
1%
b00000000000000000000001010100000 &
b00000000000000000000000101111100 '
b00000000000000000000001110010000 (
b00000000000000000000000101111100 +
0,
#2753
1"
#2754
0"
b01 $
0%
b00000000000000000000001111001000 &
b00000000000000000000001011011100 '
b00000000000000000000001000110000 (
b00000000000000000000001000110000 +
1,
#2755
1"
b00000000000000000000001000110000 )
b00000000000000000000001000110100 *
#2756
0"
1%
b00000000000000000000001010111000 &
b00000000000000000000000000110000 '
b00000000000000000000000011001000 (
b00000000000000000000000011001000 +
0,
#2757
1"
#2758
0"
0%
b00000000000000000000000110011100 &
b00000000000000000000001111010100 '
b00000000000000000000000110100000 (
b00000000000000000000000110100000 +
1,
#2759
1"
b00000000000000000000000110100000 )
b00000000000000000000000110100100 *
#2760
0"
b10 $
1%
b00000000000000000000001000001100 &
b00000000000000000000001000110100 '
b00000000000000000000001101100000 (
b00000000000000000000001000110100 +
0,
#2761
1"
#2762
0"
b00 $
b00000000000000000000000010111000 &
b00000000000000000000000011001100 '
b00000000000000000000000010111100 (
b00000000000000000000000110100100 +
#2763
1"
#2764
0"
b01 $
b00000000000000000000000110011000 &
b00000000000000000000000010000100 '
b00000000000000000000000111010000 (
b00000000000000000000000111010000 +
#2765
1"
#2766
0"
b10 $
0%
b00000000000000000000001011011100 &
b00000000000000000000000011110000 '
b00000000000000000000000110011000 (
b00000000000000000000000011110000 +
1,
#2767
1"
b00000000000000000000000011110000 )
b00000000000000000000000011110100 *
#2768
0"
b11 $
b00000000000000000000000001100100 &
b00000000000000000000001111000100 '
b00000000000000000000001011001000 (
b00000000000000000000000001100100 +
#2769
1"
b00000000000000000000000001100100 )
b00000000000000000000000001101000 *
#2770
0"
b00 $
b00000000000000000000001010101000 &
b00000000000000000000001011001100 '
b00000000000000000000001101101100 (
b00000000000000000000000001101000 +
#2771
1"
b00000000000000000000000001101000 )
b00000000000000000000000001101100 *
b00000000000000000000000001101100 +
#2772
0"
b10 $
1%
b00000000000000000000001110011000 &
b00000000000000000000001001010100 '
b00000000000000000000001001101000 (
b00000000000000000000001001010100 +
0,
#2773
1"
#2774
0"
b00000000000000000000000010100100 &
b00000000000000000000001110110000 '
b00000000000000000000001001000000 (
b00000000000000000000001110110000 +
#2775
1"
#2776
0"
b00 $
b00000000000000000000001010011000 &
b00000000000000000000001011111000 '
b00000000000000000000001000011100 (
b00000000000000000000000001101100 +
#2777
1"
#2778
0"
b10 $
0%
b00000000000000000000000011010100 &
b00000000000000000000001101000100 '
b00000000000000000000000100010100 (
b00000000000000000000001101000100 +
1,
#2779
1"
b00000000000000000000001101000100 )
b00000000000000000000001101001000 *
#2780
0"
b11 $
b00000000000000000000001110101100 &
b00000000000000000000001011010100 '
b00000000000000000000000000010100 (
b00000000000000000000001110101100 +
#2781
1"
b00000000000000000000001110101100 )
b00000000000000000000001110110000 *
#2782
0"
b01 $
1%
b00000000000000000000000100011100 '
b00000000000000000000001011010000 (
b00000000000000000000001011010000 +
0,
#2783
1"
#2784
0"
b10 $
b00000000000000000000001100001000 &
b00000000000000000000001010110100 '
b00000000000000000000001110111000 (
b00000000000000000000001010110100 +
#2785
1"
#2786
0"
b00 $
b00000000000000000000000100110000 &
b00000000000000000000001000011000 '
b00000000000000000000000101100000 (
b00000000000000000000001110110000 +
#2787
1"
#2788
0"
0%
b00000000000000000000001011110100 &
b00000000000000000000001000001000 '
b00000000000000000000001001110100 (
1,
#2789
1"
b00000000000000000000001110110000 )
b00000000000000000000001110110100 *
b00000000000000000000001110110100 +
#2790
0"
1%
b00000000000000000000001010010100 &
b00000000000000000000000111101000 '
b00000000000000000000000110111000 (
0,
#2791
1"
#2792
0"
b10 $
b00000000000000000000001000001100 &
b00000000000000000000001101010100 '
b00000000000000000000001100101000 (
b00000000000000000000001101010100 +
#2793
1"
#2794
0"
b00 $
0%
b00000000000000000000001100101100 &
b00000000000000000000000111010000 '
b00000000000000000000001011100100 (
b00000000000000000000001110110100 +
1,
#2795
1"
b00000000000000000000001110110100 )
b00000000000000000000001110111000 *
b00000000000000000000001110111000 +
#2796
0"
b00000000000000000000000001001000 &
b00000000000000000000000100001000 '
b00000000000000000000001110011100 (
#2797
1"
b00000000000000000000001110111000 )
b00000000000000000000001110111100 *
b00000000000000000000001110111100 +
#2798
0"
b01 $
b00000000000000000000000101001100 &
b00000000000000000000000100110100 '
b00000000000000000000000010010000 (
b00000000000000000000000010010000 +
#2799
1"
b00000000000000000000000010010000 )
b00000000000000000000000010010100 *
#2800
0"
b11 $
1%
b00000000000000000000000000001100 &
b00000000000000000000000110100000 '
b00000000000000000000001010110000 (
b00000000000000000000000000001100 +
0,
#2801
1"
#2802
0"
b00 $
b00000000000000000000000100100100 &
b00000000000000000000000100010100 '
b00000000000000000000000010011100 (
b00000000000000000000000010010100 +
#2803
1"
#2804
0"
b11 $
0%
b00000000000000000000000011110000 &
b00000000000000000000000011101000 '
b00000000000000000000000000010100 (
b00000000000000000000000011110000 +
1,
#2805
1"
b00000000000000000000000011110000 )
b00000000000000000000000011110100 *
#2806
0"
1%
b00000000000000000000000111100000 &
b00000000000000000000001101001000 '
b00000000000000000000000011011100 (
b00000000000000000000000111100000 +
0,
#2807
1"
#2808
0"
b01 $
0%
b00000000000000000000000111000100 &
b00000000000000000000000100010000 '
b00000000000000000000001001010000 (
b00000000000000000000001001010000 +
1,
#2809
1"
b00000000000000000000001001010000 )
b00000000000000000000001001010100 *
#2810
0"
1%
b00000000000000000000000011001100 &
b00000000000000000000001010110000 '
b00000000000000000000001001001000 (
b00000000000000000000001001001000 +
0,
#2811
1"
#2812
0"
b11 $
b00000000000000000000001011101100 &
b00000000000000000000000101101000 '
b00000000000000000000001011111100 (
b00000000000000000000001011101100 +
#2813
1"
#2814
0"
0%
b00000000000000000000000110110000 &
b00000000000000000000001011000000 '
b00000000000000000000000100000000 (
b00000000000000000000000110110000 +
1,
#2815
1"
b00000000000000000000000110110000 )
b00000000000000000000000110110100 *
#2816
0"
b00000000000000000000000111000000 &
b00000000000000000000001101000000 '
b00000000000000000000001010001000 (
b00000000000000000000000111000000 +
#2817
1"
b00000000000000000000000111000000 )
b00000000000000000000000111000100 *
#2818
0"
b01 $
1%
b00000000000000000000000110010100 &
b00000000000000000000001110110100 '
b00000000000000000000001010100100 (
b00000000000000000000001010100100 +
0,
#2819
1"
#2820
0"
b00 $
b00000000000000000000001111110000 &
b00000000000000000000000000111000 '
b00000000000000000000000110001100 (
b00000000000000000000000111000100 +
#2821
1"
#2822
0"
b00000000000000000000001010100000 &
b00000000000000000000001100001100 '
b00000000000000000000000001001100 (
#2823
1"
#2824
0"
b10 $
b00000000000000000000000110101000 &
b00000000000000000000001111010100 '
b00000000000000000000000111010100 (
b00000000000000000000001111010100 +
#2825
1"
#2826
0"
b01 $
b00000000000000000000000111000000 &
b00000000000000000000001001011000 '
b00000000000000000000000000110100 (
b00000000000000000000000000110100 +
#2827
1"
#2828
0"
b00 $
b00000000000000000000000111010100 &
b00000000000000000000000010000000 '
b00000000000000000000001111100100 (
b00000000000000000000000111000100 +
#2829
1"
#2830
0"
b00000000000000000000001101000000 &
b00000000000000000000000111110100 '
b00000000000000000000001000001100 (
#2831
1"
#2832
0"
b10 $
0%
b00000000000000000000001010001000 &
b00000000000000000000000111011000 '
b00000000000000000000000010100000 (
b00000000000000000000000111011000 +
1,
#2833
1"
b00000000000000000000000111011000 )
b00000000000000000000000111011100 *
#2834
0"
b01 $
b00000000000000000000001000111100 &
b00000000000000000000001010110100 '
b00000000000000000000001100101000 (
b00000000000000000000001100101000 +
#2835
1"
b00000000000000000000001100101000 )
b00000000000000000000001100101100 *
#2836
0"
b10 $
1%
b00000000000000000000001110010100 &
b00000000000000000000000000110000 '
b00000000000000000000001101110000 (
b00000000000000000000000000110000 +
0,
#2837
1"
#2838
0"
b00000000000000000000000011100100 &
b00000000000000000000001100101000 '
b00000000000000000000001100101100 (
b00000000000000000000001100101000 +
#2839
1"
#2840
0"
b11 $
0%
b00000000000000000000001111010100 &
b00000000000000000000001011110000 '
b00000000000000000000001001101000 (
b00000000000000000000001111010100 +
1,
#2841
1"
b00000000000000000000001111010100 )
b00000000000000000000001111011000 *
#2842
0"
b10 $
b00000000000000000000000011000000 &
b00000000000000000000001011111100 '
b00000000000000000000000101001000 (
b00000000000000000000001011111100 +
#2843
1"
b00000000000000000000001011111100 )
b00000000000000000000001100000000 *
#2844
0"
b11 $
1%
b00000000000000000000000110110000 &
b00000000000000000000000101010100 '
b00000000000000000000001010111100 (
b00000000000000000000000110110000 +
0,
#2845
1"
#2846
0"
b00 $
0%
b00000000000000000000001011010100 &
b00000000000000000000000010001100 '
b00000000000000000000000000011100 (
b00000000000000000000001100000000 +
1,
#2847
1"
b00000000000000000000001100000000 )
b00000000000000000000001100000100 *
b00000000000000000000001100000100 +
#2848
0"
b11 $
1%
b00000000000000000000001110111000 &
b00000000000000000000000110010000 '
b00000000000000000000001101000100 (
b00000000000000000000001110111000 +
0,
#2849
1"
#2850
0"
b10 $
b00000000000000000000000000011000 &
b00000000000000000000000000010000 '
b00000000000000000000001000100100 (
b00000000000000000000000000010000 +
#2851
1"
#2852
0"
b00000000000000000000000000010000 &
b00000000000000000000001100011100 '
b00000000000000000000000000011100 (
b00000000000000000000001100011100 +
#2853
1"
#2854
0"
b00000000000000000000001101110000 &
b00000000000000000000001100111000 '
b00000000000000000000000111010000 (
b00000000000000000000001100111000 +
#2855
1"
#2856
0"
b00000000000000000000001010110100 &
b00000000000000000000001001101000 '
b00000000000000000000001101011000 (
b00000000000000000000001001101000 +
#2857
1"
#2858
0"
b00 $
0%
b00000000000000000000000011000000 &
b00000000000000000000000001001000 '
b00000000000000000000000101000100 (
b00000000000000000000001100000100 +
1,
#2859
1"
b00000000000000000000001100000100 )
b00000000000000000000001100001000 *
b00000000000000000000001100001000 +
#2860
0"
b11 $
1%
b00000000000000000000000001011000 &
b00000000000000000000000010010100 '
b00000000000000000000001111011000 (
b00000000000000000000000001011000 +
0,
#2861
1"
#2862
0"
0%
b00000000000000000000001011010100 &
b00000000000000000000001110110100 '
b00000000000000000000001111010000 (
b00000000000000000000001011010100 +
1,
#2863
1"
b00000000000000000000001011010100 )
b00000000000000000000001011011000 *
#2864
0"
b10 $
1%
b00000000000000000000000011111100 &
b00000000000000000000000100001000 '
b00000000000000000000001000011000 (
b00000000000000000000000100001000 +
0,
#2865
1"
#2866
0"
b00000000000000000000000011110000 &
b00000000000000000000000010001000 '
b00000000000000000000001010111100 (
b00000000000000000000000010001000 +
#2867
1"
#2868
0"
b00 $
0%
b00000000000000000000000011000100 &
b00000000000000000000000101111000 '
b00000000000000000000001110101000 (
b00000000000000000000001011011000 +
1,
#2869
1"
b00000000000000000000001011011000 )
b00000000000000000000001011011100 *
b00000000000000000000001011011100 +
#2870
0"
b11 $
b00000000000000000000000001100000 &
b00000000000000000000000011100000 '
b00000000000000000000001100110000 (
b00000000000000000000000001100000 +
#2871
1"
b00000000000000000000000001100000 )
b00000000000000000000000001100100 *
#2872
0"
b01 $
1%
b00000000000000000000000101111000 &
b00000000000000000000000111111100 '
b00000000000000000000001001010100 (
b00000000000000000000001001010100 +
0,
#2873
1"
#2874
0"
b00 $
0%
b00000000000000000000001000010100 &
b00000000000000000000000000100100 '
b00000000000000000000000101010000 (
b00000000000000000000000001100100 +
1,
#2875
1"
b00000000000000000000000001100100 )
b00000000000000000000000001101000 *
b00000000000000000000000001101000 +
#2876
0"
b01 $
1%
b00000000000000000000000001001100 &
b00000000000000000000001011100000 '
b00000000000000000000001000101000 (
b00000000000000000000001000101000 +
0,
#2877
1"
#2878
0"
b10 $
0%
b00000000000000000000000110101100 &
b00000000000000000000001101011000 '
b00000000000000000000000010000100 (
b00000000000000000000001101011000 +
1,
#2879
1"
b00000000000000000000001101011000 )
b00000000000000000000001101011100 *
#2880
0"
b00000000000000000000000111000100 &
b00000000000000000000000100101100 '
b00000000000000000000001110010000 (
b00000000000000000000000100101100 +
#2881
1"
b00000000000000000000000100101100 )
b00000000000000000000000100110000 *
#2882
0"
b00 $
1%
b00000000000000000000001001111100 &
b00000000000000000000000111010000 '
b00000000000000000000001000101100 (
b00000000000000000000000100110000 +
0,
#2883
1"
#2884
0"
b11 $
0%
b00000000000000000000001111101000 &
b00000000000000000000001100100100 '
b00000000000000000000000101110100 (
b00000000000000000000001111101000 +
1,
#2885
1"
b00000000000000000000001111101000 )
b00000000000000000000001111101100 *
#2886
0"
1%
b00000000000000000000001100010000 &
b00000000000000000000000001010000 '
b00000000000000000000000010011000 (
b00000000000000000000001100010000 +
0,
#2887
1"
#2888
0"
b00 $
b00000000000000000000000110111000 &
b00000000000000000000000010101100 '
b00000000000000000000000100010100 (
b00000000000000000000001111101100 +
#2889
1"
#2890
0"
b00000000000000000000000100010000 &
b00000000000000000000000110001100 '
b00000000000000000000001001101100 (
#2891
1"
#2892
0"
b01 $
b00000000000000000000000010001000 &
b00000000000000000000001101011000 '
b00000000000000000000001100100100 (
b00000000000000000000001100100100 +
#2893
1"
#2894
0"
b10 $
0%
b00000000000000000000000001110000 &
b00000000000000000000001010010100 '
b00000000000000000000001010011100 (
b00000000000000000000001010010100 +
1,
#2895
1"
b00000000000000000000001010010100 )
b00000000000000000000001010011000 *
#2896
0"
b11 $
1%
b00000000000000000000001000010100 &
b00000000000000000000001010000100 '
b00000000000000000000001101101000 (
b00000000000000000000001000010100 +
0,
#2897
1"
#2898
0"
b10 $
b00000000000000000000001111100000 &
b00000000000000000000001010011000 '
b00000000000000000000000100010100 (
b00000000000000000000001010011000 +
#2899
1"
#2900
0"
0%
b00000000000000000000001101001100 &
b00000000000000000000001000110000 '
b00000000000000000000001110101000 (
b00000000000000000000001000110000 +
1,
#2901
1"
b00000000000000000000001000110000 )
b00000000000000000000001000110100 *
#2902
0"
b00 $
b00000000000000000000001010111100 &
b00000000000000000000000101110000 '
b00000000000000000000001110011100 (
b00000000000000000000001000110100 +
#2903
1"
b00000000000000000000001000110100 )
b00000000000000000000001000111000 *
b00000000000000000000001000111000 +
#2904
0"
b11 $
1%
b00000000000000000000000110010100 &
b00000000000000000000000110110100 '
b00000000000000000000001001100000 (
b00000000000000000000000110010100 +
0,
#2905
1"
#2906
0"
b10 $
b00000000000000000000001100101000 &
b00000000000000000000000100101000 '
b00000000000000000000000001100100 (
b00000000000000000000000100101000 +
#2907
1"
#2908
0"
b01 $
b00000000000000000000000010101000 &
b00000000000000000000001111011000 '
b00000000000000000000001001001000 (
b00000000000000000000001001001000 +
#2909
1"
#2910
0"
b00 $
b00000000000000000000001100001100 &
b00000000000000000000001111110000 '
b00000000000000000000000111111100 (
b00000000000000000000001000111000 +
#2911
1"
#2912
0"
b01 $
b00000000000000000000000011111000 &
b00000000000000000000001101110000 '
b00000000000000000000001010011100 (
b00000000000000000000001010011100 +
#2913
1"
#2914
0"
b00 $
0%
b00000000000000000000000010110000 &
b00000000000000000000001101011100 '
b00000000000000000000000101000100 (
b00000000000000000000001000111000 +
1,
#2915
1"
b00000000000000000000001000111000 )
b00000000000000000000001000111100 *
b00000000000000000000001000111100 +
#2916
0"
b11 $
b00000000000000000000000001001000 &
b00000000000000000000000111100000 '
b00000000000000000000001000111100 (
b00000000000000000000000001001000 +
#2917
1"
b00000000000000000000000001001000 )
b00000000000000000000000001001100 *
#2918
0"
b10 $
b00000000000000000000000000001100 &
b00000000000000000000000111010100 '
b00000000000000000000001111000000 (
b00000000000000000000000111010100 +
#2919
1"
b00000000000000000000000111010100 )
b00000000000000000000000111011000 *
#2920
0"
b00 $
b00000000000000000000001110000100 &
b00000000000000000000000100011000 '
b00000000000000000000001101110100 (
b00000000000000000000000111011000 +
#2921
1"
b00000000000000000000000111011000 )
b00000000000000000000000111011100 *
b00000000000000000000000111011100 +
#2922
0"
b00000000000000000000001011011000 &
b00000000000000000000000011011100 '
b00000000000000000000000100011100 (
#2923
1"
b00000000000000000000000111011100 )
b00000000000000000000000111100000 *
b00000000000000000000000111100000 +
#2924
0"
b01 $
b00000000000000000000000110001000 &
b00000000000000000000000111001100 '
b00000000000000000000000001110000 (
b00000000000000000000000001110000 +
#2925
1"
b00000000000000000000000001110000 )
b00000000000000000000000001110100 *
#2926
0"
1%
b00000000000000000000000001000100 &
b00000000000000000000000011010100 '
b00000000000000000000000111001100 (
b00000000000000000000000111001100 +
0,
#2927
1"
#2928
0"
b10 $
b00000000000000000000001001010100 &
b00000000000000000000000111010000 '
b00000000000000000000001100000100 (
b00000000000000000000000111010000 +
#2929
1"
#2930
0"
b01 $
b00000000000000000000000110100000 &
b00000000000000000000000010100000 '
b00000000000000000000001001010000 (
b00000000000000000000001001010000 +
#2931
1"
#2932
0"
b00 $
0%
b00000000000000000000000111101000 &
b00000000000000000000000011101000 '
b00000000000000000000001000101000 (
b00000000000000000000000001110100 +
1,
#2933
1"
b00000000000000000000000001110100 )
b00000000000000000000000001111000 *
b00000000000000000000000001111000 +
#2934
0"
b11 $
b00000000000000000000001101010000 &
b00000000000000000000000000110100 '
b00000000000000000000001110010100 (
b00000000000000000000001101010000 +
#2935
1"
b00000000000000000000001101010000 )
b00000000000000000000001101010100 *
#2936
0"
1%
b00000000000000000000000010011000 &
b00000000000000000000000111110100 '
b00000000000000000000001011011000 (
b00000000000000000000000010011000 +
0,
#2937
1"
#2938
0"
b10 $
b00000000000000000000000101001000 &
b00000000000000000000000101001100 '
b00000000000000000000001011110000 (
b00000000000000000000000101001100 +
#2939
1"
#2940
0"
b01 $
b00000000000000000000000000010100 &
b00000000000000000000000101101000 '
b00000000000000000000000010101000 (
b00000000000000000000000010101000 +
#2941
1"
#2942
0"
b11 $
b00000000000000000000000100100100 &
b00000000000000000000000010111100 '
b00000000000000000000001010011100 (
b00000000000000000000000100100100 +
#2943
1"
#2944
0"
b01 $
b00000000000000000000001110101100 &
b00000000000000000000000101011100 '
b00000000000000000000001100000100 (
b00000000000000000000001100000100 +
#2945
1"
#2946
0"
b00000000000000000000000110111100 &
b00000000000000000000000100101000 '
b00000000000000000000001011110000 (
b00000000000000000000001011110000 +
#2947
1"
#2948
0"
b00000000000000000000001111111100 &
b00000000000000000000000111101100 '
b00000000000000000000001110001100 (
b00000000000000000000001110001100 +
#2949
1"
#2950
0"
b10 $
b00000000000000000000000110101000 &
b00000000000000000000000000100000 '
b00000000000000000000000001000100 (
b00000000000000000000000000100000 +
#2951
1"
#2952
0"
b00000000000000000000001100011000 &
b00000000000000000000000010110000 '
b00000000000000000000000010011100 (
b00000000000000000000000010110000 +
#2953
1"
#2954
0"
b00 $
b00000000000000000000001010011100 &
b00000000000000000000000011100100 '
b00000000000000000000000010001000 (
b00000000000000000000001101010100 +
#2955
1"
#2956
0"
b10 $
0%
b00000000000000000000001010100100 &
b00000000000000000000000011101000 '
b00000000000000000000000110111000 (
b00000000000000000000000011101000 +
1,
#2957
1"
b00000000000000000000000011101000 )
b00000000000000000000000011101100 *
#2958
0"
b11 $
1%
b00000000000000000000000001110100 &
b00000000000000000000001101101000 '
b00000000000000000000001111100100 (
b00000000000000000000000001110100 +
0,
#2959
1"
#2960
0"
b01 $
b00000000000000000000000101111100 &
b00000000000000000000001101100100 '
b00000000000000000000001010101000 (
b00000000000000000000001010101000 +
#2961
1"
#2962
0"
b10 $
b00000000000000000000000110100000 &
b00000000000000000000001010110000 '
b00000000000000000000001001011100 (
b00000000000000000000001010110000 +
#2963
1"
#2964
0"
b01 $
0%
b00000000000000000000000110010000 &
b00000000000000000000000011111100 '
b00000000000000000000001111111000 (
b00000000000000000000001111111000 +
1,
#2965
1"
b00000000000000000000001111111000 )
b00000000000000000000001111111100 *
#2966
0"
b11 $
b00000000000000000000001111000100 &
b00000000000000000000000011001000 '
b00000000000000000000000110100100 (
b00000000000000000000001111000100 +
#2967
1"
b00000000000000000000001111000100 )
b00000000000000000000001111001000 *
#2968
0"
1%
b00000000000000000000001000000000 &
b00000000000000000000001011110100 '
b00000000000000000000001011101100 (
b00000000000000000000001000000000 +
0,
#2969
1"
#2970
0"
b10 $
0%
b00000000000000000000000110101000 &
b00000000000000000000000000101100 '
b00000000000000000000000000001000 (
b00000000000000000000000000101100 +
1,
#2971
1"
b00000000000000000000000000101100 )
b00000000000000000000000000110000 *
#2972
0"
b00 $
b00000000000000000000000011001000 &
b00000000000000000000001100001100 '
b00000000000000000000001011110100 (
b00000000000000000000000000110000 +
#2973
1"
b00000000000000000000000000110000 )
b00000000000000000000000000110100 *
b00000000000000000000000000110100 +
#2974
0"
1%
b00000000000000000000000100110000 &
b00000000000000000000000100010000 '
b00000000000000000000001011000100 (
0,
#2975
1"
#2976
0"
b11 $
b00000000000000000000001000001100 &
b00000000000000000000000100011100 '
b00000000000000000000001111110100 (
b00000000000000000000001000001100 +
#2977
1"
#2978
0"
b10 $
b00000000000000000000000010110100 &
b00000000000000000000000111001100 '
b00000000000000000000000000010100 (
b00000000000000000000000111001100 +
#2979
1"
#2980
0"
b00000000000000000000001000011000 &
b00000000000000000000000001011000 '
b00000000000000000000000100010000 (
b00000000000000000000000001011000 +
#2981
1"
#2982
0"
b01 $
0%
b00000000000000000000000110110000 &
b00000000000000000000001010110000 '
b00000000000000000000000000111100 (
b00000000000000000000000000111100 +
1,
#2983
1"
b00000000000000000000000000111100 )
b00000000000000000000000001000000 *
#2984
0"
b10 $
b00000000000000000000001111010000 &
b00000000000000000000001010000000 '
b00000000000000000000001101001100 (
b00000000000000000000001010000000 +
#2985
1"
b00000000000000000000001010000000 )
b00000000000000000000001010000100 *
#2986
0"
b01 $
1%
b00000000000000000000001101100000 &
b00000000000000000000001111111000 '
b00000000000000000000001100000100 (
b00000000000000000000001100000100 +
0,
#2987
1"
#2988
0"
b00000000000000000000000111111100 &
b00000000000000000000000000110000 '
b00000000000000000000000010100100 (
b00000000000000000000000010100100 +
#2989
1"
#2990
0"
b00 $
0%
b00000000000000000000001111110000 &
b00000000000000000000001010100100 '
b00000000000000000000000000001000 (
b00000000000000000000001010000100 +
1,
#2991
1"
b00000000000000000000001010000100 )
b00000000000000000000001010001000 *
b00000000000000000000001010001000 +
#2992
0"
b01 $
1%
b00000000000000000000001000100100 &
b00000000000000000000001000100000 '
b00000000000000000000000101011000 (
b00000000000000000000000101011000 +
0,
#2993
1"
#2994
0"
b00000000000000000000000101101000 &
b00000000000000000000000011100100 '
b00000000000000000000000111010100 (
b00000000000000000000000111010100 +
#2995
1"
#2996
0"
b10 $
b00000000000000000000001000010100 &
b00000000000000000000000101111000 '
b00000000000000000000000100100000 (
b00000000000000000000000101111000 +
#2997
1"
#2998
0"
b00 $
b00000000000000000000001100010100 &
b00000000000000000000000011000000 '
b00000000000000000000000000110100 (
b00000000000000000000001010001000 +
#2999
1"
#3000
0"
b10 $
b00000000000000000000001110111100 &
b00000000000000000000000000010100 '
b00000000000000000000001100011000 (
b00000000000000000000000000010100 +
#3001
1"
#3002
0"
b00 $
b00000000000000000000000101010000 &
b00000000000000000000000001010000 '
b00000000000000000000000010101000 (
b00000000000000000000001010001000 +
#3003
1"
#3004
0"
b10 $
b00000000000000000000000110101000 &
b00000000000000000000001101111100 '
b00000000000000000000001001110100 (
b00000000000000000000001101111100 +
#3005
1"
#3006
0"
b00 $
0%
b00000000000000000000000110011100 &
b00000000000000000000000001101000 '
b00000000000000000000001110010100 (
b00000000000000000000001010001000 +
1,
#3007
1"
b00000000000000000000001010001000 )
b00000000000000000000001010001100 *
b00000000000000000000001010001100 +
#3008
0"
b00000000000000000000001000110100 &
b00000000000000000000000110001000 '
b00000000000000000000001110001000 (
#3009
1"
b00000000000000000000001010001100 )
b00000000000000000000001010010000 *
b00000000000000000000001010010000 +
#3010
0"
b01 $
b00000000000000000000001111001000 &
b00000000000000000000001001101000 '
b00000000000000000000001110101100 (
b00000000000000000000001110101100 +
#3011
1"
b00000000000000000000001110101100 )
b00000000000000000000001110110000 *
#3012
0"
b11 $
b00000000000000000000001010010000 &
b00000000000000000000001110111000 '
b00000000000000000000000010011000 (
b00000000000000000000001010010000 +
#3013
1"
b00000000000000000000001010010000 )
b00000000000000000000001010010100 *
#3014
0"
b10 $
b00000000000000000000001010011100 &
b00000000000000000000001011111100 '
b00000000000000000000000001101000 (
b00000000000000000000001011111100 +
#3015
1"
b00000000000000000000001011111100 )
b00000000000000000000001100000000 *
#3016
0"
1%
b00000000000000000000000011000000 &
b00000000000000000000000011110000 '
b00000000000000000000001111010100 (
b00000000000000000000000011110000 +
0,
#3017
1"
#3018
0"
b01 $
0%
b00000000000000000000001010000100 &
b00000000000000000000000011010000 '
b00000000000000000000000001011000 (
b00000000000000000000000001011000 +
1,
#3019
1"
b00000000000000000000000001011000 )
b00000000000000000000000001011100 *
#3020
0"
b11 $
1%
b00000000000000000000001001101100 &
b00000000000000000000000001010000 '
b00000000000000000000000111001100 (
b00000000000000000000001001101100 +
0,
#3021
1"
#3022
0"
b01 $
b00000000000000000000000010110100 &
b00000000000000000000000110111100 '
b00000000000000000000001000001100 (
b00000000000000000000001000001100 +
#3023
1"
#3024
0"
b00 $
b00000000000000000000001010001100 &
b00000000000000000000001011110100 '
b00000000000000000000000101110100 (
b00000000000000000000000001011100 +
#3025
1"
#3026
0"
b01 $
b00000000000000000000000110010000 &
b00000000000000000000000111000100 '
b00000000000000000000001110011000 (
b00000000000000000000001110011000 +
#3027
1"
#3028
0"
b10 $
b00000000000000000000001111110000 &
b00000000000000000000001010111000 '
b00000000000000000000000111111100 (
b00000000000000000000001010111000 +
#3029
1"
#3030
0"
b01 $
0%
b00000000000000000000000111101100 &
b00000000000000000000001001001000 '
b00000000000000000000001011000000 (
b00000000000000000000001011000000 +
1,
#3031
1"
b00000000000000000000001011000000 )
b00000000000000000000001011000100 *
#3032
0"
1%
b00000000000000000000001100000100 &
b00000000000000000000000010110000 '
b00000000000000000000000010110100 (
b00000000000000000000000010110100 +
0,
#3033
1"
#3034
0"
b00 $
0%
b00000000000000000000000001011000 &
b00000000000000000000000110001000 '
b00000000000000000000000001100100 (
b00000000000000000000001011000100 +
1,
#3035
1"
b00000000000000000000001011000100 )
b00000000000000000000001011001000 *
b00000000000000000000001011001000 +
#3036
0"
b01 $
b00000000000000000000001000100000 &
b00000000000000000000000011110100 '
b00000000000000000000000011011100 (
b00000000000000000000000011011100 +
#3037
1"
b00000000000000000000000011011100 )
b00000000000000000000000011100000 *
#3038
0"
b10 $
b00000000000000000000000101111100 &
b00000000000000000000000100101000 '
b00000000000000000000000111011100 (
b00000000000000000000000100101000 +
#3039
1"
b00000000000000000000000100101000 )
b00000000000000000000000100101100 *
#3040
0"
b01 $
b00000000000000000000001011101000 &
b00000000000000000000000100000100 '
b00000000000000000000000111011100 +
#3041
1"
b00000000000000000000000111011100 )
b00000000000000000000000111100000 *
#3042
0"
b00000000000000000000001111001100 &
b00000000000000000000001011010000 '
b00000000000000000000001100010100 (
b00000000000000000000001100010100 +
#3043
1"
b00000000000000000000001100010100 )
b00000000000000000000001100011000 *
#3044
0"
b11 $
b00000000000000000000001101111000 &
b00000000000000000000000110010100 '
b00000000000000000000000111001000 (
b00000000000000000000001101111000 +
#3045
1"
b00000000000000000000001101111000 )
b00000000000000000000001101111100 *
#3046
0"
b00 $
1%
b00000000000000000000000001110000 &
b00000000000000000000000010001000 '
b00000000000000000000001111101100 (
b00000000000000000000001101111100 +
0,
#3047
1"
#3048
0"
b10 $
0%
b00000000000000000000000111011000 &
b00000000000000000000001011111000 '
b00000000000000000000001111100100 (
b00000000000000000000001011111000 +
1,
#3049
1"
b00000000000000000000001011111000 )
b00000000000000000000001011111100 *
#3050
0"
b01 $
b00000000000000000000001111111100 &
b00000000000000000000000000110000 '
b00000000000000000000001110111000 (
b00000000000000000000001110111000 +
#3051
1"
b00000000000000000000001110111000 )
b00000000000000000000001110111100 *
#3052
0"
b11 $
b00000000000000000000001011011100 &
b00000000000000000000000011000100 '
b00000000000000000000001001001100 (
b00000000000000000000001011011100 +
#3053
1"
b00000000000000000000001011011100 )
b00000000000000000000001011100000 *
#3054
0"
b10 $
1%
b00000000000000000000001100011000 &
b00000000000000000000000010000100 '
b00000000000000000000000001111100 (
b00000000000000000000000010000100 +
0,
#3055
1"
#3056
0"
b11 $
0%
b00000000000000000000000110010100 &
b00000000000000000000000110100100 '
b00000000000000000000000010100100 (
b00000000000000000000000110010100 +
1,
#3057
1"
b00000000000000000000000110010100 )
b00000000000000000000000110011000 *
#3058
0"
b00 $
1%
b00000000000000000000001100001100 &
b00000000000000000000001111010000 '
b00000000000000000000001001100000 (
b00000000000000000000000110011000 +
0,
#3059
1"
#3060
0"
b10 $
0%
b00000000000000000000000101010000 &
b00000000000000000000000011010000 '
b00000000000000000000001110100100 (
b00000000000000000000000011010000 +
1,
#3061
1"
b00000000000000000000000011010000 )
b00000000000000000000000011010100 *
#3062
0"
b01 $
b00000000000000000000001000110100 &
b00000000000000000000000100110000 '
b00000000000000000000001110111000 (
b00000000000000000000001110111000 +
#3063
1"
b00000000000000000000001110111000 )
b00000000000000000000001110111100 *
#3064
0"
b00 $
1%
b00000000000000000000000100000000 &
b00000000000000000000000011001100 '
b00000000000000000000001111010100 (
b00000000000000000000001110111100 +
0,
#3065
1"
#3066
0"
b00000000000000000000000110000000 &
b00000000000000000000001001101000 '
b00000000000000000000001000001000 (
#3067
1"
#3068
0"
b11 $
b00000000000000000000000100011000 &
b00000000000000000000001110010100 '
b00000000000000000000001000111000 (
b00000000000000000000000100011000 +
#3069
1"
#3070
0"
b00 $
b00000000000000000000000000010000 &
b00000000000000000000000011001100 '
b00000000000000000000001011000100 (
b00000000000000000000001110111100 +
#3071
1"
#3072
0"
b00000000000000000000001101110000 &
b00000000000000000000001111000000 '
b00000000000000000000000010011000 (
#3073
1"
#3074
0"
b01 $
b00000000000000000000000000100000 &
b00000000000000000000000101001000 '
b00000000000000000000001000100100 (
b00000000000000000000001000100100 +
#3075
1"
#3076
0"
b10 $
0%
b00000000000000000000000100110100 &
b00000000000000000000000011011100 '
b00000000000000000000000000000100 (
b00000000000000000000000011011100 +
1,
#3077
1"
b00000000000000000000000011011100 )
b00000000000000000000000011100000 *
#3078
0"
1%
b00000000000000000000000110001000 &
b00000000000000000000001010001000 '
b00000000000000000000001010010100 (
b00000000000000000000001010001000 +
0,
#3079
1"
#3080
0"
b00 $
b00000000000000000000001100101000 &
b00000000000000000000000010101100 '
b00000000000000000000000000011000 (
b00000000000000000000000011100000 +
#3081
1"
#3082
0"
b00000000000000000000001100001100 &
b00000000000000000000000101110000 '
b00000000000000000000001100111000 (
#3083
1"
#3084
0"
b01 $
0%
b00000000000000000000001011111100 &
b00000000000000000000000101000100 '
b00000000000000000000001110100000 (
b00000000000000000000001110100000 +
1,
#3085
1"
b00000000000000000000001110100000 )
b00000000000000000000001110100100 *
#3086
0"
b00000000000000000000000010010100 &
b00000000000000000000001110110100 '
b00000000000000000000000110100000 (
b00000000000000000000000110100000 +
#3087
1"
b00000000000000000000000110100000 )
b00000000000000000000000110100100 *
#3088
0"
b11 $
b00000000000000000000000011011100 &
b00000000000000000000001111110000 '
b00000000000000000000000001101100 (
b00000000000000000000000011011100 +
#3089
1"
b00000000000000000000000011011100 )
b00000000000000000000000011100000 *
#3090
0"
b00 $
b00000000000000000000000010011000 &
b00000000000000000000001001101100 '
b00000000000000000000001110000000 (
b00000000000000000000000011100000 +
#3091
1"
b00000000000000000000000011100000 )
b00000000000000000000000011100100 *
b00000000000000000000000011100100 +
#3092
0"
b11 $
1%
b00000000000000000000000000000100 &
b00000000000000000000001001010100 '
b00000000000000000000001010101000 (
b00000000000000000000000000000100 +
0,
#3093
1"
#3094
0"
b00 $
b00000000000000000000000100010100 &
b00000000000000000000001100101100 '
b00000000000000000000000100101000 (
b00000000000000000000000011100100 +
#3095
1"
#3096
0"
b11 $
0%
b00000000000000000000000100001000 &
b00000000000000000000001101001100 '
b00000000000000000000001001000100 (
b00000000000000000000000100001000 +
1,
#3097
1"
b00000000000000000000000100001000 )
b00000000000000000000000100001100 *
#3098
0"
b00000000000000000000001010011100 &
b00000000000000000000000101000000 '
b00000000000000000000001010011000 (
b00000000000000000000001010011100 +
#3099
1"
b00000000000000000000001010011100 )
b00000000000000000000001010100000 *
#3100
0"
b00 $
1%
b00000000000000000000001000101000 &
b00000000000000000000000100011100 '
b00000000000000000000001111101100 (
b00000000000000000000001010100000 +
0,
#3101
1"
#3102
0"
b01 $
b00000000000000000000000011100100 &
b00000000000000000000001100101100 '
b00000000000000000000000001101000 (
b00000000000000000000000001101000 +
#3103
1"
#3104
0"
0%
b00000000000000000000001001101000 &
b00000000000000000000000001101100 '
b00000000000000000000000010101100 (
b00000000000000000000000010101100 +
1,
#3105
1"
b00000000000000000000000010101100 )
b00000000000000000000000010110000 *
#3106
0"
b00 $
1%
b00000000000000000000000001100000 &
b00000000000000000000001000101000 '
b00000000000000000000001110111000 (
b00000000000000000000000010110000 +
0,
#3107
1"
#3108
0"
b10 $
b00000000000000000000000010111100 &
b00000000000000000000001010010100 '
b00000000000000000000000111000000 (
b00000000000000000000001010010100 +
#3109
1"
#3110
0"
b00 $
0%
b00000000000000000000000010100100 &
b00000000000000000000000110100000 '
b00000000000000000000000010000000 (
b00000000000000000000000010110000 +
1,
#3111
1"
b00000000000000000000000010110000 )
b00000000000000000000000010110100 *
b00000000000000000000000010110100 +
#3112
0"
b11 $
b00000000000000000000000010000000 &
b00000000000000000000000101100100 '
b00000000000000000000001011111100 (
b00000000000000000000000010000000 +
#3113
1"
b00000000000000000000000010000000 )
b00000000000000000000000010000100 *
#3114
0"
b00000000000000000000000011111000 &
b00000000000000000000000101010100 '
b00000000000000000000001100100100 (
b00000000000000000000000011111000 +
#3115
1"
b00000000000000000000000011111000 )
b00000000000000000000000011111100 *
#3116
0"
b01 $
b00000000000000000000000101111100 &
b00000000000000000000001111001100 '
b00000000000000000000001000100100 (
b00000000000000000000001000100100 +
#3117
1"
b00000000000000000000001000100100 )
b00000000000000000000001000101000 *
#3118
0"
b10 $
1%
b00000000000000000000001010110000 &
b00000000000000000000001010001000 '
b00000000000000000000001100000100 (
b00000000000000000000001010001000 +
0,
#3119
1"
#3120
0"
b11 $
b00000000000000000000000101111100 &
b00000000000000000000001100101000 '
b00000000000000000000001010101000 (
b00000000000000000000000101111100 +
#3121
1"
#3122
0"
0%
b00000000000000000000000111101000 &
b00000000000000000000001111100000 '
b00000000000000000000001111001000 (
b00000000000000000000000111101000 +
1,
#3123
1"
b00000000000000000000000111101000 )
b00000000000000000000000111101100 *
#3124
0"
b10 $
1%
b00000000000000000000000110101000 &
b00000000000000000000001011101000 '
b00000000000000000000000010000000 (
b00000000000000000000001011101000 +
0,
#3125
1"
#3126
0"
b01 $
0%
b00000000000000000000000001111000 &
b00000000000000000000000110100000 '
b00000000000000000000000010101100 (
b00000000000000000000000010101100 +
1,
#3127
1"
b00000000000000000000000010101100 )
b00000000000000000000000010110000 *
#3128
0"
b11 $
1%
b00000000000000000000001001100100 &
b00000000000000000000000100011000 '
b00000000000000000000001011010000 (
b00000000000000000000001001100100 +
0,
#3129
1"
#3130
0"
0%
b00000000000000000000001110101100 &
b00000000000000000000001100111100 '
b00000000000000000000000111001100 (
b00000000000000000000001110101100 +
1,
#3131
1"
b00000000000000000000001110101100 )
b00000000000000000000001110110000 *
#3132
0"
b01 $
b00000000000000000000000111100000 &
b00000000000000000000000000110000 '
b00000000000000000000000011010000 (
b00000000000000000000000011010000 +
#3133
1"
b00000000000000000000000011010000 )
b00000000000000000000000011010100 *
#3134
0"
b10 $
1%
b00000000000000000000001011111100 &
b00000000000000000000001001110000 '
b00000000000000000000001101010000 (
b00000000000000000000001001110000 +
0,
#3135
1"
#3136
0"
b01 $
0%
b00000000000000000000001001101100 &
b00000000000000000000000001110000 '
b00000000000000000000001111000100 (
b00000000000000000000001111000100 +
1,
#3137
1"
b00000000000000000000001111000100 )
b00000000000000000000001111001000 *
#3138
0"
b00 $
1%
b00000000000000000000001100011100 &
b00000000000000000000001101101000 '
b00000000000000000000001010110100 (
b00000000000000000000001111001000 +
0,
#3139
1"
#3140
0"
b10 $
0%
b00000000000000000000000110111000 &
b00000000000000000000001000101100 '
b00000000000000000000000000100000 (
b00000000000000000000001000101100 +
1,
#3141
1"
b00000000000000000000001000101100 )
b00000000000000000000001000110000 *
#3142
0"
b00000000000000000000001101100100 &
b00000000000000000000000000111000 '
b00000000000000000000000111111000 (
b00000000000000000000000000111000 +
#3143
1"
b00000000000000000000000000111000 )
b00000000000000000000000000111100 *
#3144
0"
b00 $
1%
b00000000000000000000001110100000 &
b00000000000000000000001100010000 '
b00000000000000000000001100011100 (
b00000000000000000000000000111100 +
0,
#3145
1"
#3146
0"
b01 $
0%
b00000000000000000000001010001000 &
b00000000000000000000001101110000 '
b00000000000000000000001000001000 (
b00000000000000000000001000001000 +
1,
#3147
1"
b00000000000000000000001000001000 )
b00000000000000000000001000001100 *
#3148
0"
b10 $
1%
b00000000000000000000001011100000 &
b00000000000000000000000001001000 '
b00000000000000000000001010100100 (
b00000000000000000000000001001000 +
0,
#3149
1"
#3150
0"
b01 $
0%
b00000000000000000000001110111100 &
b00000000000000000000000111000000 '
b00000000000000000000001010100000 (
b00000000000000000000001010100000 +
1,
#3151
1"
b00000000000000000000001010100000 )
b00000000000000000000001010100100 *
#3152
0"
b00 $
b00000000000000000000000110101000 &
b00000000000000000000000000101100 '
b00000000000000000000001110111000 (
b00000000000000000000001010100100 +
#3153
1"
b00000000000000000000001010100100 )
b00000000000000000000001010101000 *
b00000000000000000000001010101000 +
#3154
0"
b11 $
1%
b00000000000000000000001001110000 &
b00000000000000000000000100110000 '
b00000000000000000000000011101100 (
b00000000000000000000001001110000 +
0,
#3155
1"
#3156
0"
b10 $
0%
b00000000000000000000001111011000 &
b00000000000000000000000000001100 '
b00000000000000000000000101110000 (
b00000000000000000000000000001100 +
1,
#3157
1"
b00000000000000000000000000001100 )
b00000000000000000000000000010000 *
#3158
0"
b01 $
b00000000000000000000000100001000 &
b00000000000000000000000110000000 '
b00000000000000000000001111110000 (
b00000000000000000000001111110000 +
#3159
1"
b00000000000000000000001111110000 )
b00000000000000000000001111110100 *
#3160
0"
b00 $
b00000000000000000000001000100100 &
b00000000000000000000000111110000 '
b00000000000000000000001110100000 (
b00000000000000000000001111110100 +
#3161
1"
b00000000000000000000001111110100 )
b00000000000000000000001111111000 *
b00000000000000000000001111111000 +
#3162
0"
b11 $
b00000000000000000000001011011000 &
b00000000000000000000000010001000 '
b00000000000000000000001001011000 (
b00000000000000000000001011011000 +
#3163
1"
b00000000000000000000001011011000 )
b00000000000000000000001011011100 *
#3164
0"
b00000000000000000000001111100100 &
b00000000000000000000001100100100 '
b00000000000000000000001100100100 (
b00000000000000000000001111100100 +
#3165
1"
b00000000000000000000001111100100 )
b00000000000000000000001111101000 *
#3166
0"
b00000000000000000000001111011100 &
b00000000000000000000001000001100 '
b00000000000000000000001000100000 (
b00000000000000000000001111011100 +
#3167
1"
b00000000000000000000001111011100 )
b00000000000000000000001111100000 *
#3168
0"
b10 $
b00000000000000000000000010000000 &
b00000000000000000000000010100100 '
b00000000000000000000001010000100 (
b00000000000000000000000010100100 +
#3169
1"
b00000000000000000000000010100100 )
b00000000000000000000000010101000 *
#3170
0"
b00 $
b00000000000000000000001100000100 &
b00000000000000000000001011111000 '
b00000000000000000000000100011000 (
b00000000000000000000000010101000 +
#3171
1"
b00000000000000000000000010101000 )
b00000000000000000000000010101100 *
b00000000000000000000000010101100 +
#3172
0"
b01 $
b00000000000000000000000001110100 &
b00000000000000000000000100011000 '
b00000000000000000000001111111100 (
b00000000000000000000001111111100 +
#3173
1"
b00000000000000000000001111111100 )
b00000000000000000000010000000000 *
#3174
0"
1%
b00000000000000000000000010010100 &
b00000000000000000000001011110000 '
b00000000000000000000001001101100 (
b00000000000000000000001001101100 +
0,
#3175
1"
#3176
0"
b11 $
b00000000000000000000000101101000 &
b00000000000000000000001011010000 '
b00000000000000000000001110010000 (
b00000000000000000000000101101000 +
#3177
1"
#3178
0"
b00000000000000000000000010000100 &
b00000000000000000000000001101000 '
b00000000000000000000000001111100 (
b00000000000000000000000010000100 +
#3179
1"
#3180
0"
b01 $
b00000000000000000000001011110100 &
b00000000000000000000001100101000 '
b00000000000000000000000111011000 (
b00000000000000000000000111011000 +
#3181
1"
#3182
0"
b10 $
0%
b00000000000000000000000101110000 &
b00000000000000000000000001111100 '
b00000000000000000000000000010100 (
b00000000000000000000000001111100 +
1,
#3183
1"
b00000000000000000000000001111100 )
b00000000000000000000000010000000 *
#3184
0"
b11 $
b00000000000000000000001000011100 &
b00000000000000000000001100000000 '
b00000000000000000000000010001000 (
b00000000000000000000001000011100 +
#3185
1"
b00000000000000000000001000011100 )
b00000000000000000000001000100000 *
#3186
0"
b10 $
1%
b00000000000000000000001001110000 &
b00000000000000000000001010101100 '
b00000000000000000000001000000100 (
b00000000000000000000001010101100 +
0,
#3187
1"
#3188
0"
b11 $
b00000000000000000000001001000100 '
b00000000000000000000000001101100 (
b00000000000000000000001001110000 +
#3189
1"
#3190
0"
b01 $
b00000000000000000000001011011100 &
b00000000000000000000001010001000 '
b00000000000000000000001100111100 (
b00000000000000000000001100111100 +
#3191
1"
#3192
0"
b10 $
b00000000000000000000000001110000 &
b00000000000000000000001001001100 '
b00000000000000000000000001010100 (
b00000000000000000000001001001100 +
#3193
1"
#3194
0"
b00000000000000000000000101110000 &
b00000000000000000000001110111100 '
b00000000000000000000000001000000 (
b00000000000000000000001110111100 +
#3195
1"
#3196
0"
b01 $
0%
b00000000000000000000001110110000 &
b00000000000000000000001110100000 '
b00000000000000000000000101001000 (
b00000000000000000000000101001000 +
1,
#3197
1"
b00000000000000000000000101001000 )
b00000000000000000000000101001100 *
#3198
0"
b10 $
1%
b00000000000000000000000001011100 &
b00000000000000000000001010101000 '
b00000000000000000000000001101000 (
b00000000000000000000001010101000 +
0,
#3199
1"
#3200
0"
b01 $
0%
b00000000000000000000001000000100 &
b00000000000000000000000011010100 '
b00000000000000000000000111001100 (
b00000000000000000000000111001100 +
1,
#3201
1"
b00000000000000000000000111001100 )
b00000000000000000000000111010000 *
#3202
0"
b00000000000000000000000010100000 &
b00000000000000000000000101010000 '
b00000000000000000000000101100000 (
b00000000000000000000000101100000 +
#3203
1"
b00000000000000000000000101100000 )
b00000000000000000000000101100100 *
#3204
0"
b00 $
b00000000000000000000001010010000 &
b00000000000000000000000001010000 '
b00000000000000000000001011110100 (
b00000000000000000000000101100100 +
#3205
1"
b00000000000000000000000101100100 )
b00000000000000000000000101101000 *
b00000000000000000000000101101000 +
#3206
0"
b01 $
1%
b00000000000000000000001010111000 &
b00000000000000000000000001010100 '
b00000000000000000000001001011000 (
b00000000000000000000001001011000 +
0,
#3207
1"
#3208
0"
b10 $
0%
b00000000000000000000000010100000 &
b00000000000000000000001010101000 '
b00000000000000000000000101111100 (
b00000000000000000000001010101000 +
1,
#3209
1"
b00000000000000000000001010101000 )
b00000000000000000000001010101100 *
#3210
0"
b00000000000000000000001100111000 &
b00000000000000000000001001000100 '
b00000000000000000000000110001100 (
b00000000000000000000001001000100 +
#3211
1"
b00000000000000000000001001000100 )
b00000000000000000000001001001000 *
#3212
0"
b00 $
b00000000000000000000000100010100 &
b00000000000000000000000110101000 '
b00000000000000000000000110000000 (
b00000000000000000000001001001000 +
#3213
1"
b00000000000000000000001001001000 )
b00000000000000000000001001001100 *
b00000000000000000000001001001100 +
#3214
0"
1%
b00000000000000000000000001011000 &
b00000000000000000000001110000100 '
b00000000000000000000000101101100 (
0,
#3215
1"
#3216
0"
b11 $
b00000000000000000000001000010100 &
b00000000000000000000000001001100 '
b00000000000000000000001110110100 (
b00000000000000000000001000010100 +
#3217
1"
#3218
0"
b10 $
0%
b00000000000000000000001001010000 &
b00000000000000000000001111000000 '
b00000000000000000000001110001000 (
b00000000000000000000001111000000 +
1,
#3219
1"
b00000000000000000000001111000000 )
b00000000000000000000001111000100 *
#3220
0"
b00000000000000000000000101100000 &
b00000000000000000000000101001000 '
b00000000000000000000000101100000 (
b00000000000000000000000101001000 +
#3221
1"
b00000000000000000000000101001000 )
b00000000000000000000000101001100 *
#3222
0"
b11 $
b00000000000000000000000001000000 &
b00000000000000000000001000010100 '
b00000000000000000000000101111000 (
b00000000000000000000000001000000 +
#3223
1"
b00000000000000000000000001000000 )
b00000000000000000000000001000100 *
#3224
0"
b00000000000000000000001000100000 &
b00000000000000000000001011100000 '
b00000000000000000000001101100000 (
b00000000000000000000001000100000 +
#3225
1"
b00000000000000000000001000100000 )
b00000000000000000000001000100100 *
#3226
0"
b00 $
1%
b00000000000000000000001101111100 &
b00000000000000000000001111111100 '
b00000000000000000000000101001000 (
b00000000000000000000001000100100 +
0,
#3227
1"
#3228
0"
b10 $
0%
b00000000000000000000000010101100 &
b00000000000000000000001011111100 '
b00000000000000000000001000000100 (
b00000000000000000000001011111100 +
1,
#3229
1"
b00000000000000000000001011111100 )
b00000000000000000000001100000000 *
#3230
0"
b00 $
1%
b00000000000000000000000100110100 &
b00000000000000000000001010110100 '
b00000000000000000000001111000100 (
b00000000000000000000001100000000 +
0,
#3231
1"
#3232
0"
b11 $
b00000000000000000000001001111100 &
b00000000000000000000001000100000 '
b00000000000000000000000010101000 (
b00000000000000000000001001111100 +
#3233
1"
#3234
0"
b00000000000000000000001111011000 &
b00000000000000000000000000011100 '
b00000000000000000000001100010100 (
b00000000000000000000001111011000 +
#3235
1"
#3236
0"
b00 $
b00000000000000000000000011001100 &
b00000000000000000000001101110100 '
b00000000000000000000000011001100 (
b00000000000000000000001100000000 +
#3237
1"
#3238
0"
b11 $
b00000000000000000000001010010000 &
b00000000000000000000001110101000 '
b00000000000000000000001100010000 (
b00000000000000000000001010010000 +
#3239
1"
#3240
0"
b10 $
0%
b00000000000000000000000011001000 &
b00000000000000000000000010000100 '
b00000000000000000000001110001100 (
b00000000000000000000000010000100 +
1,
#3241
1"
b00000000000000000000000010000100 )
b00000000000000000000000010001000 *
#3242
0"
b11 $
b00000000000000000000001110010000 &
b00000000000000000000000000000100 '
b00000000000000000000001110011100 (
b00000000000000000000001110010000 +
#3243
1"
b00000000000000000000001110010000 )
b00000000000000000000001110010100 *
#3244
0"
b01 $
b00000000000000000000001011111000 &
b00000000000000000000000111010000 '
b00000000000000000000001011100000 (
b00000000000000000000001011100000 +
#3245
1"
b00000000000000000000001011100000 )
b00000000000000000000001011100100 *
#3246
0"
b00 $
1%
b00000000000000000000001111100000 &
b00000000000000000000001101111100 '
b00000000000000000000000111001000 (
b00000000000000000000001011100100 +
0,
#3247
1"
#3248
0"
b01 $
b00000000000000000000001110110100 &
b00000000000000000000001111000000 '
b00000000000000000000000001000000 (
b00000000000000000000000001000000 +
#3249
1"
#3250
0"
b00000000000000000000001101011000 &
b00000000000000000000001100010100 '
b00000000000000000000001110010100 (
b00000000000000000000001110010100 +
#3251
1"
#3252
0"
b10 $
0%
b00000000000000000000000000100100 &
b00000000000000000000001100110100 '
b00000000000000000000001101110100 (
b00000000000000000000001100110100 +
1,
#3253
1"
b00000000000000000000001100110100 )
b00000000000000000000001100111000 *
#3254
0"
b00 $
b00000000000000000000000001011100 &
b00000000000000000000001101000000 '
b00000000000000000000001000000100 (
b00000000000000000000001100111000 +
#3255
1"
b00000000000000000000001100111000 )
b00000000000000000000001100111100 *
b00000000000000000000001100111100 +
#3256
0"
b10 $
1%
b00000000000000000000001011001000 &
b00000000000000000000001011110100 '
b00000000000000000000000001100100 (
b00000000000000000000001011110100 +
0,
#3257
1"
#3258
0"
b00000000000000000000001000010000 &
b00000000000000000000000110001000 '
b00000000000000000000001000010000 (
b00000000000000000000000110001000 +
#3259
1"
#3260
0"
b00000000000000000000001011100000 &
b00000000000000000000001110010000 '
b00000000000000000000000000111100 (
b00000000000000000000001110010000 +
#3261
1"
#3262
0"
b00 $
b00000000000000000000000000101000 &
b00000000000000000000001001111000 '
b00000000000000000000001100101000 (
b00000000000000000000001100111100 +
#3263
1"
#3264
0"
b11 $
b00000000000000000000001000011000 &
b00000000000000000000001111100000 '
b00000000000000000000000000011000 (
b00000000000000000000001000011000 +
#3265
1"
#3266
0"
b00 $
0%
b00000000000000000000000111101100 '
b00000000000000000000001011010000 (
b00000000000000000000001100111100 +
1,
#3267
1"
b00000000000000000000001100111100 )
b00000000000000000000001101000000 *
b00000000000000000000001101000000 +
#3268
0"
b00000000000000000000000101100100 &
b00000000000000000000001011101000 '
b00000000000000000000000011011100 (
#3269
1"
b00000000000000000000001101000000 )
b00000000000000000000001101000100 *
b00000000000000000000001101000100 +
#3270
0"
b10 $
b00000000000000000000001101110000 &
b00000000000000000000001111011000 '
b00000000000000000000001000011100 (
b00000000000000000000001111011000 +
#3271
1"
b00000000000000000000001111011000 )
b00000000000000000000001111011100 *
#3272
0"
b01 $
1%
b00000000000000000000001010011000 &
b00000000000000000000000001100100 '
b00000000000000000000001101000100 (
b00000000000000000000001101000100 +
0,
#3273
1"
#3274
0"
b10 $
b00000000000000000000001101011000 &
b00000000000000000000001100000000 '
b00000000000000000000001000000000 (
b00000000000000000000001100000000 +
#3275
1"
#3276
0"
b00 $
0%
b00000000000000000000001011100100 &
b00000000000000000000000010011100 '
b00000000000000000000001010100000 (
b00000000000000000000001111011100 +
1,
#3277
1"
b00000000000000000000001111011100 )
b00000000000000000000001111100000 *
b00000000000000000000001111100000 +
#3278
0"
b11 $
1%
b00000000000000000000001000110100 &
b00000000000000000000000100010100 '
b00000000000000000000000000011000 (
b00000000000000000000001000110100 +
0,
#3279
1"
#3280
0"
b01 $
b00000000000000000000001000000000 &
b00000000000000000000001001101100 '
b00000000000000000000000000011100 (
b00000000000000000000000000011100 +
#3281
1"
#3282
0"
b11 $
b00000000000000000000000010110000 &
b00000000000000000000001001010000 '
b00000000000000000000000000010000 (
b00000000000000000000000010110000 +
#3283
1"
#3284
0"
b00000000000000000000001111000100 &
b00000000000000000000000101100100 '
b00000000000000000000000000111000 (
b00000000000000000000001111000100 +
#3285
1"
#3286
0"
b10 $
b00000000000000000000001110111100 &
b00000000000000000000001001100000 '
b00000000000000000000001101000000 (
b00000000000000000000001001100000 +
#3287
1"
#3288
0"
b11 $
0%
b00000000000000000000001000000000 &
b00000000000000000000000010100000 '
b00000000000000000000000101111100 (
b00000000000000000000001000000000 +
1,
#3289
1"
b00000000000000000000001000000000 )
b00000000000000000000001000000100 *
#3290
0"
b00 $
1%
b00000000000000000000001110101000 &
b00000000000000000000001011010100 '
b00000000000000000000000010110100 (
b00000000000000000000001000000100 +
0,
#3291
1"
#3292
0"
b01 $
b00000000000000000000000111101000 &
b00000000000000000000000111000100 '
b00000000000000000000001001001000 (
b00000000000000000000001001001000 +
#3293
1"
#3294
0"
b10 $
b00000000000000000000001001111100 &
b00000000000000000000001010111000 '
b00000000000000000000001011110100 (
b00000000000000000000001010111000 +
#3295
1"
#3296
0"
b11 $
b00000000000000000000001011001000 &
b00000000000000000000001001010000 '
b00000000000000000000001011101000 (
b00000000000000000000001011001000 +
#3297
1"
#3298
0"
b00 $
0%
b00000000000000000000001100101000 &
b00000000000000000000001010111100 '
b00000000000000000000001110111000 (
b00000000000000000000001000000100 +
1,
#3299
1"
b00000000000000000000001000000100 )
b00000000000000000000001000001000 *
b00000000000000000000001000001000 +
#3300
0"
b10 $
1%
b00000000000000000000000010011100 &
b00000000000000000000000001101000 '
b00000000000000000000000100011100 (
b00000000000000000000000001101000 +
0,
#3301
1"
#3302
0"
0%
b00000000000000000000000010111100 &
b00000000000000000000000111000100 '
b00000000000000000000001111100000 (
b00000000000000000000000111000100 +
1,
#3303
1"
b00000000000000000000000111000100 )
b00000000000000000000000111001000 *
#3304
0"
b00 $
b00000000000000000000001110111100 &
b00000000000000000000001101011000 '
b00000000000000000000001101001100 (
b00000000000000000000000111001000 +
#3305
1"
b00000000000000000000000111001000 )
b00000000000000000000000111001100 *
b00000000000000000000000111001100 +
#3306
0"
b01 $
b00000000000000000000001111110000 &
b00000000000000000000000010000000 '
b00000000000000000000000000011000 (
b00000000000000000000000000011000 +
#3307
1"
b00000000000000000000000000011000 )
b00000000000000000000000000011100 *
#3308
0"
b00000000000000000000000110011100 &
b00000000000000000000000110101100 '
b00000000000000000000000101100000 (
b00000000000000000000000101100000 +
#3309
1"
b00000000000000000000000101100000 )
b00000000000000000000000101100100 *
#3310
0"
b10 $
1%
b00000000000000000000001010111100 &
b00000000000000000000001110110000 '
b00000000000000000000001101101100 (
b00000000000000000000001110110000 +
0,
#3311
1"
#3312
0"
b01 $
0%
b00000000000000000000001111101000 &
b00000000000000000000001100010000 '
b00000000000000000000001010000000 (
b00000000000000000000001010000000 +
1,
#3313
1"
b00000000000000000000001010000000 )
b00000000000000000000001010000100 *
#3314
0"
1%
b00000000000000000000001110001000 &
b00000000000000000000000111000000 '
b00000000000000000000001011110000 (
b00000000000000000000001011110000 +
0,
#3315
1"
#3316
0"
b10 $
0%
b00000000000000000000000001111000 &
b00000000000000000000001100100100 '
b00000000000000000000001010001100 (
b00000000000000000000001100100100 +
1,
#3317
1"
b00000000000000000000001100100100 )
b00000000000000000000001100101000 *
#3318
0"
b01 $
b00000000000000000000001111101100 &
b00000000000000000000001110111000 '
b00000000000000000000000110101100 (
b00000000000000000000000110101100 +
#3319
1"
b00000000000000000000000110101100 )
b00000000000000000000000110110000 *
#3320
0"
b10 $
1%
b00000000000000000000000010111100 &
b00000000000000000000000110100100 '
b00000000000000000000000001001100 (
b00000000000000000000000110100100 +
0,
#3321
1"
#3322
0"
b11 $
b00000000000000000000000011111000 &
b00000000000000000000000011011000 '
b00000000000000000000000111011100 (
b00000000000000000000000011111000 +
#3323
1"
#3324
0"
b01 $
0%
b00000000000000000000001111110100 &
b00000000000000000000000001001100 '
b00000000000000000000001001100000 (
b00000000000000000000001001100000 +
1,
#3325
1"
b00000000000000000000001001100000 )
b00000000000000000000001001100100 *
#3326
0"
1%
b00000000000000000000001110001100 &
b00000000000000000000001000000000 '
b00000000000000000000001100010100 (
b00000000000000000000001100010100 +
0,
#3327
1"
#3328
0"
b11 $
0%
b00000000000000000000001001001000 &
b00000000000000000000001011110100 '
b00000000000000000000000010010000 (
b00000000000000000000001001001000 +
1,
#3329
1"
b00000000000000000000001001001000 )
b00000000000000000000001001001100 *
#3330
0"
b01 $
1%
b00000000000000000000000110111000 &
b00000000000000000000000011000000 '
b00000000000000000000001001110100 (
b00000000000000000000001001110100 +
0,
#3331
1"
#3332
0"
0%
b00000000000000000000000100010000 &
b00000000000000000000000000100000 '
b00000000000000000000001001110000 (
b00000000000000000000001001110000 +
1,
#3333
1"
b00000000000000000000001001110000 )
b00000000000000000000001001110100 *
#3334
0"
b11 $
b00000000000000000000000010011100 &
b00000000000000000000001001011000 '
b00000000000000000000001100011000 (
b00000000000000000000000010011100 +
#3335
1"
b00000000000000000000000010011100 )
b00000000000000000000000010100000 *
#3336
0"
1%
b00000000000000000000001001101000 &
b00000000000000000000001001110000 '
b00000000000000000000001100001100 (
b00000000000000000000001001101000 +
0,
#3337
1"
#3338
0"
0%
b00000000000000000000000001100000 &
b00000000000000000000000001011000 '
b00000000000000000000001011101000 (
b00000000000000000000000001100000 +
1,
#3339
1"
b00000000000000000000000001100000 )
b00000000000000000000000001100100 *
#3340
0"
b01 $
b00000000000000000000000001010000 &
b00000000000000000000000110111100 '
b00000000000000000000000111001100 (
b00000000000000000000000111001100 +
#3341
1"
b00000000000000000000000111001100 )
b00000000000000000000000111010000 *
#3342
0"
b00 $
b00000000000000000000000010001000 &
b00000000000000000000001010011100 '
b00000000000000000000001101010100 (
b00000000000000000000000111010000 +
#3343
1"
b00000000000000000000000111010000 )
b00000000000000000000000111010100 *
b00000000000000000000000111010100 +
#3344
0"
b11 $
b00000000000000000000000000011100 &
b00000000000000000000000000010000 '
b00000000000000000000001000100100 (
b00000000000000000000000000011100 +
#3345
1"
b00000000000000000000000000011100 )
b00000000000000000000000000100000 *
#3346
0"
1%
b00000000000000000000000001100100 &
b00000000000000000000001100101100 '
b00000000000000000000001111000100 (
b00000000000000000000000001100100 +
0,
#3347
1"
#3348
0"
0%
b00000000000000000000001010000100 &
b00000000000000000000000111101000 '
b00000000000000000000000000011000 (
b00000000000000000000001010000100 +
1,
#3349
1"
b00000000000000000000001010000100 )
b00000000000000000000001010001000 *
#3350
0"
b00 $
1%
b00000000000000000000000100000000 &
b00000000000000000000000111110000 '
b00000000000000000000001100001100 (
b00000000000000000000001010001000 +
0,
#3351
1"
#3352
0"
b10 $
b00000000000000000000000111100100 &
b00000000000000000000000000111100 '
b00000000000000000000001100100100 (
b00000000000000000000000000111100 +
#3353
1"
#3354
0"
b01 $
b00000000000000000000000110110100 &
b00000000000000000000001110111000 (
b00000000000000000000001110111000 +
#3355
1"
#3356
0"
b10 $
b00000000000000000000000110111100 &
b00000000000000000000000100101000 '
b00000000000000000000001101001100 (
b00000000000000000000000100101000 +
#3357
1"
#3358
0"
b00 $
b00000000000000000000000010111000 &
b00000000000000000000000001000100 '
b00000000000000000000001011100000 (
b00000000000000000000001010001000 +
#3359
1"
#3360
0"
0%
b00000000000000000000000010001000 &
b00000000000000000000001100000100 '
b00000000000000000000000110101000 (
1,
#3361
1"
b00000000000000000000001010001000 )
b00000000000000000000001010001100 *
b00000000000000000000001010001100 +
#3362
0"
b01 $
1%
b00000000000000000000000001011100 &
b00000000000000000000000110100100 '
b00000000000000000000001010000100 (
b00000000000000000000001010000100 +
0,
#3363
1"
#3364
0"
b11 $
0%
b00000000000000000000001111101000 &
b00000000000000000000000101010000 '
b00000000000000000000000111001100 (
b00000000000000000000001111101000 +
1,
#3365
1"
b00000000000000000000001111101000 )
b00000000000000000000001111101100 *
#3366
0"
1%
b00000000000000000000001011101000 &
b00000000000000000000000011000100 '
b00000000000000000000000101000100 (
b00000000000000000000001011101000 +
0,
#3367
1"
#3368
0"
b01 $
b00000000000000000000000010000000 &
b00000000000000000000000001100000 '
b00000000000000000000001011110100 (
b00000000000000000000001011110100 +
#3369
1"
#3370
0"
b11 $
0%
b00000000000000000000001010101100 &
b00000000000000000000000010000100 '
b00000000000000000000000010000100 (
b00000000000000000000001010101100 +
1,
#3371
1"
b00000000000000000000001010101100 )
b00000000000000000000001010110000 *
#3372
0"
1%
b00000000000000000000000001000100 &
b00000000000000000000001000011000 '
b00000000000000000000000000001000 (
b00000000000000000000000001000100 +
0,
#3373
1"
#3374
0"
b00 $
b00000000000000000000000010011100 &
b00000000000000000000001001001100 '
b00000000000000000000000001100000 (
b00000000000000000000001010110000 +
#3375
1"
#3376
0"
0%
b00000000000000000000000111110000 &
b00000000000000000000001100001100 '
b00000000000000000000001100001100 (
1,
#3377
1"
b00000000000000000000001010110000 )
b00000000000000000000001010110100 *
b00000000000000000000001010110100 +
#3378
0"
b11 $
b00000000000000000000000000010000 &
b00000000000000000000001010101000 '
b00000000000000000000001011011100 (
b00000000000000000000000000010000 +
#3379
1"
b00000000000000000000000000010000 )
b00000000000000000000000000010100 *
#3380
0"
b01 $
1%
b00000000000000000000000010101100 &
b00000000000000000000000111010100 '
b00000000000000000000000110101100 (
b00000000000000000000000110101100 +
0,
#3381
1"
#3382
0"
b00 $
0%
b00000000000000000000000111101100 &
b00000000000000000000001001001100 '
b00000000000000000000001000101000 (
b00000000000000000000000000010100 +
1,
#3383
1"
b00000000000000000000000000010100 )
b00000000000000000000000000011000 *
b00000000000000000000000000011000 +
#3384
0"
1%
b00000000000000000000001100101100 &
b00000000000000000000001010110100 '
b00000000000000000000000111110100 (
0,
#3385
1"
#3386
0"
b10 $
b00000000000000000000000010110000 &
b00000000000000000000001111010100 '
b00000000000000000000001011110100 (
b00000000000000000000001111010100 +
#3387
1"
#3388
0"
b00 $
0%
b00000000000000000000000010101100 &
b00000000000000000000001100000100 '
b00000000000000000000001000000100 (
b00000000000000000000000000011000 +
1,
#3389
1"
b00000000000000000000000000011000 )
b00000000000000000000000000011100 *
b00000000000000000000000000011100 +
#3390
0"
b10 $
b00000000000000000000000000011100 &
b00000000000000000000001111001100 '
b00000000000000000000000101101000 (
b00000000000000000000001111001100 +
#3391
1"
b00000000000000000000001111001100 )
b00000000000000000000001111010000 *
#3392
0"
b11 $
b00000000000000000000001010110100 &
b00000000000000000000001110101000 '
b00000000000000000000001011111000 (
b00000000000000000000001010110100 +
#3393
1"
b00000000000000000000001010110100 )
b00000000000000000000001010111000 *
#3394
0"
b00 $
b00000000000000000000000010011000 &
b00000000000000000000001001001100 '
b00000000000000000000000110011000 (
b00000000000000000000001010111000 +
#3395
1"
b00000000000000000000001010111000 )
b00000000000000000000001010111100 *
b00000000000000000000001010111100 +
#3396
0"
1%
b00000000000000000000000101110100 &
b00000000000000000000000111110000 '
b00000000000000000000001101110100 (
0,
#3397
1"
#3398
0"
b10 $
0%
b00000000000000000000000000011000 &
b00000000000000000000000000011000 '
b00000000000000000000000011111100 (
b00000000000000000000000000011000 +
1,
#3399
1"
b00000000000000000000000000011000 )
b00000000000000000000000000011100 *
#3400
0"
b11 $
b00000000000000000000001111110100 &
b00000000000000000000001110111100 '
b00000000000000000000000000101100 (
b00000000000000000000001111110100 +
#3401
1"
b00000000000000000000001111110100 )
b00000000000000000000001111111000 *
#3402
0"
b10 $
1%
b00000000000000000000001011110000 &
b00000000000000000000001000011000 '
b00000000000000000000001101000000 (
b00000000000000000000001000011000 +
0,
#3403
1"
#3404
0"
b00000000000000000000000001100100 &
b00000000000000000000001100010000 '
b00000000000000000000000010111100 (
b00000000000000000000001100010000 +
#3405
1"
#3406
0"
b11 $
0%
b00000000000000000000000000000100 &
b00000000000000000000001111110100 '
b00000000000000000000000111000000 (
b00000000000000000000000000000100 +
1,
#3407
1"
b00000000000000000000000000000100 )
b00000000000000000000000000001000 *
#3408
0"
b00000000000000000000001001111100 &
b00000000000000000000001100010000 '
b00000000000000000000000010101000 (
b00000000000000000000001001111100 +
#3409
1"
b00000000000000000000001001111100 )
b00000000000000000000001010000000 *
#3410
0"
b00 $
b00000000000000000000000111010000 &
b00000000000000000000001000001100 '
b00000000000000000000001010010000 (
b00000000000000000000001010000000 +
#3411
1"
b00000000000000000000001010000000 )
b00000000000000000000001010000100 *
b00000000000000000000001010000100 +
#3412
0"
b11 $
b00000000000000000000001110111100 &
b00000000000000000000001011000100 '
b00000000000000000000000011010100 (
b00000000000000000000001110111100 +
#3413
1"
b00000000000000000000001110111100 )
b00000000000000000000001111000000 *
#3414
0"
b10 $
1%
b00000000000000000000000001001100 &
b00000000000000000000001011011000 '
b00000000000000000000001011010100 (
b00000000000000000000001011011000 +
0,
#3415
1"
#3416
0"
b11 $
b00000000000000000000001111101000 &
b00000000000000000000001111110000 '
b00000000000000000000001001000100 (
b00000000000000000000001111101000 +
#3417
1"
#3418
0"
b01 $
b00000000000000000000000110110100 &
b00000000000000000000000010101100 '
b00000000000000000000001101000100 (
b00000000000000000000001101000100 +
#3419
1"
#3420
0"
0%
b00000000000000000000000111111100 &
b00000000000000000000000111110100 '
b00000000000000000000000101011100 (
b00000000000000000000000101011100 +
1,
#3421
1"
b00000000000000000000000101011100 )
b00000000000000000000000101100000 *
#3422
0"
1%
b00000000000000000000001111010100 &
b00000000000000000000000001110100 '
b00000000000000000000000111110000 (
b00000000000000000000000111110000 +
0,
#3423
1"
#3424
0"
b10 $
0%
b00000000000000000000001100001100 &
b00000000000000000000001000100100 '
b00000000000000000000001000000100 (
b00000000000000000000001000100100 +
1,
#3425
1"
b00000000000000000000001000100100 )
b00000000000000000000001000101000 *
#3426
0"
b00 $
1%
b00000000000000000000001011000100 &
b00000000000000000000000000101100 '
b00000000000000000000000011101000 (
b00000000000000000000001000101000 +
0,
#3427
1"
#3428
0"
b10 $
b00000000000000000000000000011100 &
b00000000000000000000000110000100 '
b00000000000000000000001110101100 (
b00000000000000000000000110000100 +
#3429
1"
#3430
0"
b00 $
0%
b00000000000000000000001011111100 &
b00000000000000000000000000010100 '
b00000000000000000000001011010100 (
b00000000000000000000001000101000 +
1,
#3431
1"
b00000000000000000000001000101000 )
b00000000000000000000001000101100 *
b00000000000000000000001000101100 +
#3432
0"
1%
b00000000000000000000000100100000 &
b00000000000000000000000000111100 '
b00000000000000000000000110000000 (
0,
#3433
1"
#3434
0"
b11 $
0%
b00000000000000000000000101100100 &
b00000000000000000000001001010000 '
b00000000000000000000001101010100 (
b00000000000000000000000101100100 +
1,
#3435
1"
b00000000000000000000000101100100 )
b00000000000000000000000101101000 *
#3436
0"
b10 $
b00000000000000000000001010010100 &
b00000000000000000000001001100100 '
b00000000000000000000001011011100 (
b00000000000000000000001001100100 +
#3437
1"
b00000000000000000000001001100100 )
b00000000000000000000001001101000 *
#3438
0"
b11 $
1%
b00000000000000000000000011101100 &
b00000000000000000000001101100000 '
b00000000000000000000001001110100 (
b00000000000000000000000011101100 +
0,
#3439
1"
#3440
0"
b01 $
0%
b00000000000000000000001000110000 &
b00000000000000000000000111110000 '
b00000000000000000000001001111100 (
b00000000000000000000001001111100 +
1,
#3441
1"
b00000000000000000000001001111100 )
b00000000000000000000001010000000 *
#3442
0"
b11 $
b00000000000000000000000010101000 &
b00000000000000000000000011011000 '
b00000000000000000000000001100100 (
b00000000000000000000000010101000 +
#3443
1"
b00000000000000000000000010101000 )
b00000000000000000000000010101100 *
#3444
0"
b00000000000000000000001111110000 &
b00000000000000000000000010011100 '
b00000000000000000000001101010100 (
b00000000000000000000001111110000 +
#3445
1"
b00000000000000000000001111110000 )
b00000000000000000000001111110100 *
#3446
0"
b00 $
b00000000000000000000001000110100 &
b00000000000000000000001011011000 '
b00000000000000000000000101101100 (
b00000000000000000000001111110100 +
#3447
1"
b00000000000000000000001111110100 )
b00000000000000000000001111111000 *
b00000000000000000000001111111000 +
#3448
0"
b10 $
b00000000000000000000001000100100 &
b00000000000000000000000000100000 '
b00000000000000000000000010010100 (
b00000000000000000000000000100000 +
#3449
1"
b00000000000000000000000000100000 )
b00000000000000000000000000100100 *
#3450
0"
b01 $
1%
b00000000000000000000001011011000 &
b00000000000000000000000111110000 '
b00000000000000000000000000011100 (
b00000000000000000000000000011100 +
0,
#3451
1"
#3452
0"
b11 $
b00000000000000000000000100010100 &
b00000000000000000000001101111100 '
b00000000000000000000000110110100 (
b00000000000000000000000100010100 +
#3453
1"
#3454
0"
b01 $
b00000000000000000000001000000100 &
b00000000000000000000000000111100 '
b00000000000000000000001000110100 (
b00000000000000000000001000110100 +
#3455
1"
#3456
0"
b10 $
0%
b00000000000000000000000101010000 &
b00000000000000000000001001011100 '
b00000000000000000000000001011000 (
b00000000000000000000001001011100 +
1,
#3457
1"
b00000000000000000000001001011100 )
b00000000000000000000001001100000 *
#3458
0"
b01 $
1%
b00000000000000000000001101110000 &
b00000000000000000000001011011100 '
b00000000000000000000001010100100 (
b00000000000000000000001010100100 +
0,
#3459
1"
#3460
0"
b11 $
b00000000000000000000000011010100 &
b00000000000000000000001100000100 '
b00000000000000000000000010000100 (
b00000000000000000000000011010100 +
#3461
1"
#3462
0"
b10 $
0%
b00000000000000000000000101000000 &
b00000000000000000000000001000100 '
b00000000000000000000000111111000 (
b00000000000000000000000001000100 +
1,
#3463
1"
b00000000000000000000000001000100 )
b00000000000000000000000001001000 *
#3464
0"
b11 $
b00000000000000000000000110111100 &
b00000000000000000000001001110100 '
b00000000000000000000000100010000 (
b00000000000000000000000110111100 +
#3465
1"
b00000000000000000000000110111100 )
b00000000000000000000000111000000 *
#3466
0"
b00 $
b00000000000000000000001001101100 &
b00000000000000000000000101110100 '
b00000000000000000000001001000100 (
b00000000000000000000000111000000 +
#3467
1"
b00000000000000000000000111000000 )
b00000000000000000000000111000100 *
b00000000000000000000000111000100 +
#3468
0"
1%
b00000000000000000000000111111100 &
b00000000000000000000000111110000 '
b00000000000000000000001000111000 (
0,
#3469
1"
#3470
0"
b01 $
0%
b00000000000000000000001000001000 &
b00000000000000000000000111001000 '
b00000000000000000000000101110100 (
b00000000000000000000000101110100 +
1,
#3471
1"
b00000000000000000000000101110100 )
b00000000000000000000000101111000 *
#3472
0"
b11 $
1%
b00000000000000000000000111011000 &
b00000000000000000000000110000100 '
b00000000000000000000000110101000 (
b00000000000000000000000111011000 +
0,
#3473
1"
#3474
0"
b00 $
b00000000000000000000000110110000 &
b00000000000000000000001110100000 '
b00000000000000000000001100110000 (
b00000000000000000000000101111000 +
#3475
1"
#3476
0"
b10 $
0%
b00000000000000000000000011000100 &
b00000000000000000000000101100100 '
b00000000000000000000001101110100 (
b00000000000000000000000101100100 +
1,
#3477
1"
b00000000000000000000000101100100 )
b00000000000000000000000101101000 *
#3478
0"
b01 $
1%
b00000000000000000000000101111100 &
b00000000000000000000000001000000 '
b00000000000000000000001001001000 (
b00000000000000000000001001001000 +
0,
#3479
1"
#3480
0"
b00 $
0%
b00000000000000000000001000101000 &
b00000000000000000000000110111100 '
b00000000000000000000001011010100 (
b00000000000000000000000101101000 +
1,
#3481
1"
b00000000000000000000000101101000 )
b00000000000000000000000101101100 *
b00000000000000000000000101101100 +
#3482
0"
1%
b00000000000000000000000101101100 &
b00000000000000000000001001101000 '
b00000000000000000000000111011100 (
0,
#3483
1"
#3484
0"
0%
b00000000000000000000000010000000 &
b00000000000000000000000010111000 '
b00000000000000000000000010011100 (
1,
#3485
1"
b00000000000000000000000101101100 )
b00000000000000000000000101110000 *
b00000000000000000000000101110000 +
#3486
0"
b11 $
b00000000000000000000001110001000 &
b00000000000000000000001111011100 '
b00000000000000000000001010111100 (
b00000000000000000000001110001000 +
#3487
1"
b00000000000000000000001110001000 )
b00000000000000000000001110001100 *
#3488
0"
b00000000000000000000001110111100 &
b00000000000000000000001110000000 '
b00000000000000000000000011101100 (
b00000000000000000000001110111100 +
#3489
1"
b00000000000000000000001110111100 )
b00000000000000000000001111000000 *
#3490
0"
b00 $
1%
b00000000000000000000000111000100 &
b00000000000000000000000010101100 '
b00000000000000000000000110010100 (
b00000000000000000000001111000000 +
0,
#3491
1"
#3492
0"
b11 $
b00000000000000000000001001110100 &
b00000000000000000000001000110100 '
b00000000000000000000001000101000 (
b00000000000000000000001001110100 +
#3493
1"
#3494
0"
b10 $
0%
b00000000000000000000001000111100 &
b00000000000000000000001010110100 '
b00000000000000000000000100000000 (
b00000000000000000000001010110100 +
1,
#3495
1"
b00000000000000000000001010110100 )
b00000000000000000000001010111000 *
#3496
0"
1%
b00000000000000000000000000011000 &
b00000000000000000000000010011100 '
b00000000000000000000001001010000 (
b00000000000000000000000010011100 +
0,
#3497
1"
#3498
0"
b01 $
0%
b00000000000000000000000101101000 &
b00000000000000000000000001000000 '
b00000000000000000000001010100100 (
b00000000000000000000001010100100 +
1,
#3499
1"
b00000000000000000000001010100100 )
b00000000000000000000001010101000 *
#3500
0"
1%
b00000000000000000000001000101100 &
b00000000000000000000001111100000 '
b00000000000000000000001001111100 (
b00000000000000000000001001111100 +
0,
#3501
1"
#3502
0"
b11 $
0%
b00000000000000000000001111010000 &
b00000000000000000000000011100000 '
b00000000000000000000001110111100 (
b00000000000000000000001111010000 +
1,
#3503
1"
b00000000000000000000001111010000 )
b00000000000000000000001111010100 *
#3504
0"
b01 $
1%
b00000000000000000000000000101000 &
b00000000000000000000001111011000 '
b00000000000000000000001100100100 (
b00000000000000000000001100100100 +
0,
#3505
1"
#3506
0"
b00000000000000000000000110111100 &
b00000000000000000000000010010000 '
b00000000000000000000001111011000 (
b00000000000000000000001111011000 +
#3507
1"
#3508
0"
b11 $
b00000000000000000000000101110000 &
b00000000000000000000001011011000 '
b00000000000000000000000101001000 (
b00000000000000000000000101110000 +
#3509
1"
#3510
0"
b00 $
b00000000000000000000000000010000 &
b00000000000000000000000100101000 '
b00000000000000000000001111001100 (
b00000000000000000000001111010100 +
#3511
1"
#3512
0"
b01 $
0%
b00000000000000000000001011001000 &
b00000000000000000000000011100100 '
b00000000000000000000000100110000 (
b00000000000000000000000100110000 +
1,
#3513
1"
b00000000000000000000000100110000 )
b00000000000000000000000100110100 *
#3514
0"
b00000000000000000000000001000100 &
b00000000000000000000000100010100 '
b00000000000000000000000011100000 (
b00000000000000000000000011100000 +
#3515
1"
b00000000000000000000000011100000 )
b00000000000000000000000011100100 *
#3516
0"
b00 $
b00000000000000000000000111001100 &
b00000000000000000000000000101100 '
b00000000000000000000001001010100 (
b00000000000000000000000011100100 +
#3517
1"
b00000000000000000000000011100100 )
b00000000000000000000000011101000 *
b00000000000000000000000011101000 +
#3518
0"
b00000000000000000000001101111000 &
b00000000000000000000001010101100 '
b00000000000000000000001100010000 (
#3519
1"
b00000000000000000000000011101000 )
b00000000000000000000000011101100 *
b00000000000000000000000011101100 +
#3520
0"
1%
b00000000000000000000001110111100 &
b00000000000000000000000011000000 '
b00000000000000000000000001000100 (
0,
#3521
1"
#3522
0"
b01 $
0%
b00000000000000000000001111010000 &
b00000000000000000000000100010100 '
b00000000000000000000000110101100 (
b00000000000000000000000110101100 +
1,
#3523
1"
b00000000000000000000000110101100 )
b00000000000000000000000110110000 *
#3524
0"
b00 $
1%
b00000000000000000000001011111100 &
b00000000000000000000001001101000 '
b00000000000000000000000010110000 (
b00000000000000000000000110110000 +
0,
#3525
1"
#3526
0"
b11 $
0%
b00000000000000000000000010110000 &
b00000000000000000000000001110000 '
b00000000000000000000000011000100 (
b00000000000000000000000010110000 +
1,
#3527
1"
b00000000000000000000000010110000 )
b00000000000000000000000010110100 *
#3528
0"
b00 $
1%
b00000000000000000000001101000000 &
b00000000000000000000001101011100 '
b00000000000000000000000010100000 (
b00000000000000000000000010110100 +
0,
#3529
1"
#3530
0"
b01 $
0%
b00000000000000000000001100100000 &
b00000000000000000000000100001100 '
b00000000000000000000001011111100 (
b00000000000000000000001011111100 +
1,
#3531
1"
b00000000000000000000001011111100 )
b00000000000000000000001100000000 *
#3532
0"
b00 $
1%
b00000000000000000000000001101000 &
b00000000000000000000000111110000 '
b00000000000000000000000100100000 (
b00000000000000000000001100000000 +
0,
#3533
1"
#3534
0"
b11 $
b00000000000000000000000110100000 &
b00000000000000000000000010000000 '
b00000000000000000000000000001100 (
b00000000000000000000000110100000 +
#3535
1"
#3536
0"
0%
b00000000000000000000001111011000 &
b00000000000000000000001001001000 '
b00000000000000000000001010001000 (
b00000000000000000000001111011000 +
1,
#3537
1"
b00000000000000000000001111011000 )
b00000000000000000000001111011100 *
#3538
0"
b10 $
b00000000000000000000001000111000 &
b00000000000000000000000100111000 '
b00000000000000000000001011101000 (
b00000000000000000000000100111000 +
#3539
1"
b00000000000000000000000100111000 )
b00000000000000000000000100111100 *
#3540
0"
b00 $
b00000000000000000000001101011100 &
b00000000000000000000001001000000 '
b00000000000000000000001000100100 (
b00000000000000000000000100111100 +
#3541
1"
b00000000000000000000000100111100 )
b00000000000000000000000101000000 *
b00000000000000000000000101000000 +
#3542
0"
b11 $
1%
b00000000000000000000001001110100 &
b00000000000000000000001100011100 '
b00000000000000000000000011100000 (
b00000000000000000000001001110100 +
0,
#3543
1"
#3544
0"
b01 $
0%
b00000000000000000000000100111100 &
b00000000000000000000000111011100 '
b00000000000000000000001101000000 (
b00000000000000000000001101000000 +
1,
#3545
1"
b00000000000000000000001101000000 )
b00000000000000000000001101000100 *
#3546
0"
b11 $
1%
b00000000000000000000001000110100 &
b00000000000000000000000000000000 '
b00000000000000000000001100001100 (
b00000000000000000000001000110100 +
0,
#3547
1"
#3548
0"
b00 $
b00000000000000000000001100101100 &
b00000000000000000000001000011000 '
b00000000000000000000000110011000 (
b00000000000000000000001101000100 +
#3549
1"
#3550
0"
b01 $
0%
b00000000000000000000000000010000 &
b00000000000000000000001111110000 '
b00000000000000000000001111011000 (
b00000000000000000000001111011000 +
1,
#3551
1"
b00000000000000000000001111011000 )
b00000000000000000000001111011100 *
#3552
0"
b10 $
b00000000000000000000001010100000 &
b00000000000000000000001001011000 '
b00000000000000000000000100110000 (
b00000000000000000000001001011000 +
#3553
1"
b00000000000000000000001001011000 )
b00000000000000000000001001011100 *
#3554
0"
1%
b00000000000000000000000100000100 &
b00000000000000000000001100111100 '
b00000000000000000000000101110100 (
b00000000000000000000001100111100 +
0,
#3555
1"
#3556
0"
b01 $
0%
b00000000000000000000001011000100 &
b00000000000000000000001100100000 '
b00000000000000000000001010010000 (
b00000000000000000000001010010000 +
1,
#3557
1"
b00000000000000000000001010010000 )
b00000000000000000000001010010100 *
#3558
0"
b00000000000000000000000100011100 &
b00000000000000000000000000111000 '
b00000000000000000000000110000000 (
b00000000000000000000000110000000 +
#3559
1"
b00000000000000000000000110000000 )
b00000000000000000000000110000100 *
#3560
0"
b10 $
1%
b00000000000000000000000011001100 &
b00000000000000000000001101010100 '
b00000000000000000000000010010100 (
b00000000000000000000001101010100 +
0,
#3561
1"
#3562
0"
b01 $
0%
b00000000000000000000001100111000 &
b00000000000000000000001001110100 '
b00000000000000000000000011111000 (
b00000000000000000000000011111000 +
1,
#3563
1"
b00000000000000000000000011111000 )
b00000000000000000000000011111100 *
#3564
0"
b00 $
b00000000000000000000001111101000 &
b00000000000000000000000110110100 '
b00000000000000000000001111001000 (
b00000000000000000000000011111100 +
#3565
1"
b00000000000000000000000011111100 )
b00000000000000000000000100000000 *
b00000000000000000000000100000000 +
#3566
0"
b10 $
1%
b00000000000000000000001000011100 &
b00000000000000000000001000011100 '
b00000000000000000000000110111000 (
b00000000000000000000001000011100 +
0,
#3567
1"
#3568
0"
b00 $
0%
b00000000000000000000001001101100 &
b00000000000000000000001001010100 '
b00000000000000000000001100100100 (
b00000000000000000000000100000000 +
1,
#3569
1"
b00000000000000000000000100000000 )
b00000000000000000000000100000100 *
b00000000000000000000000100000100 +
#3570
0"
b11 $
b00000000000000000000000010100100 &
b00000000000000000000001000011000 '
b00000000000000000000000010010100 (
b00000000000000000000000010100100 +
#3571
1"
b00000000000000000000000010100100 )
b00000000000000000000000010101000 *
#3572
0"
b01 $
b00000000000000000000001100010000 &
b00000000000000000000001011110000 '
b00000000000000000000000110010100 (
b00000000000000000000000110010100 +
#3573
1"
b00000000000000000000000110010100 )
b00000000000000000000000110011000 *
#3574
0"
b00000000000000000000001010011100 &
b00000000000000000000001011011100 '
b00000000000000000000001111001100 (
b00000000000000000000001111001100 +
#3575
1"
b00000000000000000000001111001100 )
b00000000000000000000001111010000 *
#3576
0"
b10 $
b00000000000000000000000100111100 &
b00000000000000000000001110000000 '
b00000000000000000000001110100100 (
b00000000000000000000001110000000 +
#3577
1"
b00000000000000000000001110000000 )
b00000000000000000000001110000100 *
#3578
0"
b01 $
1%
b00000000000000000000001000100000 &
b00000000000000000000001100100100 '
b00000000000000000000001010111000 (
b00000000000000000000001010111000 +
0,
#3579
1"
#3580
0"
b10 $
b00000000000000000000001010111100 &
b00000000000000000000001001000100 '
b00000000000000000000000100001100 (
b00000000000000000000001001000100 +
#3581
1"
#3582
0"
b00 $
0%
b00000000000000000000000101100100 &
b00000000000000000000001010000100 '
b00000000000000000000000101011000 (
b00000000000000000000001110000100 +
1,
#3583
1"
b00000000000000000000001110000100 )
b00000000000000000000001110001000 *
b00000000000000000000001110001000 +
#3584
0"
b10 $
b00000000000000000000001110011000 &
b00000000000000000000000100001000 '
b00000000000000000000001110011000 (
b00000000000000000000000100001000 +
#3585
1"
b00000000000000000000000100001000 )
b00000000000000000000000100001100 *
#3586
0"
b11 $
b00000000000000000000000011110000 &
b00000000000000000000001111001100 '
b00000000000000000000001110001100 (
b00000000000000000000000011110000 +
#3587
1"
b00000000000000000000000011110000 )
b00000000000000000000000011110100 *
#3588
0"
b00 $
1%
b00000000000000000000000101111100 &
b00000000000000000000000111111100 '
b00000000000000000000001011100100 (
b00000000000000000000000011110100 +
0,
#3589
1"
#3590
0"
b00000000000000000000001110000000 &
b00000000000000000000001101000000 '
b00000000000000000000001000101000 (
#3591
1"
#3592
0"
b11 $
b00000000000000000000000011011100 &
b00000000000000000000000011111000 '
b00000000000000000000000101100000 (
b00000000000000000000000011011100 +
#3593
1"
#3594
0"
b10 $
0%
b00000000000000000000000010100100 &
b00000000000000000000001101010000 '
b00000000000000000000000101011100 (
b00000000000000000000001101010000 +
1,
#3595
1"
b00000000000000000000001101010000 )
b00000000000000000000001101010100 *
#3596
0"
b11 $
b00000000000000000000001000000100 &
b00000000000000000000000110011000 '
b00000000000000000000001001010100 (
b00000000000000000000001000000100 +
#3597
1"
b00000000000000000000001000000100 )
b00000000000000000000001000001000 *
#3598
0"
1%
b00000000000000000000001100000100 &
b00000000000000000000001010010000 '
b00000000000000000000001010010000 (
b00000000000000000000001100000100 +
0,
#3599
1"
#3600
0"
b00 $
0%
b00000000000000000000000111110100 &
b00000000000000000000000000010000 '
b00000000000000000000000101001100 (
b00000000000000000000001000001000 +
1,
#3601
1"
b00000000000000000000001000001000 )
b00000000000000000000001000001100 *
b00000000000000000000001000001100 +
#3602
0"
b11 $
b00000000000000000000000001010000 &
b00000000000000000000000001011100 '
b00000000000000000000000001110100 (
b00000000000000000000000001010000 +
#3603
1"
b00000000000000000000000001010000 )
b00000000000000000000000001010100 *
#3604
0"
b10 $
b00000000000000000000001110010000 &
b00000000000000000000001101011000 '
b00000000000000000000001110010000 (
b00000000000000000000001101011000 +
#3605
1"
b00000000000000000000001101011000 )
b00000000000000000000001101011100 *
#3606
0"
b00 $
b00000000000000000000001001101000 &
b00000000000000000000000110010100 '
b00000000000000000000000010010000 (
b00000000000000000000001101011100 +
#3607
1"
b00000000000000000000001101011100 )
b00000000000000000000001101100000 *
b00000000000000000000001101100000 +
#3608
0"
b01 $
1%
b00000000000000000000000111011100 &
b00000000000000000000000111001000 '
b00000000000000000000000100101100 (
b00000000000000000000000100101100 +
0,
#3609
1"
#3610
0"
b00 $
0%
b00000000000000000000001111110000 &
b00000000000000000000001100110100 '
b00000000000000000000000111111000 (
b00000000000000000000001101100000 +
1,
#3611
1"
b00000000000000000000001101100000 )
b00000000000000000000001101100100 *
b00000000000000000000001101100100 +
#3612
0"
b01 $
1%
b00000000000000000000000101001000 &
b00000000000000000000000001111000 '
b00000000000000000000000111010100 (
b00000000000000000000000111010100 +
0,
#3613
1"
#3614
0"
b00000000000000000000001100001000 &
b00000000000000000000001011101000 '
b00000000000000000000000110110100 (
b00000000000000000000000110110100 +
#3615
1"
#3616
0"
b11 $
0%
b00000000000000000000000001001100 &
b00000000000000000000001100001100 '
b00000000000000000000000010111000 (
b00000000000000000000000001001100 +
1,
#3617
1"
b00000000000000000000000001001100 )
b00000000000000000000000001010000 *
#3618
0"
b00 $
1%
b00000000000000000000000111111100 &
b00000000000000000000001001001000 '
b00000000000000000000000110010100 (
b00000000000000000000000001010000 +
0,
#3619
1"
#3620
0"
b11 $
0%
b00000000000000000000000100101000 &
b00000000000000000000000001101000 '
b00000000000000000000001111011000 (
b00000000000000000000000100101000 +
1,
#3621
1"
b00000000000000000000000100101000 )
b00000000000000000000000100101100 *
#3622
0"
b01 $
b00000000000000000000001101000000 &
b00000000000000000000001001000100 '
b00000000000000000000001111001100 (
b00000000000000000000001111001100 +
#3623
1"
b00000000000000000000001111001100 )
b00000000000000000000001111010000 *
#3624
0"
b10 $
b00000000000000000000000110010100 &
b00000000000000000000001010000000 '
b00000000000000000000000101000100 (
b00000000000000000000001010000000 +
#3625
1"
b00000000000000000000001010000000 )
b00000000000000000000001010000100 *
#3626
0"
b00000000000000000000001010011000 &
b00000000000000000000001001110000 '
b00000000000000000000000000000000 (
b00000000000000000000001001110000 +
#3627
1"
b00000000000000000000001001110000 )
b00000000000000000000001001110100 *
#3628
0"
b11 $
1%
b00000000000000000000000101100000 &
b00000000000000000000000010011100 '
b00000000000000000000000011111000 (
b00000000000000000000000101100000 +
0,
#3629
1"
#3630
0"
b00000000000000000000000011111000 &
b00000000000000000000000000011000 '
b00000000000000000000001011000100 (
b00000000000000000000000011111000 +
#3631
1"
#3632
0"
b00000000000000000000000011010100 &
b00000000000000000000001110110100 '
b00000000000000000000001100010000 (
b00000000000000000000000011010100 +
#3633
1"
#3634
0"
b00 $
0%
b00000000000000000000001110101000 &
b00000000000000000000001111110000 '
b00000000000000000000000001001100 (
b00000000000000000000001001110100 +
1,
#3635
1"
b00000000000000000000001001110100 )
b00000000000000000000001001111000 *
b00000000000000000000001001111000 +
#3636
0"
b10 $
1%
b00000000000000000000000100011000 &
b00000000000000000000000100001100 '
b00000000000000000000001110101100 (
b00000000000000000000000100001100 +
0,
#3637
1"
#3638
0"
b11 $
b00000000000000000000000011000100 &
b00000000000000000000000011110100 '
b00000000000000000000001011101000 (
b00000000000000000000000011000100 +
#3639
1"
#3640
0"
b01 $
b00000000000000000000000011010100 &
b00000000000000000000001000101000 '
b00000000000000000000000111100000 (
b00000000000000000000000111100000 +
#3641
1"
#3642
0"
b00 $
b00000000000000000000001001011100 &
b00000000000000000000001011001000 '
b00000000000000000000000001011100 (
b00000000000000000000001001111000 +
#3643
1"
#3644
0"
b00000000000000000000001100000000 &
b00000000000000000000000111111000 '
b00000000000000000000000100001000 (
#3645
1"
#3646
0"
0%
b00000000000000000000001100010000 &
b00000000000000000000000110111100 '
b00000000000000000000001010011000 (
1,
#3647
1"
b00000000000000000000001001111000 )
b00000000000000000000001001111100 *
b00000000000000000000001001111100 +
#3648
0"
b11 $
1%
b00000000000000000000001111000100 &
b00000000000000000000000001110100 '
b00000000000000000000001001000000 (
b00000000000000000000001111000100 +
0,
#3649
1"
#3650
0"
b01 $
0%
b00000000000000000000001010110100 &
b00000000000000000000000000111000 '
b00000000000000000000001111001000 (
b00000000000000000000001111001000 +
1,
#3651
1"
b00000000000000000000001111001000 )
b00000000000000000000001111001100 *
#3652
0"
b11 $
b00000000000000000000000100001100 &
b00000000000000000000001001110100 '
b00000000000000000000001100101000 (
b00000000000000000000000100001100 +
#3653
1"
b00000000000000000000000100001100 )
b00000000000000000000000100010000 *
#3654
0"
1%
b00000000000000000000001101101100 &
b00000000000000000000000101001000 '
b00000000000000000000001100001100 (
b00000000000000000000001101101100 +
0,
#3655
1"
#3656
0"
b10 $
0%
b00000000000000000000000001100000 &
b00000000000000000000001011001000 '
b00000000000000000000000001100000 (
b00000000000000000000001011001000 +
1,
#3657
1"
b00000000000000000000001011001000 )
b00000000000000000000001011001100 *
#3658
0"
1%
b00000000000000000000001100001000 &
b00000000000000000000000001111000 '
b00000000000000000000001010011000 (
b00000000000000000000000001111000 +
0,
#3659
1"
#3660
0"
b01 $
b00000000000000000000001111001100 &
b00000000000000000000000101101000 '
b00000000000000000000000001001100 (
b00000000000000000000000001001100 +
#3661
1"
#3662
0"
b11 $
b00000000000000000000001100011100 &
b00000000000000000000000011000000 '
b00000000000000000000000100011000 (
b00000000000000000000001100011100 +
#3663
1"
#3664
0"
b01 $
0%
b00000000000000000000001000011000 &
b00000000000000000000001111110000 '
b00000000000000000000000011010100 (
b00000000000000000000000011010100 +
1,
#3665
1"
b00000000000000000000000011010100 )
b00000000000000000000000011011000 *
#3666
0"
b00 $
1%
b00000000000000000000000100011000 &
b00000000000000000000000010101100 '
b00000000000000000000000000100100 (
b00000000000000000000000011011000 +
0,
#3667
1"
#3668
0"
b01 $
b00000000000000000000001010010000 &
b00000000000000000000000010000100 '
b00000000000000000000001100111100 (
b00000000000000000000001100111100 +
#3669
1"
#3670
0"
b00 $
b00000000000000000000000000011000 &
b00000000000000000000000111111100 '
b00000000000000000000001001100100 (
b00000000000000000000000011011000 +
#3671
1"
#3672
0"
0%
b00000000000000000000001000111000 &
b00000000000000000000001001111100 '
b00000000000000000000000100001000 (
1,
#3673
1"
b00000000000000000000000011011000 )
b00000000000000000000000011011100 *
b00000000000000000000000011011100 +
#3674
0"
b01 $
b00000000000000000000000111101000 &
b00000000000000000000000110100100 '
b00000000000000000000000101001100 (
b00000000000000000000000101001100 +
#3675
1"
b00000000000000000000000101001100 )
b00000000000000000000000101010000 *
#3676
0"
b00 $
b00000000000000000000001110101100 &
b00000000000000000000000100011000 '
b00000000000000000000000001111100 (
b00000000000000000000000101010000 +
#3677
1"
b00000000000000000000000101010000 )
b00000000000000000000000101010100 *
b00000000000000000000000101010100 +
#3678
0"
b00000000000000000000001101011000 &
b00000000000000000000000110011000 '
b00000000000000000000001100000100 (
#3679
1"
b00000000000000000000000101010100 )
b00000000000000000000000101011000 *
b00000000000000000000000101011000 +
#3680
0"
1%
b00000000000000000000001101111000 &
b00000000000000000000001000010000 '
b00000000000000000000001001000000 (
0,
#3681
1"
#3682
0"
b01 $
0%
b00000000000000000000000000101100 &
b00000000000000000000001011010000 '
b00000000000000000000001011111100 (
b00000000000000000000001011111100 +
1,
#3683
1"
b00000000000000000000001011111100 )
b00000000000000000000001100000000 *
#3684
0"
b00 $
b00000000000000000000001010011100 &
b00000000000000000000000011001000 '
b00000000000000000000000000000000 (
b00000000000000000000001100000000 +
#3685
1"
b00000000000000000000001100000000 )
b00000000000000000000001100000100 *
b00000000000000000000001100000100 +
#3686
0"
b10 $
b00000000000000000000000010001000 &
b00000000000000000000000110010000 '
b00000000000000000000000011110100 (
b00000000000000000000000110010000 +
#3687
1"
b00000000000000000000000110010000 )
b00000000000000000000000110010100 *
#3688
0"
b01 $
b00000000000000000000000101111100 &
b00000000000000000000000110000000 '
b00000000000000000000000110101000 (
b00000000000000000000000110101000 +
#3689
1"
b00000000000000000000000110101000 )
b00000000000000000000000110101100 *
#3690
0"
b10 $
b00000000000000000000000000000000 &
b00000000000000000000000101010100 '
b00000000000000000000001110011000 (
b00000000000000000000000101010100 +
#3691
1"
b00000000000000000000000101010100 )
b00000000000000000000000101011000 *
#3692
0"
b01 $
1%
b00000000000000000000000101010100 &
b00000000000000000000001001111100 '
b00000000000000000000001011100100 (
b00000000000000000000001011100100 +
0,
#3693
1"
#3694
0"
0%
b00000000000000000000001111100100 &
b00000000000000000000001111000000 '
b00000000000000000000000000000000 (
b00000000000000000000000000000000 +
1,
#3695
1"
b00000000000000000000000000000000 )
b00000000000000000000000000000100 *
#3696
0"
b00000000000000000000000110000100 &
b00000000000000000000000110000000 '
b00000000000000000000001100011100 (
b00000000000000000000001100011100 +
#3697
1"
b00000000000000000000001100011100 )
b00000000000000000000001100100000 *
#3698
0"
b00000000000000000000001001101100 &
b00000000000000000000001000001100 '
b00000000000000000000001010111000 (
b00000000000000000000001010111000 +
#3699
1"
b00000000000000000000001010111000 )
b00000000000000000000001010111100 *
#3700
0"
b00 $
1%
b00000000000000000000001101001000 &
b00000000000000000000000011011100 '
b00000000000000000000000101100100 (
b00000000000000000000001010111100 +
0,
#3701
1"
#3702
0"
0%
b00000000000000000000001101101000 &
b00000000000000000000000011110000 '
b00000000000000000000000000101100 (
1,
#3703
1"
b00000000000000000000001010111100 )
b00000000000000000000001011000000 *
b00000000000000000000001011000000 +
#3704
0"
1%
b00000000000000000000000100000000 &
b00000000000000000000000001011000 '
b00000000000000000000001001110000 (
0,
#3705
1"
#3706
0"
b01 $
b00000000000000000000001110100100 &
b00000000000000000000001111001000 '
b00000000000000000000001110110000 (
b00000000000000000000001110110000 +
#3707
1"
#3708
0"
b00000000000000000000001000000000 &
b00000000000000000000000100101000 '
b00000000000000000000000000110000 (
b00000000000000000000000000110000 +
#3709
1"
#3710
0"
b11 $
b00000000000000000000000101011000 &
b00000000000000000000001110001000 '
b00000000000000000000000010111100 (
b00000000000000000000000101011000 +
#3711
1"
#3712
0"
b01 $
0%
b00000000000000000000000010100000 &
b00000000000000000000001101011100 '
b00000000000000000000001111001000 (
b00000000000000000000001111001000 +
1,
#3713
1"
b00000000000000000000001111001000 )
b00000000000000000000001111001100 *
#3714
0"
b00000000000000000000001010100000 &
b00000000000000000000000101101100 '
b00000000000000000000000101000000 (
b00000000000000000000000101000000 +
#3715
1"
b00000000000000000000000101000000 )
b00000000000000000000000101000100 *
#3716
0"
b11 $
b00000000000000000000000100111000 &
b00000000000000000000001111001100 '
b00000000000000000000000011001000 (
b00000000000000000000000100111000 +
#3717
1"
b00000000000000000000000100111000 )
b00000000000000000000000100111100 *
#3718
0"
b10 $
b00000000000000000000000010110100 &
b00000000000000000000001101001100 '
b00000000000000000000001101111000 (
b00000000000000000000001101001100 +
#3719
1"
b00000000000000000000001101001100 )
b00000000000000000000001101010000 *
#3720
0"
b01 $
1%
b00000000000000000000001000101000 &
b00000000000000000000001001101000 '
b00000000000000000000000000011100 (
b00000000000000000000000000011100 +
0,
#3721
1"
#3722
0"
b10 $
b00000000000000000000001011001100 &
b00000000000000000000001110110000 '
b00000000000000000000001100010000 (
b00000000000000000000001110110000 +
#3723
1"
#3724
0"
b00000000000000000000000111111000 &
b00000000000000000000000000101000 '
b00000000000000000000001100100100 (
b00000000000000000000000000101000 +
#3725
1"
#3726
0"
b00 $
b00000000000000000000001101110100 &
b00000000000000000000000001100000 '
b00000000000000000000001110011100 (
b00000000000000000000001101010000 +
#3727
1"
#3728
0"
b01 $
b00000000000000000000000000001100 &
b00000000000000000000000111101100 '
b00000000000000000000001011111000 (
b00000000000000000000001011111000 +
#3729
1"
#3730
0"
0%
b00000000000000000000001010101000 &
b00000000000000000000000110001000 '
b00000000000000000000000011100100 (
b00000000000000000000000011100100 +
1,
#3731
1"
b00000000000000000000000011100100 )
b00000000000000000000000011101000 *
#3732
0"
b00000000000000000000001111011000 &
b00000000000000000000000001001100 '
b00000000000000000000000001011000 (
b00000000000000000000000001011000 +
#3733
1"
b00000000000000000000000001011000 )
b00000000000000000000000001011100 *
#3734
0"
b10 $
1%
b00000000000000000000001111011100 &
b00000000000000000000001011000100 '
b00000000000000000000001001010100 (
b00000000000000000000001011000100 +
0,
#3735
1"
#3736
0"
b11 $
b00000000000000000000001000011100 &
b00000000000000000000000011101000 '
b00000000000000000000001001110100 (
b00000000000000000000001000011100 +
#3737
1"
#3738
0"
b00 $
0%
b00000000000000000000000010100000 &
b00000000000000000000000010110100 '
b00000000000000000000001100001100 (
b00000000000000000000000001011100 +
1,
#3739
1"
b00000000000000000000000001011100 )
b00000000000000000000000001100000 *
b00000000000000000000000001100000 +
#3740
0"
b11 $
b00000000000000000000001000111000 &
b00000000000000000000000001001000 '
b00000000000000000000001101011000 (
b00000000000000000000001000111000 +
#3741
1"
b00000000000000000000001000111000 )
b00000000000000000000001000111100 *
#3742
0"
b01 $
1%
b00000000000000000000000011110000 &
b00000000000000000000001111011100 '
b00000000000000000000001010101000 (
b00000000000000000000001010101000 +
0,
#3743
1"
#3744
0"
0%
b00000000000000000000000010011000 &
b00000000000000000000000110110000 '
b00000000000000000000001001001100 (
b00000000000000000000001001001100 +
1,
#3745
1"
b00000000000000000000001001001100 )
b00000000000000000000001001010000 *
#3746
0"
b00 $
b00000000000000000000000011110000 &
b00000000000000000000000011001100 '
b00000000000000000000000001101100 (
b00000000000000000000001001010000 +
#3747
1"
b00000000000000000000001001010000 )
b00000000000000000000001001010100 *
b00000000000000000000001001010100 +
#3748
0"
b10 $
1%
b00000000000000000000001010111000 &
b00000000000000000000000101100100 '
b00000000000000000000000010100100 (
b00000000000000000000000101100100 +
0,
#3749
1"
#3750
0"
b11 $
b00000000000000000000001101001100 &
b00000000000000000000000111001100 '
b00000000000000000000001101011000 (
b00000000000000000000001101001100 +
#3751
1"
#3752
0"
b10 $
b00000000000000000000000011000000 &
b00000000000000000000000010010100 '
b00000000000000000000001001010100 (
b00000000000000000000000010010100 +
#3753
1"
#3754
0"
0%
b00000000000000000000001101110100 &
b00000000000000000000000100001000 '
b00000000000000000000000110100100 (
b00000000000000000000000100001000 +
1,
#3755
1"
b00000000000000000000000100001000 )
b00000000000000000000000100001100 *
#3756
0"
b11 $
b00000000000000000000001110101000 &
b00000000000000000000001010110100 '
b00000000000000000000000010010000 (
b00000000000000000000001110101000 +
#3757
1"
b00000000000000000000001110101000 )
b00000000000000000000001110101100 *
#3758
0"
b01 $
1%
b00000000000000000000001000111000 &
b00000000000000000000001011101000 '
b00000000000000000000000001110000 (
b00000000000000000000000001110000 +
0,
#3759
1"
#3760
0"
0%
b00000000000000000000000000101100 &
b00000000000000000000000101011100 '
b00000000000000000000001110010100 (
b00000000000000000000001110010100 +
1,
#3761
1"
b00000000000000000000001110010100 )
b00000000000000000000001110011000 *
#3762
0"
b00 $
b00000000000000000000001000111000 &
b00000000000000000000000000100000 '
b00000000000000000000000001010100 (
b00000000000000000000001110011000 +
#3763
1"
b00000000000000000000001110011000 )
b00000000000000000000001110011100 *
b00000000000000000000001110011100 +
#3764
0"
b00000000000000000000001001100000 &
b00000000000000000000001001010000 '
b00000000000000000000001100001100 (
#3765
1"
b00000000000000000000001110011100 )
b00000000000000000000001110100000 *
b00000000000000000000001110100000 +
#3766
0"
b10 $
1%
b00000000000000000000000011010100 &
b00000000000000000000000000101100 '
b00000000000000000000001101110100 (
b00000000000000000000000000101100 +
0,
#3767
1"
#3768
0"
b11 $
0%
b00000000000000000000001001010100 &
b00000000000000000000001000100100 '
b00000000000000000000000011111100 (
b00000000000000000000001001010100 +
1,
#3769
1"
b00000000000000000000001001010100 )
b00000000000000000000001001011000 *
#3770
0"
b01 $
b00000000000000000000000010100000 &
b00000000000000000000000100011100 '
b00000000000000000000001100000000 (
b00000000000000000000001100000000 +
#3771
1"
b00000000000000000000001100000000 )
b00000000000000000000001100000100 *
#3772
0"
b00 $
b00000000000000000000000100110000 &
b00000000000000000000000101000000 '
b00000000000000000000000100011100 (
b00000000000000000000001100000100 +
#3773
1"
b00000000000000000000001100000100 )
b00000000000000000000001100001000 *
b00000000000000000000001100001000 +
#3774
0"
b01 $
b00000000000000000000001110100100 &
b00000000000000000000001011111100 '
b00000000000000000000001000110000 (
b00000000000000000000001000110000 +
#3775
1"
b00000000000000000000001000110000 )
b00000000000000000000001000110100 *
#3776
0"
b11 $
1%
b00000000000000000000000010101100 &
b00000000000000000000001001011100 '
b00000000000000000000001011100000 (
b00000000000000000000000010101100 +
0,
#3777
1"
#3778
0"
b10 $
b00000000000000000000000101001100 &
b00000000000000000000000010010000 '
b00000000000000000000001101000000 (
b00000000000000000000000010010000 +
#3779
1"
#3780
0"
b00 $
b00000000000000000000000110001000 &
b00000000000000000000001100011000 '
b00000000000000000000000100110000 (
b00000000000000000000001000110100 +
#3781
1"
#3782
0"
b01 $
b00000000000000000000000101001000 &
b00000000000000000000001100100100 '
b00000000000000000000001100011100 (
b00000000000000000000001100011100 +
#3783
1"
#3784
0"
b11 $
0%
b00000000000000000000001011011100 &
b00000000000000000000000101111100 '
b00000000000000000000000101111000 (
b00000000000000000000001011011100 +
1,
#3785
1"
b00000000000000000000001011011100 )
b00000000000000000000001011100000 *
#3786
0"
1%
b00000000000000000000001110001000 &
b00000000000000000000001110100000 '
b00000000000000000000000101000000 (
b00000000000000000000001110001000 +
0,
#3787
1"
#3788
0"
b00000000000000000000000111010000 &
b00000000000000000000001001101000 '
b00000000000000000000000111111100 (
b00000000000000000000000111010000 +
#3789
1"
#3790
0"
b00 $
0%
b00000000000000000000000100010000 &
b00000000000000000000000111111100 '
b00000000000000000000001010110000 (
b00000000000000000000001011100000 +
1,
#3791
1"
b00000000000000000000001011100000 )
b00000000000000000000001011100100 *
b00000000000000000000001011100100 +
#3792
0"
b01 $
1%
b00000000000000000000000110111100 &
b00000000000000000000000111011100 '
b00000000000000000000000111010100 (
b00000000000000000000000111010100 +
0,
#3793
1"
#3794
0"
b11 $
b00000000000000000000001111010100 &
b00000000000000000000000000111000 '
b00000000000000000000001110001000 (
b00000000000000000000001111010100 +
#3795
1"
#3796
0"
b00 $
b00000000000000000000001111000000 &
b00000000000000000000000111001100 '
b00000000000000000000001000000000 (
b00000000000000000000001011100100 +
#3797
1"
#3798
0"
b10 $
0%
b00000000000000000000000001000100 &
b00000000000000000000000011000100 '
b00000000000000000000000101101100 (
b00000000000000000000000011000100 +
1,
#3799
1"
b00000000000000000000000011000100 )
b00000000000000000000000011001000 *
#3800
0"
b00000000000000000000000100001000 &
b00000000000000000000001101011000 '
b00000000000000000000000011101000 (
b00000000000000000000001101011000 +
#3801
1"
b00000000000000000000001101011000 )
b00000000000000000000001101011100 *
#3802
0"
b01 $
b00000000000000000000001100001000 &
b00000000000000000000000000011000 '
b00000000000000000000001000000100 (
b00000000000000000000001000000100 +
#3803
1"
b00000000000000000000001000000100 )
b00000000000000000000001000001000 *
#3804
0"
b11 $
1%
b00000000000000000000000011000000 &
b00000000000000000000001101111000 '
b00000000000000000000001001001000 (
b00000000000000000000000011000000 +
0,
#3805
1"
#3806
0"
b10 $
0%
b00000000000000000000001010101100 &
b00000000000000000000001001101100 '
b00000000000000000000001010100000 (
b00000000000000000000001001101100 +
1,
#3807
1"
b00000000000000000000001001101100 )
b00000000000000000000001001110000 *
#3808
0"
1%
b00000000000000000000001100100100 &
b00000000000000000000000111111000 '
b00000000000000000000001100101000 (
b00000000000000000000000111111000 +
0,
#3809
1"
#3810
0"
b01 $
b00000000000000000000000011110100 &
b00000000000000000000000101101100 '
b00000000000000000000001111111000 (
b00000000000000000000001111111000 +
#3811
1"
#3812
0"
b00 $
b00000000000000000000001001111000 &
b00000000000000000000001101101000 '
b00000000000000000000001001001100 (
b00000000000000000000001001110000 +
#3813
1"
#3814
0"
0%
b00000000000000000000001001010100 &
b00000000000000000000001001101000 '
b00000000000000000000001010001000 (
1,
#3815
1"
b00000000000000000000001001110000 )
b00000000000000000000001001110100 *
b00000000000000000000001001110100 +
#3816
0"
b10 $
1%
b00000000000000000000001011110100 &
b00000000000000000000000100011000 '
b00000000000000000000001110100000 (
b00000000000000000000000100011000 +
0,
#3817
1"
#3818
0"
b11 $
0%
b00000000000000000000001000001000 &
b00000000000000000000001111101100 '
b00000000000000000000001000011100 (
b00000000000000000000001000001000 +
1,
#3819
1"
b00000000000000000000001000001000 )
b00000000000000000000001000001100 *
#3820
0"
b10 $
1%
b00000000000000000000001101111000 &
b00000000000000000000001111001100 '
b00000000000000000000000000011100 (
b00000000000000000000001111001100 +
0,
#3821
1"
#3822
0"
b01 $
0%
b00000000000000000000001101010000 &
b00000000000000000000001110011000 '
b00000000000000000000001001011100 (
b00000000000000000000001001011100 +
1,
#3823
1"
b00000000000000000000001001011100 )
b00000000000000000000001001100000 *
#3824
0"
b10 $
b00000000000000000000000101010000 &
b00000000000000000000000111000000 '
b00000000000000000000000101100000 (
b00000000000000000000000111000000 +
#3825
1"
b00000000000000000000000111000000 )
b00000000000000000000000111000100 *
#3826
0"
b11 $
b00000000000000000000001111010000 &
b00000000000000000000000111110000 '
b00000000000000000000001110001100 (
b00000000000000000000001111010000 +
#3827
1"
b00000000000000000000001111010000 )
b00000000000000000000001111010100 *
#3828
0"
b10 $
b00000000000000000000001110110000 &
b00000000000000000000000101001100 '
b00000000000000000000001101100100 (
b00000000000000000000000101001100 +
#3829
1"
b00000000000000000000000101001100 )
b00000000000000000000000101010000 *
#3830
0"
b00 $
1%
b00000000000000000000001100010100 &
b00000000000000000000000101011000 '
b00000000000000000000001001111000 (
b00000000000000000000000101010000 +
0,
#3831
1"
#3832
0"
b01 $
0%
b00000000000000000000000010011100 &
b00000000000000000000000010101100 '
b00000000000000000000000111001100 (
b00000000000000000000000111001100 +
1,
#3833
1"
b00000000000000000000000111001100 )
b00000000000000000000000111010000 *
#3834
0"
b10 $
b00000000000000000000001011000000 &
b00000000000000000000000000001100 '
b00000000000000000000001011101000 (
b00000000000000000000000000001100 +
#3835
1"
b00000000000000000000000000001100 )
b00000000000000000000000000010000 *
#3836
0"
b11 $
1%
b00000000000000000000000011100000 &
b00000000000000000000001001110000 '
b00000000000000000000000100011000 (
b00000000000000000000000011100000 +
0,
#3837
1"
#3838
0"
b01 $
b00000000000000000000001000111000 &
b00000000000000000000001000010100 '
b00000000000000000000000000000000 (
b00000000000000000000000000000000 +
#3839
1"
#3840
0"
0%
b00000000000000000000001001001000 &
b00000000000000000000000101111000 '
b00000000000000000000000110111100 (
b00000000000000000000000110111100 +
1,
#3841
1"
b00000000000000000000000110111100 )
b00000000000000000000000111000000 *
#3842
0"
b11 $
b00000000000000000000000001001000 &
b00000000000000000000000011000100 '
b00000000000000000000001000100100 (
b00000000000000000000000001001000 +
#3843
1"
b00000000000000000000000001001000 )
b00000000000000000000000001001100 *
#3844
0"
b00 $
b00000000000000000000000000100100 &
b00000000000000000000001101011100 '
b00000000000000000000001010100100 (
b00000000000000000000000001001100 +
#3845
1"
b00000000000000000000000001001100 )
b00000000000000000000000001010000 *
b00000000000000000000000001010000 +
#3846
0"
b01 $
b00000000000000000000000111111000 &
b00000000000000000000000010110100 '
b00000000000000000000000000100100 (
b00000000000000000000000000100100 +
#3847
1"
b00000000000000000000000000100100 )
b00000000000000000000000000101000 *
#3848
0"
b00 $
b00000000000000000000001101111000 &
b00000000000000000000000111000100 '
b00000000000000000000000001000000 (
b00000000000000000000000000101000 +
#3849
1"
b00000000000000000000000000101000 )
b00000000000000000000000000101100 *
b00000000000000000000000000101100 +
#3850
0"
b00000000000000000000001001010000 &
b00000000000000000000001011001100 '
b00000000000000000000001000011100 (
#3851
1"
b00000000000000000000000000101100 )
b00000000000000000000000000110000 *
b00000000000000000000000000110000 +
#3852
0"
b00000000000000000000001010001100 &
b00000000000000000000000010011000 '
b00000000000000000000001000001000 (
#3853
1"
b00000000000000000000000000110000 )
b00000000000000000000000000110100 *
b00000000000000000000000000110100 +
#3854
0"
b11 $
b00000000000000000000001011010100 &
b00000000000000000000000010010100 '
b00000000000000000000001100001100 (
b00000000000000000000001011010100 +
#3855
1"
b00000000000000000000001011010100 )
b00000000000000000000001011011000 *
#3856
0"
b10 $
b00000000000000000000000100000100 &
b00000000000000000000000100011100 '
b00000000000000000000001010110100 (
b00000000000000000000000100011100 +
#3857
1"
b00000000000000000000000100011100 )
b00000000000000000000000100100000 *
#3858
0"
b00000000000000000000001011001100 &
b00000000000000000000000110100000 '
b00000000000000000000001111000100 (
b00000000000000000000000110100000 +
#3859
1"
b00000000000000000000000110100000 )
b00000000000000000000000110100100 *
#3860
0"
b00 $
1%
b00000000000000000000000110011000 &
b00000000000000000000001001101100 '
b00000000000000000000000001001000 (
b00000000000000000000000110100100 +
0,
#3861
1"
#3862
0"
b10 $
b00000000000000000000000001010000 &
b00000000000000000000000000101000 '
b00000000000000000000000111001000 (
b00000000000000000000000000101000 +
#3863
1"
#3864
0"
b11 $
0%
b00000000000000000000001001011100 &
b00000000000000000000000011111100 '
b00000000000000000000001100010100 (
b00000000000000000000001001011100 +
1,
#3865
1"
b00000000000000000000001001011100 )
b00000000000000000000001001100000 *
#3866
0"
b01 $
b00000000000000000000000101011100 &
b00000000000000000000001100111000 '
b00000000000000000000000111011100 (
b00000000000000000000000111011100 +
#3867
1"
b00000000000000000000000111011100 )
b00000000000000000000000111100000 *
#3868
0"
b10 $
b00000000000000000000000100110100 &
b00000000000000000000000101101100 '
b00000000000000000000000101010000 (
b00000000000000000000000101101100 +
#3869
1"
b00000000000000000000000101101100 )
b00000000000000000000000101110000 *
#3870
0"
b11 $
1%
b00000000000000000000000001100000 &
b00000000000000000000001010111000 '
b00000000000000000000001010111000 (
b00000000000000000000000001100000 +
0,
#3871
1"
#3872
0"
b10 $
b00000000000000000000000100111100 &
b00000000000000000000000111000000 '
b00000000000000000000000000011000 (
b00000000000000000000000111000000 +
#3873
1"
#3874
0"
b01 $
0%
b00000000000000000000001100010100 &
b00000000000000000000000111010100 '
b00000000000000000000001111000100 (
b00000000000000000000001111000100 +
1,
#3875
1"
b00000000000000000000001111000100 )
b00000000000000000000001111001000 *
#3876
0"
b00 $
b00000000000000000000001000111100 &
b00000000000000000000001100111100 '
b00000000000000000000000100111100 (
b00000000000000000000001111001000 +
#3877
1"
b00000000000000000000001111001000 )
b00000000000000000000001111001100 *
b00000000000000000000001111001100 +
#3878
0"
b00000000000000000000001010000100 &
b00000000000000000000001010101100 '
b00000000000000000000001011011100 (
#3879
1"
b00000000000000000000001111001100 )
b00000000000000000000001111010000 *
b00000000000000000000001111010000 +
#3880
0"
b01 $
1%
b00000000000000000000001100001100 &
b00000000000000000000000110011000 '
b00000000000000000000000010000000 (
b00000000000000000000000010000000 +
0,
#3881
1"
#3882
0"
b11 $
b00000000000000000000000110011000 &
b00000000000000000000000011000000 '
b00000000000000000000000001000000 (
b00000000000000000000000110011000 +
#3883
1"
#3884
0"
b00 $
0%
b00000000000000000000000111101100 &
b00000000000000000000000110001100 '
b00000000000000000000001010101000 (
b00000000000000000000001111010000 +
1,
#3885
1"
b00000000000000000000001111010000 )
b00000000000000000000001111010100 *
b00000000000000000000001111010100 +
#3886
0"
b01 $
b00000000000000000000001001000000 &
b00000000000000000000000100011000 '
b00000000000000000000000011100100 (
b00000000000000000000000011100100 +
#3887
1"
b00000000000000000000000011100100 )
b00000000000000000000000011101000 *
#3888
0"
b00000000000000000000000100100100 &
b00000000000000000000000001000100 '
b00000000000000000000000100110100 (
b00000000000000000000000100110100 +
#3889
1"
b00000000000000000000000100110100 )
b00000000000000000000000100111000 *
#3890
0"
1%
b00000000000000000000000011011000 &
b00000000000000000000000011101000 '
b00000000000000000000000001000100 (
b00000000000000000000000001000100 +
0,
#3891
1"
#3892
0"
b00000000000000000000001101011000 &
b00000000000000000000001011000000 '
b00000000000000000000001011101000 (
b00000000000000000000001011101000 +
#3893
1"
#3894
0"
b11 $
0%
b00000000000000000000000001101100 &
b00000000000000000000000101110100 '
b00000000000000000000001111100000 (
b00000000000000000000000001101100 +
1,
#3895
1"
b00000000000000000000000001101100 )
b00000000000000000000000001110000 *
#3896
0"
1%
b00000000000000000000000011001000 &
b00000000000000000000001010011000 '
b00000000000000000000001101010000 (
b00000000000000000000000011001000 +
0,
#3897
1"
#3898
0"
b00 $
b00000000000000000000001001100000 &
b00000000000000000000000110110000 '
b00000000000000000000000110111000 (
b00000000000000000000000001110000 +
#3899
1"
#3900
0"
b01 $
0%
b00000000000000000000001110110000 &
b00000000000000000000000001101000 '
b00000000000000000000001111111100 (
b00000000000000000000001111111100 +
1,
#3901
1"
b00000000000000000000001111111100 )
b00000000000000000000010000000000 *
#3902
0"
b10 $
1%
b00000000000000000000000110010000 &
b00000000000000000000000111000000 '
b00000000000000000000001110111000 (
b00000000000000000000000111000000 +
0,
#3903
1"
#3904
0"
b01 $
b00000000000000000000000100000100 &
b00000000000000000000000100110000 '
b00000000000000000000000000110100 (
b00000000000000000000000000110100 +
#3905
1"
#3906
0"
b11 $
b00000000000000000000001101010100 &
b00000000000000000000000001011100 '
b00000000000000000000001010000000 (
b00000000000000000000001101010100 +
#3907
1"
#3908
0"
b01 $
0%
b00000000000000000000000001000100 &
b00000000000000000000001111111100 '
b00000000000000000000001110100100 (
b00000000000000000000001110100100 +
1,
#3909
1"
b00000000000000000000001110100100 )
b00000000000000000000001110101000 *
#3910
0"
1%
b00000000000000000000000001000000 &
b00000000000000000000000111110100 '
b00000000000000000000000100100000 (
b00000000000000000000000100100000 +
0,
#3911
1"
#3912
0"
b10 $
0%
b00000000000000000000000011011000 &
b00000000000000000000000110101100 '
b00000000000000000000000110100000 (
b00000000000000000000000110101100 +
1,
#3913
1"
b00000000000000000000000110101100 )
b00000000000000000000000110110000 *
#3914
0"
b01 $
1%
b00000000000000000000000001110000 &
b00000000000000000000001001100100 '
b00000000000000000000000001010100 (
b00000000000000000000000001010100 +
0,
#3915
1"
#3916
0"
b10 $
b00000000000000000000000111001000 &
b00000000000000000000000100101100 '
b00000000000000000000000101101100 (
b00000000000000000000000100101100 +
#3917
1"
#3918
0"
b11 $
b00000000000000000000001001111000 &
b00000000000000000000000101010100 '
b00000000000000000000000101111000 (
b00000000000000000000001001111000 +
#3919
1"
#3920
0"
b10 $
0%
b00000000000000000000001010000000 &
b00000000000000000000000100111100 '
b00000000000000000000000010001000 (
b00000000000000000000000100111100 +
1,
#3921
1"
b00000000000000000000000100111100 )
b00000000000000000000000101000000 *
#3922
0"
b01 $
b00000000000000000000001111110100 &
b00000000000000000000001001101000 '
b00000000000000000000001011000100 (
b00000000000000000000001011000100 +
#3923
1"
b00000000000000000000001011000100 )
b00000000000000000000001011001000 *
#3924
0"
b00000000000000000000001111111100 &
b00000000000000000000000111101100 '
b00000000000000000000001000001100 (
b00000000000000000000001000001100 +
#3925
1"
b00000000000000000000001000001100 )
b00000000000000000000001000010000 *
#3926
0"
b11 $
b00000000000000000000000010100000 &
b00000000000000000000001000001100 '
b00000000000000000000000100101000 (
b00000000000000000000000010100000 +
#3927
1"
b00000000000000000000000010100000 )
b00000000000000000000000010100100 *
#3928
0"
b01 $
1%
b00000000000000000000000101100100 &
b00000000000000000000001010111100 '
b00000000000000000000001101100100 (
b00000000000000000000001101100100 +
0,
#3929
1"
#3930
0"
b00 $
b00000000000000000000000010000000 &
b00000000000000000000000101001000 '
b00000000000000000000001000010000 (
b00000000000000000000000010100100 +
#3931
1"
#3932
0"
b10 $
0%
b00000000000000000000001010011000 &
b00000000000000000000000001111000 '
b00000000000000000000001101111100 (
b00000000000000000000000001111000 +
1,
#3933
1"
b00000000000000000000000001111000 )
b00000000000000000000000001111100 *
#3934
0"
b00 $
b00000000000000000000000001001100 &
b00000000000000000000001100011000 '
b00000000000000000000000100001000 (
b00000000000000000000000001111100 +
#3935
1"
b00000000000000000000000001111100 )
b00000000000000000000000010000000 *
b00000000000000000000000010000000 +
#3936
0"
1%
b00000000000000000000000101101000 &
b00000000000000000000001100001100 '
b00000000000000000000001000011100 (
0,
#3937
1"
#3938
0"
b10 $
0%
b00000000000000000000000011011100 &
b00000000000000000000000000011000 '
b00000000000000000000001010111000 (
b00000000000000000000000000011000 +
1,
#3939
1"
b00000000000000000000000000011000 )
b00000000000000000000000000011100 *
#3940
0"
b01 $
b00000000000000000000000011101100 &
b00000000000000000000001101101000 '
b00000000000000000000001111001100 (
b00000000000000000000001111001100 +
#3941
1"
b00000000000000000000001111001100 )
b00000000000000000000001111010000 *
#3942
0"
b00 $
b00000000000000000000000010001000 &
b00000000000000000000000011010000 '
b00000000000000000000001110000000 (
b00000000000000000000001111010000 +
#3943
1"
b00000000000000000000001111010000 )
b00000000000000000000001111010100 *
b00000000000000000000001111010100 +
#3944
0"
b10 $
b00000000000000000000000111000000 &
b00000000000000000000000100110100 '
b00000000000000000000001101000100 (
b00000000000000000000000100110100 +
#3945
1"
b00000000000000000000000100110100 )
b00000000000000000000000100111000 *
#3946
0"
b11 $
1%
b00000000000000000000000111100100 &
b00000000000000000000000110001000 '
b00000000000000000000001101101100 (
b00000000000000000000000111100100 +
0,
#3947
1"
#3948
0"
0%
b00000000000000000000001110011100 &
b00000000000000000000000001010100 '
b00000000000000000000001110100100 (
b00000000000000000000001110011100 +
1,
#3949
1"
b00000000000000000000001110011100 )
b00000000000000000000001110100000 *
#3950
0"
b10 $
1%
b00000000000000000000000001010000 &
b00000000000000000000001010010100 '
b00000000000000000000001111101000 (
b00000000000000000000001010010100 +
0,
#3951
1"
#3952
0"
b00000000000000000000000011111000 &
b00000000000000000000001111110100 '
b00000000000000000000000000000100 (
b00000000000000000000001111110100 +
#3953
1"
#3954
0"
b01 $
0%
b00000000000000000000001001000000 &
b00000000000000000000000101010000 '
b00000000000000000000000100011000 (
b00000000000000000000000100011000 +
1,
#3955
1"
b00000000000000000000000100011000 )
b00000000000000000000000100011100 *
#3956
0"
b00 $
b00000000000000000000001111100100 &
b00000000000000000000001110000100 '
b00000000000000000000000100011100 (
b00000000000000000000000100011100 +
#3957
1"
b00000000000000000000000100011100 )
b00000000000000000000000100100000 *
b00000000000000000000000100100000 +
#3958
0"
b10 $
b00000000000000000000000101110100 &
b00000000000000000000000100001100 '
b00000000000000000000001001001100 (
b00000000000000000000000100001100 +
#3959
1"
b00000000000000000000000100001100 )
b00000000000000000000000100010000 *
#3960
0"
b00 $
b00000000000000000000001011100100 &
b00000000000000000000000001111100 '
b00000000000000000000000001001100 (
b00000000000000000000000100010000 +
#3961
1"
b00000000000000000000000100010000 )
b00000000000000000000000100010100 *
b00000000000000000000000100010100 +
#3962
0"
b11 $
1%
b00000000000000000000000000011100 &
b00000000000000000000001011011100 '
b00000000000000000000000011001100 (
b00000000000000000000000000011100 +
0,
#3963
1"
#3964
0"
b01 $
b00000000000000000000000101101000 &
b00000000000000000000000011111100 '
b00000000000000000000000111011000 (
b00000000000000000000000111011000 +
#3965
1"
#3966
0"
b11 $
0%
b00000000000000000000001000100000 &
b00000000000000000000001110101100 '
b00000000000000000000001100010000 (
b00000000000000000000001000100000 +
1,
#3967
1"
b00000000000000000000001000100000 )
b00000000000000000000001000100100 *
#3968
0"
b00000000000000000000001011111100 &
b00000000000000000000001100100000 '
b00000000000000000000000011110100 (
b00000000000000000000001011111100 +
#3969
1"
b00000000000000000000001011111100 )
b00000000000000000000001100000000 *
#3970
0"
b10 $
b00000000000000000000000110110100 &
b00000000000000000000000110001100 '
b00000000000000000000001101010100 (
b00000000000000000000000110001100 +
#3971
1"
b00000000000000000000000110001100 )
b00000000000000000000000110010000 *
#3972
0"
b00 $
b00000000000000000000001101001100 &
b00000000000000000000001011101000 '
b00000000000000000000001011101100 (
b00000000000000000000000110010000 +
#3973
1"
b00000000000000000000000110010000 )
b00000000000000000000000110010100 *
b00000000000000000000000110010100 +
#3974
0"
b10 $
1%
b00000000000000000000000100100100 &
b00000000000000000000001110110100 '
b00000000000000000000000001010000 (
b00000000000000000000001110110100 +
0,
#3975
1"
#3976
0"
b00 $
0%
b00000000000000000000001000110100 &
b00000000000000000000001101011000 '
b00000000000000000000000010110100 (
b00000000000000000000000110010100 +
1,
#3977
1"
b00000000000000000000000110010100 )
b00000000000000000000000110011000 *
b00000000000000000000000110011000 +
#3978
0"
b11 $
1%
b00000000000000000000001001111000 &
b00000000000000000000001000110000 '
b00000000000000000000000001110100 (
b00000000000000000000001001111000 +
0,
#3979
1"
#3980
0"
b10 $
b00000000000000000000000111100100 &
b00000000000000000000000010000100 '
b00000000000000000000000010001100 (
b00000000000000000000000010000100 +
#3981
1"
#3982
0"
0%
b00000000000000000000001011010100 &
b00000000000000000000000010001100 '
b00000000000000000000001000101100 (
b00000000000000000000000010001100 +
1,
#3983
1"
b00000000000000000000000010001100 )
b00000000000000000000000010010000 *
#3984
0"
b00000000000000000000000010011100 &
b00000000000000000000000101110100 '
b00000000000000000000001101111000 (
b00000000000000000000000101110100 +
#3985
1"
b00000000000000000000000101110100 )
b00000000000000000000000101111000 *
#3986
0"
b11 $
1%
b00000000000000000000000011101100 &
b00000000000000000000000010110000 '
b00000000000000000000000011000100 (
b00000000000000000000000011101100 +
0,
#3987
1"
#3988
0"
0%
b00000000000000000000000001111100 &
b00000000000000000000001101110000 '
b00000000000000000000000111111000 (
b00000000000000000000000001111100 +
1,
#3989
1"
b00000000000000000000000001111100 )
b00000000000000000000000010000000 *
#3990
0"
b01 $
1%
b00000000000000000000001010111100 &
b00000000000000000000001110101100 '
b00000000000000000000000110101100 (
b00000000000000000000000110101100 +
0,
#3991
1"
#3992
0"
b00 $
b00000000000000000000001100011000 &
b00000000000000000000000100010100 '
b00000000000000000000000110111100 (
b00000000000000000000000010000000 +
#3993
1"
#3994
0"
b01 $
b00000000000000000000001001011100 &
b00000000000000000000001001111000 '
b00000000000000000000000001111100 (
b00000000000000000000000001111100 +
#3995
1"
#3996
0"
b10 $
0%
b00000000000000000000000100001100 &
b00000000000000000000000100101000 '
b00000000000000000000001000010100 (
b00000000000000000000000100101000 +
1,
#3997
1"
b00000000000000000000000100101000 )
b00000000000000000000000100101100 *
#3998
0"
b01 $
1%
b00000000000000000000001100100100 &
b00000000000000000000000101110000 '
b00000000000000000000000101100100 (
b00000000000000000000000101100100 +
0,
#3999
1"
#4000
0"
b10 $
b00000000000000000000000000000100 &
b00000000000000000000000001100100 '
b00000000000000000000001000011100 (
b00000000000000000000000001100100 +
#4001
1"
#4002
0"
b11 $
0%
b00000000000000000000000110011000 &
b00000000000000000000000010111000 '
b00000000000000000000000101000100 (
b00000000000000000000000110011000 +
1,
#4003
1"
b00000000000000000000000110011000 )
b00000000000000000000000110011100 *
#4004
0"
b10 $
1%
b00000000000000000000001001111100 &
b00000000000000000000001001100000 '
b00000000000000000000000100000000 (
b00000000000000000000001001100000 +
0,
#4005
1"
#4006
0"
0%
b00000000000000000000000011110000 &
b00000000000000000000001010010100 '
b00000000000000000000000010000000 (
b00000000000000000000001010010100 +
1,
#4007
1"
b00000000000000000000001010010100 )
b00000000000000000000001010011000 *
#4008
0"
b11 $
1%
b00000000000000000000000100100100 &
b00000000000000000000001001111000 '
b00000000000000000000000001000100 (
b00000000000000000000000100100100 +
0,
#4009
1"
#4010
0"
b10 $
b00000000000000000000000011111000 &
b00000000000000000000001001011100 '
b00000000000000000000000001101100 (
b00000000000000000000001001011100 +
#4011
1"
#4012
0"
b11 $
b00000000000000000000001100011000 &
b00000000000000000000001001100000 '
b00000000000000000000001010101100 (
b00000000000000000000001100011000 +
#4013
1"
#4014
0"
b01 $
b00000000000000000000000001000100 &
b00000000000000000000001011001100 '
b00000000000000000000000100011000 (
b00000000000000000000000100011000 +
#4015
1"
#4016
0"
b11 $
b00000000000000000000000100000100 &
b00000000000000000000000000001000 '
b00000000000000000000000001111000 (
b00000000000000000000000100000100 +
#4017
1"
#4018
0"
b01 $
0%
b00000000000000000000001010000000 &
b00000000000000000000001011110100 '
b00000000000000000000001011010100 (
b00000000000000000000001011010100 +
1,
#4019
1"
b00000000000000000000001011010100 )
b00000000000000000000001011011000 *
#4020
0"
b00 $
b00000000000000000000000111110000 &
b00000000000000000000000000100100 '
b00000000000000000000001011011000 (
b00000000000000000000001011011000 +
#4021
1"
b00000000000000000000001011011000 )
b00000000000000000000001011011100 *
b00000000000000000000001011011100 +
#4022
0"
b10 $
b00000000000000000000000111010100 &
b00000000000000000000001100110000 '
b00000000000000000000000110111100 (
b00000000000000000000001100110000 +
#4023
1"
b00000000000000000000001100110000 )
b00000000000000000000001100110100 *
#4024
0"
b00 $
b00000000000000000000000000000100 &
b00000000000000000000000101011000 '
b00000000000000000000001111110000 (
b00000000000000000000001100110100 +
#4025
1"
b00000000000000000000001100110100 )
b00000000000000000000001100111000 *
b00000000000000000000001100111000 +
#4026
0"
1%
b00000000000000000000000001010000 &
b00000000000000000000001011110100 '
b00000000000000000000000101011100 (
0,
#4027
1"
#4028
0"
b10 $
0%
b00000000000000000000001101110000 &
b00000000000000000000001001101100 '
b00000000000000000000000010001000 (
b00000000000000000000001001101100 +
1,
#4029
1"
b00000000000000000000001001101100 )
b00000000000000000000001001110000 *
#4030
0"
b00000000000000000000000011001000 &
b00000000000000000000001001101000 '
b00000000000000000000001101101000 (
b00000000000000000000001001101000 +
#4031
1"
b00000000000000000000001001101000 )
b00000000000000000000001001101100 *
#4032
0"
b11 $
1%
b00000000000000000000001111001000 &
b00000000000000000000000110010000 '
b00000000000000000000000110010000 (
b00000000000000000000001111001000 +
0,
#4033
1"
#4034
0"
b01 $
0%
b00000000000000000000000011110000 &
b00000000000000000000000001111000 '
b00000000000000000000001011111000 (
b00000000000000000000001011111000 +
1,
#4035
1"
b00000000000000000000001011111000 )
b00000000000000000000001011111100 *
#4036
0"
b00 $
1%
b00000000000000000000000010001000 &
b00000000000000000000001010110100 '
b00000000000000000000000000010100 (
b00000000000000000000001011111100 +
0,
#4037
1"
#4038
0"
b11 $
b00000000000000000000001010100100 &
b00000000000000000000000011001100 '
b00000000000000000000000001011000 (
b00000000000000000000001010100100 +
#4039
1"
#4040
0"
b00 $
b00000000000000000000000011011100 &
b00000000000000000000001101110000 '
b00000000000000000000000010100000 (
b00000000000000000000001011111100 +
#4041
1"
#4042
0"
b01 $
b00000000000000000000000100010000 &
b00000000000000000000001000110000 '
b00000000000000000000000111000100 (
b00000000000000000000000111000100 +
#4043
1"
#4044
0"
b10 $
b00000000000000000000001100110000 &
b00000000000000000000000001000100 '
b00000000000000000000001101011100 (
b00000000000000000000000001000100 +
#4045
1"
#4046
0"
b01 $
0%
b00000000000000000000001100100100 &
b00000000000000000000000110110100 '
b00000000000000000000001101100000 (
b00000000000000000000001101100000 +
1,
#4047
1"
b00000000000000000000001101100000 )
b00000000000000000000001101100100 *
